{"stats":{"minecraft:mined":{"minecraft:crafting_table":1,"minecraft:granite":2,"minecraft:short_grass":1,"minecraft:deepslate_gold_ore":4,"minecraft:cobbled_deepslate":2,"minecraft:birch_leaves":1,"minecraft:deepslate_lapis_ore":5,"minecraft:oak_log":75,"minecraft:deepslate_iron_ore":15,"minecraft:stone":17,"minecraft:oak_leaves":9,"minecraft:deepslate":14},"minecraft:crafted":{"minecraft:wooden_sword":1,"minecraft:oak_planks":72,"minecraft:cooked_porkchop":1,"minecraft:crafting_table":1,"minecraft:wooden_pickaxe":1,"minecraft:furnace":1,"minecraft:stone_axe":1,"minecraft:air":0,"minecraft:charcoal":28,"minecraft:stick":52,"minecraft:stone_pickaxe":1,"minecraft:wooden_axe":1,"minecraft:torch":112},"minecraft:broken":{"minecraft:wooden_axe":1},"minecraft:killed":{"minecraft:creeper":1,"minecraft:zombie":2},"minecraft:dropped":{"minecraft:wooden_sword":1},"minecraft:used":{"minecraft:stone_pickaxe":29,"minecraft:chest":1,"minecraft:wooden_pickaxe":26,"minecraft:crafting_table":2,"minecraft:granite":3,"minecraft:wooden_axe":55,"minecraft:apple":1,"minecraft:iron_pickaxe":4,"minecraft:stone_axe":26,"minecraft:furnace":1,"minecraft:oak_sapling":11,"minecraft:cooked_porkchop":1,"minecraft:cobbled_deepslate":15},"minecraft:killed_by":{"minecraft:drowned":1},"minecraft:custom":{"minecraft:interact_with_furnace":21,"minecraft:mob_kills":3,"minecraft:interact_with_crafting_table":7,"minecraft:open_barrel":1,"minecraft:time_since_death":28199,"minecraft:time_since_rest":28232,"minecraft:sprint_one_cm":55462,"minecraft:damage_taken":415,"minecraft:walk_one_cm":127520,"minecraft:drop":1,"minecraft:damage_dealt":588,"minecraft:swim_one_cm":5753,"minecraft:fly_one_cm":40367,"minecraft:open_chest":6,"minecraft:crouch_one_cm":1629,"minecraft:play_time":29964,"minecraft:deaths":1,"minecraft:sneak_time":575,"minecraft:walk_under_water_one_cm":804,"minecraft:jump":563,"minecraft:walk_on_water_one_cm":2141,"minecraft:total_world_time":29964,"minecraft:fall_one_cm":8534},"minecraft:picked_up":{"minecraft:wooden_axe":1,"minecraft:crafting_table":2,"minecraft:iron_chestplate":1,"minecraft:diamond_sword":1,"minecraft:enchanted_book":2,"minecraft:tuff":39,"minecraft:oak_log":75,"minecraft:shield":2,"minecraft:lapis_lazuli":41,"minecraft:dirt":6,"minecraft:iron_axe":1,"minecraft:wooden_sword":1,"minecraft:apple":1,"minecraft:cobbled_deepslate":297,"minecraft:raw_gold":4,"minecraft:iron_ingot":1,"minecraft:stone_pickaxe":2,"minecraft:iron_pickaxe":2,"minecraft:chest":1,"minecraft:oak_planks":19,"minecraft:furnace":1,"minecraft:stick":6,"minecraft:raw_iron":16,"minecraft:torch":1,"minecraft:redstone":14,"minecraft:stone_axe":1,"minecraft:granite":23,"minecraft:oak_sapling":30,"minecraft:coal":51,"minecraft:cobblestone":220,"minecraft:diamond_pickaxe":1}},"DataVersion":3839}