{"stats":{"minecraft:mined":{"minecraft:large_amethyst_bud":5,"minecraft:tuff":62,"minecraft:white_bed":2,"minecraft:deepslate_diamond_ore":25,"minecraft:oak_door":2,"minecraft:budding_amethyst":2,"minecraft:granite":7,"minecraft:grass_block":128,"minecraft:birch_slab":1,"minecraft:spawner":1,"minecraft:carrots":1,"minecraft:iron_ore":89,"minecraft:cobbled_deepslate":11,"minecraft:andesite":45,"minecraft:deepslate_lapis_ore":12,"minecraft:potatoes":1,"minecraft:cave_vines":2,"minecraft:deepslate_iron_ore":44,"minecraft:rail":1,"minecraft:small_amethyst_bud":1,"minecraft:stone":220,"minecraft:birch_stairs":3,"minecraft:deepslate_redstone_ore":24,"minecraft:glass_pane":4,"minecraft:medium_amethyst_bud":1,"minecraft:amethyst_cluster":10,"minecraft:crafting_table":1,"minecraft:torch":5,"minecraft:short_grass":6,"minecraft:calcite":62,"minecraft:chest":1,"minecraft:cobblestone":4,"minecraft:copper_ore":1,"minecraft:deepslate_gold_ore":28,"minecraft:lapis_ore":1,"minecraft:oak_planks":44,"minecraft:diorite":16,"minecraft:wall_torch":12,"minecraft:amethyst_block":46,"minecraft:birch_sapling":2,"minecraft:birch_planks":40,"minecraft:birch_log":293,"minecraft:birch_leaves":14,"minecraft:copper_block":2,"minecraft:oak_log":75,"minecraft:coal_ore":120,"minecraft:gravel":17,"minecraft:sand":8,"minecraft:dirt":62,"minecraft:smooth_basalt":12,"minecraft:birch_fence":6,"minecraft:oak_leaves":16,"minecraft:deepslate":682},"minecraft:crafted":{"minecraft:wooden_sword":1,"minecraft:oak_door":3,"minecraft:oak_planks":72,"minecraft:iron_nugget":36,"minecraft:spyglass":9,"minecraft:birch_slab":24,"minecraft:furnace":45,"minecraft:stone":45,"minecraft:bone_meal":24,"minecraft:glass_pane":16,"minecraft:glass":6,"minecraft:lantern":4,"minecraft:stone_brick_slab":24,"minecraft:diamond_helmet":1,"minecraft:iron_boots":1,"minecraft:bow":1,"minecraft:diamond_leggings":1,"minecraft:iron_axe":2,"minecraft:iron_hoe":1,"minecraft:stone_pickaxe":1,"minecraft:chest":3,"minecraft:diamond_boots":1,"minecraft:birch_door":3,"minecraft:stone_bricks":44,"minecraft:cooked_porkchop":9,"minecraft:crafting_table":3,"minecraft:wooden_pickaxe":1,"minecraft:iron_helmet":1,"minecraft:copper_ingot":18,"minecraft:bucket":2,"minecraft:birch_planks":380,"minecraft:stone_axe":1,"minecraft:air":0,"minecraft:white_wool":3,"minecraft:iron_chestplate":1,"minecraft:charcoal":177,"minecraft:diamond_pickaxe":1,"minecraft:birch_fence":48,"minecraft:stick":124,"minecraft:iron_ingot":90,"minecraft:iron_pickaxe":4,"minecraft:wooden_axe":1,"minecraft:iron_leggings":1,"minecraft:gold_ingot":28,"minecraft:white_bed":1,"minecraft:birch_stairs":16,"minecraft:torch":240,"minecraft:diamond_chestplate":1},"minecraft:broken":{"minecraft:stone_pickaxe":2,"minecraft:iron_axe":1,"minecraft:iron_pickaxe":4,"minecraft:wooden_axe":1},"minecraft:killed":{"minecraft:cave_spider":4,"minecraft:spider":4,"minecraft:phantom":1,"minecraft:skeleton":13,"minecraft:pig":7,"minecraft:creeper":3,"minecraft:zombie":11},"minecraft:used":{"minecraft:chest":5,"minecraft:shield":33,"minecraft:stone":1,"minecraft:rotten_flesh":9,"minecraft:oak_door":5,"minecraft:torch":240,"minecraft:dirt":85,"minecraft:spyglass":16,"minecraft:carrot":25,"minecraft:tuff":5,"minecraft:granite":4,"minecraft:birch_door":5,"minecraft:iron_hoe":13,"minecraft:stone_brick_slab":24,"minecraft:wooden_axe":55,"minecraft:lantern":8,"minecraft:iron_axe":442,"minecraft:birch_sapling":43,"minecraft:stone_bricks":32,"minecraft:bow":3,"minecraft:oak_sapling":11,"minecraft:furnace":3,"minecraft:potato":1,"minecraft:cobbled_deepslate":129,"minecraft:water_bucket":3,"minecraft:diorite":6,"minecraft:amethyst_block":46,"minecraft:birch_planks":141,"minecraft:stone_pickaxe":264,"minecraft:oak_planks":3,"minecraft:wooden_pickaxe":26,"minecraft:glow_berries":41,"minecraft:sand":2,"minecraft:rail":2,"minecraft:crafting_table":4,"minecraft:blast_furnace":1,"minecraft:white_bed":3,"minecraft:smoker":1,"minecraft:birch_fence":51,"minecraft:diamond_pickaxe":183,"minecraft:apple":1,"minecraft:birch_slab":26,"minecraft:bread":2,"minecraft:iron_pickaxe":1065,"minecraft:gravel":4,"minecraft:stone_axe":74,"minecraft:cobblestone":32,"minecraft:cooked_porkchop":8,"minecraft:bucket":4,"minecraft:andesite":3,"minecraft:glass_pane":9,"minecraft:bone_meal":24,"minecraft:birch_stairs":19},"minecraft:dropped":{"minecraft:iron_ingot":22,"minecraft:bread":6,"minecraft:cooked_porkchop":4,"minecraft:cobblestone":241,"minecraft:glow_berries":1,"minecraft:granite":3,"minecraft:flint":1,"minecraft:birch_fence":3,"minecraft:diorite":9,"minecraft:iron_leggings":1,"minecraft:wooden_sword":1,"minecraft:gold_ingot":4,"minecraft:smooth_basalt":12,"minecraft:gravel":23,"minecraft:furnace":42,"minecraft:stone_axe":1,"minecraft:spyglass":2,"minecraft:cobbled_deepslate":169,"minecraft:raw_copper":2,"minecraft:tuff":54,"minecraft:birch_sapling":1,"minecraft:iron_boots":1,"minecraft:gunpowder":1,"minecraft:iron_chestplate":1,"minecraft:andesite":47,"minecraft:spider_eye":6,"minecraft:calcite":62},"minecraft:killed_by":{"minecraft:drowned":1},"minecraft:custom":{"minecraft:mob_kills":44,"minecraft:animals_bred":4,"minecraft:interact_with_crafting_table":86,"minecraft:open_barrel":1,"minecraft:leave_game":1,"minecraft:time_since_death":262491,"minecraft:climb_one_cm":281,"minecraft:sprint_one_cm":387179,"minecraft:walk_one_cm":1232057,"minecraft:damage_blocked_by_shield":1400,"minecraft:drop":53,"minecraft:play_time":264256,"minecraft:deaths":1,"minecraft:sneak_time":8772,"minecraft:walk_under_water_one_cm":7583,"minecraft:jump":3619,"minecraft:interact_with_blast_furnace":32,"minecraft:walk_on_water_one_cm":17471,"minecraft:total_world_time":264256,"minecraft:interact_with_furnace":81,"minecraft:sleep_in_bed":4,"minecraft:time_since_rest":43,"minecraft:damage_taken":1453,"minecraft:damage_dealt":7718,"minecraft:fly_one_cm":284789,"minecraft:swim_one_cm":19591,"minecraft:open_chest":67,"minecraft:crouch_one_cm":25419,"minecraft:interact_with_smoker":22,"minecraft:fall_one_cm":66226},"minecraft:picked_up":{"minecraft:wooden_axe":1,"minecraft:birch_door":2,"minecraft:crafting_table":2,"minecraft:iron_chestplate":1,"minecraft:diamond_sword":1,"minecraft:enchanted_book":2,"minecraft:diamond_horse_armor":1,"minecraft:shield":2,"minecraft:amethyst_block":46,"minecraft:iron_axe":1,"minecraft:string":20,"minecraft:raw_copper":2,"minecraft:wooden_sword":1,"minecraft:birch_fence":6,"minecraft:glass_pane":7,"minecraft:cobbled_deepslate":984,"minecraft:calcite":62,"minecraft:iron_pickaxe":3,"minecraft:chest":2,"minecraft:birch_sapling":86,"minecraft:furnace":1,"minecraft:raw_iron":134,"minecraft:stick":85,"minecraft:oak_door":4,"minecraft:torch":29,"minecraft:porkchop":15,"minecraft:diorite":15,"minecraft:carrot":34,"minecraft:redstone":222,"minecraft:arrow":25,"minecraft:rotten_flesh":11,"minecraft:gold_ingot":8,"minecraft:glow_berries":25,"minecraft:rail":2,"minecraft:cobblestone":429,"minecraft:birch_log":293,"minecraft:birch_slab":2,"minecraft:andesite":50,"minecraft:copper_block":2,"minecraft:smoker":1,"minecraft:potato":3,"minecraft:birch_planks":44,"minecraft:flint":1,"minecraft:tuff":98,"minecraft:oak_log":75,"minecraft:gunpowder":1,"minecraft:lapis_lazuli":154,"minecraft:dirt":248,"minecraft:lantern":4,"minecraft:name_tag":1,"minecraft:bone":16,"minecraft:apple":1,"minecraft:bow":3,"minecraft:raw_gold":52,"minecraft:iron_ingot":61,"minecraft:stone_pickaxe":2,"minecraft:oak_planks":63,"minecraft:smooth_basalt":12,"minecraft:cooked_porkchop":10,"minecraft:birch_stairs":3,"minecraft:spyglass":1,"minecraft:gravel":27,"minecraft:sand":8,"minecraft:amethyst_shard":51,"minecraft:blast_furnace":1,"minecraft:white_bed":2,"minecraft:spider_eye":6,"minecraft:diamond":36,"minecraft:stone_axe":1,"minecraft:granite":27,"minecraft:golden_apple":2,"minecraft:bread":8,"minecraft:oak_sapling":30,"minecraft:melon_seeds":2,"minecraft:coal":170,"minecraft:diamond_pickaxe":2}},"DataVersion":3839}