{"stats":{"minecraft:mined":{"minecraft:deepslate_redstone_ore":11,"minecraft:large_amethyst_bud":4,"minecraft:tuff":21,"minecraft:deepslate_diamond_ore":16,"minecraft:medium_amethyst_bud":1,"minecraft:amethyst_cluster":8,"minecraft:budding_amethyst":2,"minecraft:crafting_table":1,"minecraft:torch":5,"minecraft:granite":7,"minecraft:short_grass":1,"minecraft:calcite":62,"minecraft:copper_ore":1,"minecraft:cobblestone":3,"minecraft:lapis_ore":1,"minecraft:deepslate_gold_ore":21,"minecraft:oak_planks":17,"minecraft:diorite":16,"minecraft:wall_torch":4,"minecraft:amethyst_block":46,"minecraft:spawner":1,"minecraft:iron_ore":89,"minecraft:cobbled_deepslate":2,"minecraft:andesite":37,"minecraft:birch_leaves":1,"minecraft:deepslate_lapis_ore":5,"minecraft:coal_ore":120,"minecraft:oak_log":75,"minecraft:small_amethyst_bud":1,"minecraft:deepslate_iron_ore":39,"minecraft:rail":1,"minecraft:gravel":12,"minecraft:smooth_basalt":12,"minecraft:stone":145,"minecraft:oak_leaves":9,"minecraft:deepslate":297},"minecraft:crafted":{"minecraft:wooden_sword":1,"minecraft:oak_planks":72,"minecraft:cooked_porkchop":1,"minecraft:crafting_table":2,"minecraft:iron_helmet":1,"minecraft:wooden_pickaxe":1,"minecraft:furnace":2,"minecraft:bone_meal":6,"minecraft:stone_axe":1,"minecraft:air":0,"minecraft:bow":1,"minecraft:iron_boots":1,"minecraft:iron_chestplate":1,"minecraft:charcoal":28,"minecraft:iron_axe":1,"minecraft:stick":76,"minecraft:iron_ingot":33,"minecraft:iron_pickaxe":2,"minecraft:stone_pickaxe":1,"minecraft:wooden_axe":1,"minecraft:gold_ingot":4,"minecraft:iron_leggings":1,"minecraft:torch":176},"minecraft:killed":{"minecraft:cave_spider":4,"minecraft:creeper":2,"minecraft:skeleton":5,"minecraft:zombie":7},"minecraft:broken":{"minecraft:stone_pickaxe":2,"minecraft:iron_pickaxe":2,"minecraft:wooden_axe":1},"minecraft:used":{"minecraft:diorite":6,"minecraft:amethyst_block":46,"minecraft:stone_pickaxe":264,"minecraft:oak_planks":1,"minecraft:shield":15,"minecraft:chest":1,"minecraft:wooden_pickaxe":26,"minecraft:rotten_flesh":6,"minecraft:torch":156,"minecraft:glow_berries":23,"minecraft:rail":2,"minecraft:crafting_table":3,"minecraft:granite":4,"minecraft:wooden_axe":55,"minecraft:apple":1,"minecraft:iron_axe":2,"minecraft:iron_pickaxe":682,"minecraft:stone_axe":74,"minecraft:cobblestone":26,"minecraft:furnace":2,"minecraft:oak_sapling":11,"minecraft:cooked_porkchop":2,"minecraft:andesite":1,"minecraft:cobbled_deepslate":34,"minecraft:bone_meal":6},"minecraft:dropped":{"minecraft:gravel":23,"minecraft:stone_axe":1,"minecraft:cobbled_deepslate":169,"minecraft:raw_copper":2,"minecraft:tuff":19,"minecraft:cobblestone":167,"minecraft:granite":3,"minecraft:diorite":9,"minecraft:andesite":35,"minecraft:spider_eye":2,"minecraft:wooden_sword":1,"minecraft:smooth_basalt":12},"minecraft:killed_by":{"minecraft:drowned":1},"minecraft:custom":{"minecraft:interact_with_furnace":37,"minecraft:mob_kills":18,"minecraft:interact_with_crafting_table":19,"minecraft:open_barrel":1,"minecraft:time_since_death":100199,"minecraft:time_since_rest":100232,"minecraft:sprint_one_cm":143005,"minecraft:damage_taken":658,"minecraft:walk_one_cm":412591,"minecraft:damage_blocked_by_shield":589,"minecraft:drop":19,"minecraft:damage_dealt":3314,"minecraft:swim_one_cm":5753,"minecraft:fly_one_cm":73606,"minecraft:open_chest":6,"minecraft:crouch_one_cm":15735,"minecraft:play_time":101964,"minecraft:deaths":1,"minecraft:sneak_time":5256,"minecraft:walk_under_water_one_cm":4954,"minecraft:jump":1280,"minecraft:walk_on_water_one_cm":5766,"minecraft:total_world_time":101964,"minecraft:fall_one_cm":18418},"minecraft:picked_up":{"minecraft:wooden_axe":1,"minecraft:crafting_table":2,"minecraft:iron_chestplate":1,"minecraft:andesite":36,"minecraft:diamond_sword":1,"minecraft:enchanted_book":2,"minecraft:flint":1,"minecraft:tuff":60,"minecraft:oak_log":75,"minecraft:gunpowder":1,"minecraft:shield":2,"minecraft:amethyst_block":46,"minecraft:lapis_lazuli":47,"minecraft:string":5,"minecraft:dirt":6,"minecraft:raw_copper":2,"minecraft:iron_axe":1,"minecraft:wooden_sword":1,"minecraft:bone":7,"minecraft:apple":1,"minecraft:bow":2,"minecraft:cobbled_deepslate":568,"minecraft:raw_gold":21,"minecraft:iron_ingot":1,"minecraft:stone_pickaxe":2,"minecraft:calcite":62,"minecraft:iron_pickaxe":2,"minecraft:chest":1,"minecraft:oak_planks":36,"minecraft:furnace":1,"minecraft:stick":6,"minecraft:raw_iron":129,"minecraft:smooth_basalt":12,"minecraft:torch":13,"minecraft:gravel":23,"minecraft:amethyst_shard":32,"minecraft:diorite":15,"minecraft:redstone":60,"minecraft:spider_eye":2,"minecraft:arrow":8,"minecraft:rotten_flesh":6,"minecraft:diamond":16,"minecraft:stone_axe":1,"minecraft:granite":27,"minecraft:oak_sapling":30,"minecraft:glow_berries":6,"minecraft:coal":170,"minecraft:rail":2,"minecraft:cobblestone":349,"minecraft:diamond_pickaxe":1}},"DataVersion":3839}