{"stats":{"minecraft:mined":{"minecraft:crafting_table":1,"minecraft:torch":1,"minecraft:granite":7,"minecraft:short_grass":1,"minecraft:copper_ore":1,"minecraft:cobblestone":3,"minecraft:lapis_ore":1,"minecraft:deepslate_gold_ore":4,"minecraft:oak_planks":17,"minecraft:diorite":16,"minecraft:wall_torch":3,"minecraft:spawner":1,"minecraft:iron_ore":89,"minecraft:cobbled_deepslate":2,"minecraft:andesite":37,"minecraft:birch_leaves":1,"minecraft:deepslate_lapis_ore":5,"minecraft:coal_ore":120,"minecraft:oak_log":75,"minecraft:deepslate_iron_ore":15,"minecraft:rail":1,"minecraft:gravel":12,"minecraft:stone":145,"minecraft:oak_leaves":9,"minecraft:deepslate":58},"minecraft:crafted":{"minecraft:wooden_sword":1,"minecraft:oak_planks":72,"minecraft:cooked_porkchop":1,"minecraft:crafting_table":2,"minecraft:iron_helmet":1,"minecraft:wooden_pickaxe":1,"minecraft:furnace":2,"minecraft:bone_meal":6,"minecraft:stone_axe":1,"minecraft:air":0,"minecraft:iron_boots":1,"minecraft:iron_chestplate":1,"minecraft:charcoal":28,"minecraft:iron_axe":1,"minecraft:stick":76,"minecraft:iron_ingot":30,"minecraft:iron_pickaxe":1,"minecraft:stone_pickaxe":1,"minecraft:wooden_axe":1,"minecraft:iron_leggings":1,"minecraft:torch":160},"minecraft:killed":{"minecraft:cave_spider":4,"minecraft:creeper":1,"minecraft:skeleton":2,"minecraft:zombie":5},"minecraft:broken":{"minecraft:stone_pickaxe":2,"minecraft:wooden_axe":1},"minecraft:dropped":{"minecraft:raw_copper":2,"minecraft:granite":3,"minecraft:diorite":5,"minecraft:andesite":35,"minecraft:spider_eye":2,"minecraft:wooden_sword":1},"minecraft:used":{"minecraft:diorite":4,"minecraft:stone_pickaxe":264,"minecraft:oak_planks":1,"minecraft:shield":6,"minecraft:chest":1,"minecraft:wooden_pickaxe":26,"minecraft:rotten_flesh":2,"minecraft:torch":58,"minecraft:glow_berries":23,"minecraft:rail":2,"minecraft:crafting_table":3,"minecraft:granite":4,"minecraft:wooden_axe":55,"minecraft:apple":1,"minecraft:iron_pickaxe":218,"minecraft:stone_axe":63,"minecraft:cobblestone":26,"minecraft:furnace":2,"minecraft:oak_sapling":11,"minecraft:cooked_porkchop":2,"minecraft:andesite":1,"minecraft:cobbled_deepslate":15,"minecraft:bone_meal":6},"minecraft:killed_by":{"minecraft:drowned":1},"minecraft:custom":{"minecraft:interact_with_furnace":32,"minecraft:mob_kills":12,"minecraft:interact_with_crafting_table":15,"minecraft:open_barrel":1,"minecraft:time_since_death":64199,"minecraft:time_since_rest":64232,"minecraft:sprint_one_cm":123701,"minecraft:damage_taken":605,"minecraft:walk_one_cm":282203,"minecraft:damage_blocked_by_shield":220,"minecraft:drop":8,"minecraft:damage_dealt":2038,"minecraft:swim_one_cm":5753,"minecraft:fly_one_cm":45554,"minecraft:open_chest":6,"minecraft:crouch_one_cm":3432,"minecraft:play_time":65964,"minecraft:deaths":1,"minecraft:sneak_time":1858,"minecraft:walk_under_water_one_cm":4954,"minecraft:jump":807,"minecraft:walk_on_water_one_cm":5766,"minecraft:total_world_time":65964,"minecraft:fall_one_cm":10912},"minecraft:picked_up":{"minecraft:wooden_axe":1,"minecraft:crafting_table":2,"minecraft:iron_chestplate":1,"minecraft:andesite":36,"minecraft:diamond_sword":1,"minecraft:enchanted_book":2,"minecraft:flint":1,"minecraft:tuff":39,"minecraft:oak_log":75,"minecraft:shield":2,"minecraft:lapis_lazuli":47,"minecraft:string":5,"minecraft:dirt":6,"minecraft:raw_copper":2,"minecraft:iron_axe":1,"minecraft:wooden_sword":1,"minecraft:bone":2,"minecraft:apple":1,"minecraft:bow":1,"minecraft:cobbled_deepslate":335,"minecraft:raw_gold":4,"minecraft:iron_ingot":1,"minecraft:stone_pickaxe":2,"minecraft:iron_pickaxe":2,"minecraft:chest":1,"minecraft:oak_planks":36,"minecraft:furnace":1,"minecraft:stick":6,"minecraft:raw_iron":105,"minecraft:torch":7,"minecraft:gravel":11,"minecraft:diorite":15,"minecraft:redstone":14,"minecraft:spider_eye":2,"minecraft:arrow":4,"minecraft:rotten_flesh":2,"minecraft:stone_axe":1,"minecraft:granite":27,"minecraft:oak_sapling":30,"minecraft:glow_berries":6,"minecraft:coal":170,"minecraft:rail":2,"minecraft:cobblestone":349,"minecraft:diamond_pickaxe":1}},"DataVersion":3839}