{"stats":{"minecraft:mined":{"minecraft:nether_gold_ore":8,"minecraft:crying_obsidian":1,"minecraft:tuff":79,"minecraft:deepslate_diamond_ore":49,"minecraft:mossy_stone_brick_slab":1,"minecraft:obsidian":21,"minecraft:granite":58,"minecraft:glow_lichen":2,"minecraft:grass_block":3,"minecraft:crimson_roots":4,"minecraft:soul_soil":4,"minecraft:spawner":1,"minecraft:tall_seagrass":1,"minecraft:magma_block":11,"minecraft:carrots":30,"minecraft:glowstone":11,"minecraft:furnace":8,"minecraft:iron_ore":56,"minecraft:fire":2,"minecraft:andesite":113,"minecraft:pumpkin":68,"minecraft:deepslate_lapis_ore":14,"minecraft:gold_block":2,"minecraft:bookshelf":4,"minecraft:potatoes":16,"minecraft:deepslate_iron_ore":36,"minecraft:rail":4,"minecraft:stone":565,"minecraft:bone_block":35,"minecraft:deepslate_redstone_ore":40,"minecraft:redstone_block":4,"minecraft:soul_sand":43,"minecraft:smoker":2,"minecraft:soul_fire":8,"minecraft:basalt":48,"minecraft:stone_brick_slab":3,"minecraft:oak_fence":2,"minecraft:crafting_table":9,"minecraft:torch":4,"minecraft:short_grass":119,"minecraft:blast_furnace":2,"minecraft:melon":39,"minecraft:lectern":1,"minecraft:tall_grass":5,"minecraft:nether_quartz_ore":4,"minecraft:cobblestone":22,"minecraft:copper_ore":8,"minecraft:deepslate_gold_ore":13,"minecraft:oak_planks":1,"minecraft:sugar_cane":50,"minecraft:diorite":43,"minecraft:wall_torch":18,"minecraft:wheat":64,"minecraft:lilac":1,"minecraft:birch_leaves":65,"minecraft:oak_log":70,"minecraft:coal_ore":156,"minecraft:sand":4,"minecraft:gravel":16,"minecraft:dirt":6,"minecraft:cobweb":47,"minecraft:fern":7,"minecraft:netherrack":306,"minecraft:gold_ore":1,"minecraft:oak_leaves":102,"minecraft:deepslate":925},"minecraft:crafted":{"minecraft:smooth_stone":11,"minecraft:oak_planks":160,"minecraft:oak_sign":3,"minecraft:furnace":8,"minecraft:blast_furnace":3,"minecraft:stone":11,"minecraft:bone_meal":352,"minecraft:bookshelf":2,"minecraft:cooked_mutton":22,"minecraft:flint_and_steel":1,"minecraft:diamond_helmet":1,"minecraft:diamond_leggings":1,"minecraft:iron_boots":2,"minecraft:iron_axe":2,"minecraft:stone_pickaxe":5,"minecraft:chest":4,"minecraft:diamond_boots":1,"minecraft:copper_block":2,"minecraft:redstone_block":17,"minecraft:smoker":3,"minecraft:cooked_beef":29,"minecraft:oak_slab":12,"minecraft:diamond_sword":1,"minecraft:cooked_porkchop":22,"minecraft:crafting_table":3,"minecraft:enchanting_table":1,"minecraft:baked_potato":28,"minecraft:iron_helmet":2,"minecraft:copper_ingot":23,"minecraft:bucket":1,"minecraft:campfire":1,"minecraft:stone_axe":1,"minecraft:bread":20,"minecraft:air":0,"minecraft:oak_boat":1,"minecraft:book":7,"minecraft:iron_chestplate":1,"minecraft:paper":21,"minecraft:diamond_pickaxe":2,"minecraft:shield":4,"minecraft:stick":128,"minecraft:iron_ingot":100,"minecraft:iron_pickaxe":3,"minecraft:iron_leggings":1,"minecraft:gold_ingot":12,"minecraft:composter":1,"minecraft:torch":472,"minecraft:shears":1,"minecraft:diamond_chestplate":1},"minecraft:broken":{"minecraft:stone_pickaxe":3,"minecraft:iron_axe":1,"minecraft:diamond_pickaxe":1,"minecraft:iron_pickaxe":2},"minecraft:killed":{"minecraft:cave_spider":1,"minecraft:witch":1,"minecraft:spider":6,"minecraft:phantom":1,"minecraft:skeleton":24,"minecraft:pig":8,"minecraft:zombie_villager":1,"minecraft:creeper":2,"minecraft:sheep":21,"minecraft:pillager":1,"minecraft:zombie":34,"minecraft:cow":62,"minecraft:enderman":1},"minecraft:used":{"minecraft:oak_fence":2,"minecraft:flint_and_steel":3,"minecraft:oak_sign":1,"minecraft:chest":3,"minecraft:shield":69,"minecraft:rotten_flesh":7,"minecraft:cooked_salmon":2,"minecraft:netherrack":8,"minecraft:torch":448,"minecraft:dirt":9,"minecraft:soul_sand":1,"minecraft:spyglass":5,"minecraft:carrot":68,"minecraft:granite":14,"minecraft:obsidian":4,"minecraft:iron_hoe":15,"minecraft:iron_axe":316,"minecraft:basalt":16,"minecraft:furnace":9,"minecraft:gold_block":2,"minecraft:potato":37,"minecraft:cobbled_deepslate":69,"minecraft:cooked_mutton":9,"minecraft:wheat_seeds":59,"minecraft:water_bucket":13,"minecraft:birch_leaves":53,"minecraft:baked_potato":28,"minecraft:ender_pearl":1,"minecraft:stone_pickaxe":489,"minecraft:oak_planks":1,"minecraft:copper_block":2,"minecraft:composter":1,"minecraft:redstone_block":4,"minecraft:sugar_cane":6,"minecraft:sand":4,"minecraft:crafting_table":10,"minecraft:blast_furnace":3,"minecraft:shears":58,"minecraft:smoker":3,"minecraft:diamond_pickaxe":1721,"minecraft:apple":1,"minecraft:melon_slice":15,"minecraft:bread":20,"minecraft:iron_pickaxe":501,"minecraft:stone_axe":1,"minecraft:diamond_sword":492,"minecraft:cobblestone":359,"minecraft:cooked_porkchop":13,"minecraft:bucket":14,"minecraft:oak_boat":4,"minecraft:bone_meal":178},"minecraft:dropped":{"minecraft:bread":8,"minecraft:iron_ingot":32,"minecraft:soul_sand":43,"minecraft:wheat_seeds":15,"minecraft:lapis_lazuli":22,"minecraft:golden_helmet":1,"minecraft:lilac":1,"minecraft:copper_block":2,"minecraft:diamond":9,"minecraft:cooked_porkchop":4,"minecraft:poisonous_potato":1,"minecraft:iron_helmet":2,"minecraft:cobblestone":82,"minecraft:apple":1,"minecraft:granite":22,"minecraft:copper_ingot":5,"minecraft:golden_apple":2,"minecraft:flint":2,"minecraft:stick":5,"minecraft:gold_block":2,"minecraft:diamond_horse_armor":2,"minecraft:birch_fence":1,"minecraft:torch":1,"minecraft:crimson_roots":8,"minecraft:iron_leggings":1,"minecraft:phantom_membrane":2,"minecraft:bone_meal":183,"minecraft:iron_pickaxe":2,"minecraft:white_wool":3,"minecraft:stone_brick_slab":2,"minecraft:redstone_block":33,"minecraft:furnace":1,"minecraft:stone_axe":1,"minecraft:sugar_cane":4,"minecraft:iron_nugget":28,"minecraft:cobbled_deepslate":101,"minecraft:raw_iron":1,"minecraft:rotten_flesh":1,"minecraft:iron_boots":2,"minecraft:smoker":2,"minecraft:glowstone_dust":28,"minecraft:mossy_stone_brick_slab":2,"minecraft:name_tag":1,"minecraft:carrot":38,"minecraft:blast_furnace":2,"minecraft:shield":1,"minecraft:iron_chestplate":1,"minecraft:andesite":79,"minecraft:oak_sapling":4,"minecraft:leather_leggings":3,"minecraft:spider_eye":1,"minecraft:arrow":8,"minecraft:stone_pickaxe":2,"minecraft:crying_obsidian":1,"minecraft:magma_block":6,"minecraft:netherrack":200},"minecraft:killed_by":{"minecraft:creeper":2},"minecraft:custom":{"minecraft:interact_with_anvil":2,"minecraft:mob_kills":165,"minecraft:interact_with_crafting_table":64,"minecraft:open_barrel":3,"minecraft:time_since_death":296967,"minecraft:sprint_one_cm":1056237,"minecraft:walk_one_cm":655781,"minecraft:damage_blocked_by_shield":2508,"minecraft:drop":206,"minecraft:play_time":359969,"minecraft:deaths":2,"minecraft:sneak_time":64394,"minecraft:walk_under_water_one_cm":30949,"minecraft:boat_one_cm":391181,"minecraft:jump":8070,"minecraft:interact_with_blast_furnace":19,"minecraft:walk_on_water_one_cm":41245,"minecraft:total_world_time":359969,"minecraft:interact_with_furnace":117,"minecraft:sleep_in_bed":3,"minecraft:time_since_rest":63433,"minecraft:damage_taken":4196,"minecraft:damage_dealt":23904,"minecraft:swim_one_cm":129720,"minecraft:fly_one_cm":1455693,"minecraft:open_chest":85,"minecraft:crouch_one_cm":130322,"minecraft:horse_one_cm":716055,"minecraft:interact_with_smoker":17,"minecraft:fall_one_cm":249626},"minecraft:picked_up":{"minecraft:crafting_table":8,"minecraft:iron_chestplate":1,"minecraft:wheat":60,"minecraft:redstone_block":20,"minecraft:leather_leggings":2,"minecraft:diamond_sword":1,"minecraft:wooden_pickaxe":1,"minecraft:gold_block":4,"minecraft:enchanted_book":1,"minecraft:diamond_horse_armor":1,"minecraft:shield":1,"minecraft:string":57,"minecraft:raw_copper":23,"minecraft:iron_axe":1,"minecraft:iron_leggings":2,"minecraft:birch_fence":1,"minecraft:cobbled_deepslate":756,"minecraft:beef":123,"minecraft:oak_boat":4,"minecraft:iron_nugget":14,"minecraft:iron_pickaxe":2,"minecraft:lectern":1,"minecraft:melon_slice":128,"minecraft:sugar_cane":97,"minecraft:phantom_membrane":2,"minecraft:furnace":50,"minecraft:iron_boots":1,"minecraft:raw_iron":92,"minecraft:stick":14,"minecraft:stone":3,"minecraft:oak_fence":2,"minecraft:torch":71,"minecraft:porkchop":15,"minecraft:diorite":43,"minecraft:carrot":98,"minecraft:redstone":156,"minecraft:rotten_flesh":40,"minecraft:arrow":27,"minecraft:mutton":22,"minecraft:obsidian":21,"minecraft:white_wool":11,"minecraft:bone_block":35,"minecraft:rail":5,"minecraft:cobblestone":765,"minecraft:birch_leaves":53,"minecraft:magma_block":6,"minecraft:lilac":1,"minecraft:basalt":39,"minecraft:andesite":146,"minecraft:leather":61,"minecraft:smoker":2,"minecraft:copper_block":2,"minecraft:potato":65,"minecraft:flint":3,"minecraft:tuff":58,"minecraft:oak_log":71,"minecraft:gunpowder":2,"minecraft:lapis_lazuli":101,"minecraft:dirt":21,"minecraft:bone":23,"minecraft:apple":2,"minecraft:wheat_seeds":236,"minecraft:raw_gold":14,"minecraft:iron_ingot":23,"minecraft:stone_pickaxe":1,"minecraft:glowstone_dust":28,"minecraft:soul_sand":43,"minecraft:oak_planks":17,"minecraft:book":12,"minecraft:cooked_porkchop":4,"minecraft:pumpkin":65,"minecraft:stone_brick_slab":2,"minecraft:sand":4,"minecraft:spyglass":1,"minecraft:poisonous_potato":1,"minecraft:gravel":15,"minecraft:blast_furnace":2,"minecraft:mossy_stone_brick_slab":2,"minecraft:crying_obsidian":1,"minecraft:spider_eye":2,"minecraft:diamond":60,"minecraft:stone_axe":1,"minecraft:iron_helmet":2,"minecraft:granite":57,"minecraft:bone_meal":9,"minecraft:golden_apple":1,"minecraft:bread":6,"minecraft:oak_sapling":51,"minecraft:netherrack":218,"minecraft:coal":341,"minecraft:crimson_roots":8,"minecraft:ender_pearl":1,"minecraft:diamond_pickaxe":1}},"DataVersion":3839}