{"stats":{"minecraft:mined":{"minecraft:furnace":1,"minecraft:deepslate_diamond_ore":2,"minecraft:iron_ore":19,"minecraft:andesite":33,"minecraft:deepslate_lapis_ore":2,"minecraft:glow_lichen":1,"minecraft:crafting_table":2,"minecraft:granite":35,"minecraft:oak_log":13,"minecraft:coal_ore":67,"minecraft:deepslate_iron_ore":5,"minecraft:dirt":6,"minecraft:cobblestone":1,"minecraft:stone":244,"minecraft:deepslate":184,"minecraft:oak_leaves":24,"minecraft:wall_torch":6},"minecraft:crafted":{"minecraft:oak_planks":52,"minecraft:iron_chestplate":1,"minecraft:shield":2,"minecraft:iron_axe":1,"minecraft:crafting_table":1,"minecraft:stick":24,"minecraft:iron_pickaxe":1,"minecraft:iron_ingot":19,"minecraft:stone_pickaxe":5,"minecraft:chest":1,"minecraft:furnace":1,"minecraft:torch":48,"minecraft:stone_axe":1,"minecraft:air":0},"minecraft:broken":{"minecraft:stone_pickaxe":3},"minecraft:dropped":{"minecraft:shield":1,"minecraft:cobblestone":10,"minecraft:stone_pickaxe":1},"minecraft:used":{"minecraft:apple":1,"minecraft:iron_axe":1,"minecraft:stone_pickaxe":433,"minecraft:iron_pickaxe":167,"minecraft:stone_axe":1,"minecraft:torch":24,"minecraft:cobblestone":19,"minecraft:crafting_table":2,"minecraft:furnace":1,"minecraft:granite":14},"minecraft:custom":{"minecraft:time_since_rest":29969,"minecraft:interact_with_furnace":13,"minecraft:sprint_one_cm":24095,"minecraft:damage_taken":160,"minecraft:walk_one_cm":44159,"minecraft:drop":12,"minecraft:damage_dealt":29,"minecraft:swim_one_cm":10642,"minecraft:interact_with_crafting_table":11,"minecraft:fly_one_cm":13223,"minecraft:crouch_one_cm":27354,"minecraft:play_time":29969,"minecraft:sneak_time":16931,"minecraft:walk_under_water_one_cm":439,"minecraft:jump":181,"minecraft:walk_on_water_one_cm":674,"minecraft:time_since_death":29969,"minecraft:total_world_time":29969,"minecraft:fall_one_cm":6422},"minecraft:picked_up":{"minecraft:raw_iron":24,"minecraft:stick":4,"minecraft:crafting_table":2,"minecraft:andesite":33,"minecraft:torch":6,"minecraft:oak_log":13,"minecraft:lapis_lazuli":11,"minecraft:dirt":6,"minecraft:apple":1,"minecraft:diamond":2,"minecraft:cobbled_deepslate":145,"minecraft:granite":34,"minecraft:oak_sapling":9,"minecraft:oak_planks":6,"minecraft:coal":67,"minecraft:cobblestone":263,"minecraft:furnace":1}},"DataVersion":3839}