{"stats":{"minecraft:mined":{"minecraft:nether_gold_ore":8,"minecraft:crying_obsidian":1,"minecraft:tuff":63,"minecraft:deepslate_diamond_ore":18,"minecraft:obsidian":5,"minecraft:granite":36,"minecraft:glow_lichen":1,"minecraft:crimson_roots":4,"minecraft:soul_soil":4,"minecraft:spawner":1,"minecraft:magma_block":2,"minecraft:carrots":26,"minecraft:glowstone":11,"minecraft:furnace":7,"minecraft:iron_ore":41,"minecraft:fire":2,"minecraft:andesite":34,"minecraft:pumpkin":1,"minecraft:deepslate_lapis_ore":2,"minecraft:gold_block":2,"minecraft:deepslate_iron_ore":9,"minecraft:rail":4,"minecraft:stone":408,"minecraft:bone_block":35,"minecraft:deepslate_redstone_ore":36,"minecraft:redstone_block":4,"minecraft:soul_sand":43,"minecraft:smoker":2,"minecraft:soul_fire":8,"minecraft:basalt":48,"minecraft:oak_fence":2,"minecraft:crafting_table":7,"minecraft:torch":2,"minecraft:short_grass":3,"minecraft:blast_furnace":2,"minecraft:nether_quartz_ore":4,"minecraft:cobblestone":9,"minecraft:copper_ore":8,"minecraft:deepslate_gold_ore":11,"minecraft:oak_planks":1,"minecraft:sugar_cane":4,"minecraft:wall_torch":7,"minecraft:wheat":64,"minecraft:birch_leaves":7,"minecraft:oak_log":70,"minecraft:coal_ore":114,"minecraft:gravel":16,"minecraft:dirt":6,"minecraft:cobweb":47,"minecraft:netherrack":250,"minecraft:gold_ore":1,"minecraft:oak_leaves":94,"minecraft:deepslate":513},"minecraft:crafted":{"minecraft:smooth_stone":11,"minecraft:oak_planks":100,"minecraft:oak_sign":3,"minecraft:furnace":6,"minecraft:blast_furnace":2,"minecraft:stone":11,"minecraft:bone_meal":310,"minecraft:cooked_mutton":9,"minecraft:flint_and_steel":1,"minecraft:iron_boots":2,"minecraft:iron_axe":1,"minecraft:stone_pickaxe":5,"minecraft:chest":3,"minecraft:diamond_boots":1,"minecraft:copper_block":2,"minecraft:redstone_block":17,"minecraft:smoker":3,"minecraft:diamond_sword":1,"minecraft:cooked_porkchop":15,"minecraft:crafting_table":1,"minecraft:iron_helmet":2,"minecraft:copper_ingot":23,"minecraft:bucket":1,"minecraft:campfire":1,"minecraft:stone_axe":1,"minecraft:bread":19,"minecraft:air":0,"minecraft:iron_chestplate":1,"minecraft:diamond_pickaxe":1,"minecraft:shield":2,"minecraft:stick":36,"minecraft:iron_ingot":59,"minecraft:iron_pickaxe":3,"minecraft:iron_leggings":1,"minecraft:gold_ingot":12,"minecraft:torch":128,"minecraft:diamond_chestplate":1},"minecraft:broken":{"minecraft:stone_pickaxe":3,"minecraft:iron_pickaxe":2},"minecraft:killed":{"minecraft:cave_spider":1,"minecraft:witch":1,"minecraft:spider":3,"minecraft:skeleton":7,"minecraft:pig":8,"minecraft:zombie_villager":1,"minecraft:sheep":11,"minecraft:pillager":1,"minecraft:zombie":6},"minecraft:used":{"minecraft:oak_fence":2,"minecraft:flint_and_steel":3,"minecraft:oak_sign":1,"minecraft:chest":2,"minecraft:shield":33,"minecraft:rotten_flesh":7,"minecraft:cooked_salmon":2,"minecraft:torch":122,"minecraft:soul_sand":1,"minecraft:carrot":27,"minecraft:granite":14,"minecraft:obsidian":4,"minecraft:iron_axe":116,"minecraft:basalt":16,"minecraft:furnace":8,"minecraft:gold_block":2,"minecraft:cobbled_deepslate":10,"minecraft:cooked_mutton":5,"minecraft:wheat_seeds":59,"minecraft:water_bucket":3,"minecraft:stone_pickaxe":489,"minecraft:oak_planks":1,"minecraft:redstone_block":4,"minecraft:crafting_table":8,"minecraft:blast_furnace":3,"minecraft:smoker":3,"minecraft:diamond_pickaxe":759,"minecraft:apple":1,"minecraft:bread":3,"minecraft:iron_pickaxe":501,"minecraft:stone_axe":1,"minecraft:diamond_sword":163,"minecraft:cobblestone":207,"minecraft:cooked_porkchop":7,"minecraft:bucket":4,"minecraft:bone_meal":132},"minecraft:dropped":{"minecraft:iron_ingot":15,"minecraft:soul_sand":43,"minecraft:lapis_lazuli":22,"minecraft:golden_helmet":1,"minecraft:copper_block":2,"minecraft:diamond":1,"minecraft:iron_helmet":1,"minecraft:cobblestone":10,"minecraft:apple":1,"minecraft:copper_ingot":5,"minecraft:golden_apple":2,"minecraft:flint":2,"minecraft:stick":1,"minecraft:gold_block":2,"minecraft:crimson_roots":8,"minecraft:bone_meal":183,"minecraft:iron_pickaxe":2,"minecraft:white_wool":3,"minecraft:redstone_block":33,"minecraft:stone_axe":1,"minecraft:sugar_cane":4,"minecraft:iron_nugget":28,"minecraft:cobbled_deepslate":64,"minecraft:raw_iron":1,"minecraft:rotten_flesh":1,"minecraft:iron_boots":2,"minecraft:smoker":1,"minecraft:glowstone_dust":28,"minecraft:carrot":8,"minecraft:blast_furnace":1,"minecraft:shield":1,"minecraft:iron_chestplate":1,"minecraft:oak_sapling":3,"minecraft:spider_eye":1,"minecraft:arrow":8,"minecraft:stone_pickaxe":2,"minecraft:crying_obsidian":1,"minecraft:magma_block":2,"minecraft:netherrack":192},"minecraft:killed_by":{"minecraft:creeper":2},"minecraft:custom":{"minecraft:mob_kills":39,"minecraft:interact_with_crafting_table":45,"minecraft:open_barrel":2,"minecraft:time_since_death":98967,"minecraft:sprint_one_cm":350793,"minecraft:walk_one_cm":306286,"minecraft:damage_blocked_by_shield":1126,"minecraft:drop":151,"minecraft:play_time":161969,"minecraft:deaths":2,"minecraft:sneak_time":47665,"minecraft:walk_under_water_one_cm":4228,"minecraft:jump":2710,"minecraft:interact_with_blast_furnace":4,"minecraft:walk_on_water_one_cm":5261,"minecraft:total_world_time":161969,"minecraft:interact_with_furnace":99,"minecraft:sleep_in_bed":2,"minecraft:time_since_rest":12583,"minecraft:damage_taken":1557,"minecraft:damage_dealt":5640,"minecraft:swim_one_cm":82519,"minecraft:fly_one_cm":430498,"minecraft:open_chest":44,"minecraft:crouch_one_cm":99051,"minecraft:interact_with_smoker":7,"minecraft:fall_one_cm":77707},"minecraft:picked_up":{"minecraft:crafting_table":7,"minecraft:iron_chestplate":1,"minecraft:wheat":60,"minecraft:redstone_block":20,"minecraft:diamond_sword":1,"minecraft:wooden_pickaxe":1,"minecraft:gold_block":4,"minecraft:enchanted_book":1,"minecraft:shield":1,"minecraft:string":53,"minecraft:raw_copper":23,"minecraft:iron_axe":1,"minecraft:iron_leggings":1,"minecraft:cobbled_deepslate":655,"minecraft:iron_nugget":14,"minecraft:iron_pickaxe":2,"minecraft:sugar_cane":4,"minecraft:furnace":7,"minecraft:iron_boots":1,"minecraft:raw_iron":51,"minecraft:stick":10,"minecraft:stone":3,"minecraft:oak_fence":2,"minecraft:torch":56,"minecraft:porkchop":15,"minecraft:carrot":87,"minecraft:redstone":156,"minecraft:rotten_flesh":9,"minecraft:arrow":19,"minecraft:mutton":9,"minecraft:obsidian":5,"minecraft:white_wool":3,"minecraft:bone_block":35,"minecraft:rail":5,"minecraft:cobblestone":495,"minecraft:magma_block":2,"minecraft:basalt":39,"minecraft:andesite":67,"minecraft:smoker":2,"minecraft:copper_block":2,"minecraft:flint":3,"minecraft:tuff":58,"minecraft:oak_log":71,"minecraft:lapis_lazuli":22,"minecraft:dirt":12,"minecraft:bone":13,"minecraft:apple":2,"minecraft:wheat_seeds":209,"minecraft:raw_gold":12,"minecraft:iron_ingot":1,"minecraft:stone_pickaxe":1,"minecraft:glowstone_dust":28,"minecraft:soul_sand":43,"minecraft:oak_planks":17,"minecraft:pumpkin":1,"minecraft:gravel":15,"minecraft:blast_furnace":2,"minecraft:crying_obsidian":1,"minecraft:spider_eye":2,"minecraft:diamond":29,"minecraft:stone_axe":1,"minecraft:iron_helmet":1,"minecraft:granite":35,"minecraft:bone_meal":5,"minecraft:golden_apple":1,"minecraft:oak_sapling":50,"minecraft:netherrack":190,"minecraft:coal":299,"minecraft:crimson_roots":8,"minecraft:diamond_pickaxe":1}},"DataVersion":3839}