{"stats":{"minecraft:mined":{"minecraft:nether_gold_ore":8,"minecraft:crying_obsidian":1,"minecraft:tuff":63,"minecraft:deepslate_diamond_ore":18,"minecraft:obsidian":5,"minecraft:granite":36,"minecraft:glow_lichen":1,"minecraft:crimson_roots":4,"minecraft:soul_soil":4,"minecraft:spawner":1,"minecraft:magma_block":2,"minecraft:glowstone":11,"minecraft:furnace":5,"minecraft:iron_ore":41,"minecraft:fire":1,"minecraft:andesite":34,"minecraft:deepslate_lapis_ore":2,"minecraft:gold_block":2,"minecraft:deepslate_iron_ore":9,"minecraft:rail":4,"minecraft:stone":347,"minecraft:bone_block":35,"minecraft:deepslate_redstone_ore":36,"minecraft:redstone_block":4,"minecraft:soul_sand":43,"minecraft:soul_fire":8,"minecraft:basalt":48,"minecraft:oak_fence":2,"minecraft:crafting_table":7,"minecraft:torch":2,"minecraft:short_grass":2,"minecraft:nether_quartz_ore":4,"minecraft:cobblestone":9,"minecraft:copper_ore":8,"minecraft:deepslate_gold_ore":11,"minecraft:oak_planks":1,"minecraft:sugar_cane":4,"minecraft:wall_torch":7,"minecraft:wheat":11,"minecraft:birch_leaves":2,"minecraft:oak_log":70,"minecraft:coal_ore":80,"minecraft:gravel":16,"minecraft:dirt":6,"minecraft:cobweb":47,"minecraft:netherrack":249,"minecraft:gold_ore":1,"minecraft:oak_leaves":84,"minecraft:deepslate":513},"minecraft:crafted":{"minecraft:oak_planks":100,"minecraft:furnace":2,"minecraft:bone_meal":307,"minecraft:flint_and_steel":1,"minecraft:iron_boots":2,"minecraft:iron_axe":1,"minecraft:stone_pickaxe":5,"minecraft:chest":3,"minecraft:diamond_boots":1,"minecraft:copper_block":2,"minecraft:redstone_block":17,"minecraft:diamond_sword":1,"minecraft:cooked_porkchop":6,"minecraft:crafting_table":1,"minecraft:iron_helmet":2,"minecraft:copper_ingot":23,"minecraft:bucket":1,"minecraft:stone_axe":1,"minecraft:bread":3,"minecraft:air":0,"minecraft:iron_chestplate":1,"minecraft:diamond_pickaxe":1,"minecraft:shield":2,"minecraft:stick":32,"minecraft:iron_ingot":50,"minecraft:iron_pickaxe":3,"minecraft:iron_leggings":1,"minecraft:gold_ingot":12,"minecraft:torch":128,"minecraft:diamond_chestplate":1},"minecraft:broken":{"minecraft:stone_pickaxe":3,"minecraft:iron_pickaxe":2},"minecraft:killed":{"minecraft:cave_spider":1,"minecraft:witch":1,"minecraft:spider":3,"minecraft:skeleton":6,"minecraft:pig":4,"minecraft:sheep":2,"minecraft:zombie":2},"minecraft:dropped":{"minecraft:lapis_lazuli":22,"minecraft:copper_block":2,"minecraft:diamond":1,"minecraft:iron_helmet":1,"minecraft:cobblestone":10,"minecraft:apple":1,"minecraft:copper_ingot":5,"minecraft:stick":1,"minecraft:crimson_roots":4,"minecraft:iron_pickaxe":2,"minecraft:redstone_block":33,"minecraft:stone_axe":1,"minecraft:sugar_cane":4,"minecraft:iron_nugget":28,"minecraft:cobbled_deepslate":64,"minecraft:raw_iron":1,"minecraft:iron_boots":2,"minecraft:shield":1,"minecraft:iron_chestplate":1,"minecraft:oak_sapling":3,"minecraft:spider_eye":1,"minecraft:stone_pickaxe":2,"minecraft:crying_obsidian":1,"minecraft:magma_block":2},"minecraft:used":{"minecraft:oak_fence":2,"minecraft:flint_and_steel":1,"minecraft:chest":2,"minecraft:shield":22,"minecraft:rotten_flesh":5,"minecraft:cooked_salmon":2,"minecraft:torch":122,"minecraft:granite":14,"minecraft:obsidian":4,"minecraft:iron_axe":116,"minecraft:furnace":5,"minecraft:cobbled_deepslate":10,"minecraft:wheat_seeds":32,"minecraft:water_bucket":3,"minecraft:stone_pickaxe":489,"minecraft:oak_planks":1,"minecraft:redstone_block":4,"minecraft:crafting_table":7,"minecraft:diamond_pickaxe":656,"minecraft:apple":1,"minecraft:bread":3,"minecraft:iron_pickaxe":501,"minecraft:stone_axe":1,"minecraft:diamond_sword":110,"minecraft:cobblestone":188,"minecraft:cooked_porkchop":4,"minecraft:bucket":4,"minecraft:bone_meal":15},"minecraft:killed_by":{"minecraft:creeper":2},"minecraft:custom":{"minecraft:mob_kills":19,"minecraft:interact_with_crafting_table":31,"minecraft:open_barrel":2,"minecraft:time_since_death":50967,"minecraft:sprint_one_cm":189762,"minecraft:walk_one_cm":209346,"minecraft:damage_blocked_by_shield":726,"minecraft:drop":91,"minecraft:play_time":113969,"minecraft:deaths":2,"minecraft:sneak_time":45080,"minecraft:walk_under_water_one_cm":2038,"minecraft:jump":1607,"minecraft:walk_on_water_one_cm":1798,"minecraft:total_world_time":113969,"minecraft:interact_with_furnace":53,"minecraft:sleep_in_bed":1,"minecraft:time_since_rest":37142,"minecraft:damage_taken":1148,"minecraft:damage_dealt":3167,"minecraft:swim_one_cm":16634,"minecraft:fly_one_cm":184247,"minecraft:open_chest":18,"minecraft:crouch_one_cm":91450,"minecraft:fall_one_cm":41930},"minecraft:picked_up":{"minecraft:crafting_table":7,"minecraft:iron_chestplate":1,"minecraft:wheat":10,"minecraft:redstone_block":20,"minecraft:diamond_sword":1,"minecraft:wooden_pickaxe":1,"minecraft:gold_block":2,"minecraft:enchanted_book":1,"minecraft:shield":1,"minecraft:string":53,"minecraft:raw_copper":23,"minecraft:iron_axe":1,"minecraft:iron_leggings":1,"minecraft:cobbled_deepslate":655,"minecraft:iron_nugget":14,"minecraft:iron_pickaxe":2,"minecraft:sugar_cane":4,"minecraft:furnace":5,"minecraft:iron_boots":1,"minecraft:raw_iron":51,"minecraft:stick":5,"minecraft:oak_fence":2,"minecraft:torch":56,"minecraft:porkchop":6,"minecraft:redstone":156,"minecraft:rotten_flesh":5,"minecraft:arrow":9,"minecraft:obsidian":5,"minecraft:bone_block":35,"minecraft:rail":5,"minecraft:cobblestone":434,"minecraft:magma_block":2,"minecraft:basalt":39,"minecraft:andesite":67,"minecraft:copper_block":2,"minecraft:flint":3,"minecraft:tuff":58,"minecraft:oak_log":71,"minecraft:lapis_lazuli":22,"minecraft:dirt":12,"minecraft:bone":12,"minecraft:apple":2,"minecraft:wheat_seeds":32,"minecraft:raw_gold":12,"minecraft:iron_ingot":1,"minecraft:stone_pickaxe":1,"minecraft:glowstone_dust":28,"minecraft:soul_sand":43,"minecraft:oak_planks":17,"minecraft:gravel":15,"minecraft:crying_obsidian":1,"minecraft:spider_eye":2,"minecraft:diamond":29,"minecraft:stone_axe":1,"minecraft:iron_helmet":1,"minecraft:granite":35,"minecraft:bone_meal":5,"minecraft:oak_sapling":50,"minecraft:netherrack":190,"minecraft:coal":177,"minecraft:crimson_roots":4,"minecraft:diamond_pickaxe":1}},"DataVersion":3839}