{"stats":{"minecraft:mined":{"minecraft:iron_ore":12,"minecraft:andesite":33,"minecraft:crafting_table":1,"minecraft:granite":1,"minecraft:oak_log":13,"minecraft:coal_ore":67,"minecraft:dirt":6,"minecraft:cobblestone":1,"minecraft:stone":207,"minecraft:oak_leaves":24,"minecraft:wall_torch":3},"minecraft:crafted":{"minecraft:oak_planks":52,"minecraft:crafting_table":1,"minecraft:stick":8,"minecraft:stone_pickaxe":3,"minecraft:chest":1,"minecraft:torch":16,"minecraft:stone_axe":1},"minecraft:broken":{"minecraft:stone_pickaxe":2},"minecraft:dropped":{"minecraft:cobblestone":10},"minecraft:used":{"minecraft:apple":1,"minecraft:stone_pickaxe":327,"minecraft:stone_axe":1,"minecraft:torch":8,"minecraft:cobblestone":5,"minecraft:crafting_table":1},"minecraft:custom":{"minecraft:time_since_rest":17969,"minecraft:sprint_one_cm":23810,"minecraft:damage_taken":140,"minecraft:walk_one_cm":35936,"minecraft:drop":10,"minecraft:damage_dealt":29,"minecraft:swim_one_cm":10642,"minecraft:interact_with_crafting_table":4,"minecraft:fly_one_cm":13044,"minecraft:crouch_one_cm":15521,"minecraft:play_time":17969,"minecraft:sneak_time":9071,"minecraft:walk_under_water_one_cm":439,"minecraft:jump":127,"minecraft:walk_on_water_one_cm":674,"minecraft:time_since_death":17969,"minecraft:total_world_time":17969,"minecraft:fall_one_cm":3719},"minecraft:picked_up":{"minecraft:raw_iron":12,"minecraft:stick":4,"minecraft:crafting_table":1,"minecraft:andesite":33,"minecraft:torch":3,"minecraft:oak_log":13,"minecraft:dirt":6,"minecraft:apple":1,"minecraft:granite":1,"minecraft:oak_sapling":9,"minecraft:oak_planks":6,"minecraft:coal":67,"minecraft:cobblestone":220}},"DataVersion":3839}