{"stats":{"minecraft:mined":{"minecraft:nether_gold_ore":8,"minecraft:crying_obsidian":1,"minecraft:tuff":79,"minecraft:deepslate_diamond_ore":49,"minecraft:obsidian":21,"minecraft:granite":58,"minecraft:glow_lichen":2,"minecraft:grass_block":2,"minecraft:crimson_roots":4,"minecraft:soul_soil":4,"minecraft:spawner":1,"minecraft:magma_block":2,"minecraft:carrots":27,"minecraft:glowstone":11,"minecraft:furnace":8,"minecraft:iron_ore":56,"minecraft:fire":2,"minecraft:andesite":113,"minecraft:pumpkin":1,"minecraft:deepslate_lapis_ore":14,"minecraft:gold_block":2,"minecraft:potatoes":14,"minecraft:deepslate_iron_ore":36,"minecraft:rail":4,"minecraft:stone":565,"minecraft:bone_block":35,"minecraft:deepslate_redstone_ore":40,"minecraft:redstone_block":4,"minecraft:soul_sand":43,"minecraft:smoker":2,"minecraft:soul_fire":8,"minecraft:basalt":48,"minecraft:oak_fence":2,"minecraft:crafting_table":8,"minecraft:torch":4,"minecraft:short_grass":6,"minecraft:blast_furnace":2,"minecraft:nether_quartz_ore":4,"minecraft:cobblestone":22,"minecraft:copper_ore":8,"minecraft:deepslate_gold_ore":13,"minecraft:oak_planks":1,"minecraft:sugar_cane":5,"minecraft:diorite":43,"minecraft:wall_torch":18,"minecraft:wheat":64,"minecraft:lilac":1,"minecraft:birch_leaves":7,"minecraft:oak_log":70,"minecraft:coal_ore":156,"minecraft:gravel":16,"minecraft:dirt":6,"minecraft:cobweb":47,"minecraft:netherrack":250,"minecraft:gold_ore":1,"minecraft:oak_leaves":98,"minecraft:deepslate":925},"minecraft:crafted":{"minecraft:smooth_stone":11,"minecraft:oak_planks":160,"minecraft:oak_sign":3,"minecraft:furnace":8,"minecraft:blast_furnace":3,"minecraft:stone":11,"minecraft:bone_meal":352,"minecraft:cooked_mutton":9,"minecraft:flint_and_steel":1,"minecraft:diamond_helmet":1,"minecraft:diamond_leggings":1,"minecraft:iron_boots":2,"minecraft:iron_axe":1,"minecraft:stone_pickaxe":5,"minecraft:chest":3,"minecraft:diamond_boots":1,"minecraft:copper_block":2,"minecraft:redstone_block":17,"minecraft:smoker":3,"minecraft:diamond_sword":1,"minecraft:cooked_porkchop":22,"minecraft:crafting_table":2,"minecraft:baked_potato":18,"minecraft:iron_helmet":2,"minecraft:copper_ingot":23,"minecraft:bucket":1,"minecraft:campfire":1,"minecraft:stone_axe":1,"minecraft:bread":20,"minecraft:air":0,"minecraft:iron_chestplate":1,"minecraft:diamond_pickaxe":2,"minecraft:shield":4,"minecraft:stick":124,"minecraft:iron_ingot":100,"minecraft:iron_pickaxe":3,"minecraft:iron_leggings":1,"minecraft:gold_ingot":12,"minecraft:torch":472,"minecraft:diamond_chestplate":1},"minecraft:broken":{"minecraft:stone_pickaxe":3,"minecraft:diamond_pickaxe":1,"minecraft:iron_pickaxe":2},"minecraft:killed":{"minecraft:cave_spider":1,"minecraft:witch":1,"minecraft:spider":4,"minecraft:phantom":1,"minecraft:skeleton":21,"minecraft:pig":8,"minecraft:zombie_villager":1,"minecraft:creeper":2,"minecraft:sheep":11,"minecraft:pillager":1,"minecraft:zombie":27,"minecraft:cow":1,"minecraft:enderman":1},"minecraft:used":{"minecraft:oak_fence":2,"minecraft:flint_and_steel":3,"minecraft:oak_sign":1,"minecraft:chest":2,"minecraft:shield":66,"minecraft:rotten_flesh":7,"minecraft:cooked_salmon":2,"minecraft:torch":448,"minecraft:soul_sand":1,"minecraft:spyglass":4,"minecraft:carrot":53,"minecraft:granite":14,"minecraft:obsidian":4,"minecraft:iron_hoe":15,"minecraft:iron_axe":117,"minecraft:basalt":16,"minecraft:furnace":9,"minecraft:gold_block":2,"minecraft:potato":28,"minecraft:cobbled_deepslate":64,"minecraft:cooked_mutton":9,"minecraft:wheat_seeds":59,"minecraft:water_bucket":11,"minecraft:ender_pearl":1,"minecraft:stone_pickaxe":489,"minecraft:oak_planks":1,"minecraft:copper_block":2,"minecraft:redstone_block":4,"minecraft:crafting_table":9,"minecraft:blast_furnace":3,"minecraft:smoker":3,"minecraft:diamond_pickaxe":1652,"minecraft:apple":1,"minecraft:bread":20,"minecraft:iron_pickaxe":501,"minecraft:stone_axe":1,"minecraft:diamond_sword":311,"minecraft:cobblestone":359,"minecraft:cooked_porkchop":13,"minecraft:bucket":12,"minecraft:bone_meal":174},"minecraft:dropped":{"minecraft:bread":8,"minecraft:iron_ingot":32,"minecraft:soul_sand":43,"minecraft:lapis_lazuli":22,"minecraft:golden_helmet":1,"minecraft:lilac":1,"minecraft:copper_block":2,"minecraft:diamond":9,"minecraft:cooked_porkchop":4,"minecraft:poisonous_potato":1,"minecraft:iron_helmet":2,"minecraft:cobblestone":82,"minecraft:apple":1,"minecraft:granite":22,"minecraft:copper_ingot":5,"minecraft:golden_apple":2,"minecraft:flint":2,"minecraft:stick":1,"minecraft:gold_block":2,"minecraft:diamond_horse_armor":2,"minecraft:birch_fence":1,"minecraft:crimson_roots":8,"minecraft:iron_leggings":1,"minecraft:bone_meal":183,"minecraft:iron_pickaxe":2,"minecraft:white_wool":3,"minecraft:redstone_block":33,"minecraft:furnace":1,"minecraft:stone_axe":1,"minecraft:sugar_cane":4,"minecraft:iron_nugget":28,"minecraft:cobbled_deepslate":86,"minecraft:raw_iron":1,"minecraft:rotten_flesh":1,"minecraft:iron_boots":2,"minecraft:smoker":2,"minecraft:glowstone_dust":28,"minecraft:name_tag":1,"minecraft:carrot":38,"minecraft:blast_furnace":2,"minecraft:shield":1,"minecraft:iron_chestplate":1,"minecraft:andesite":79,"minecraft:oak_sapling":4,"minecraft:spider_eye":1,"minecraft:arrow":8,"minecraft:stone_pickaxe":2,"minecraft:crying_obsidian":1,"minecraft:magma_block":2,"minecraft:netherrack":192},"minecraft:killed_by":{"minecraft:creeper":2},"minecraft:custom":{"minecraft:interact_with_anvil":2,"minecraft:mob_kills":82,"minecraft:interact_with_crafting_table":54,"minecraft:open_barrel":3,"minecraft:time_since_death":212967,"minecraft:sprint_one_cm":784508,"minecraft:walk_one_cm":505735,"minecraft:damage_blocked_by_shield":2418,"minecraft:drop":187,"minecraft:play_time":275969,"minecraft:deaths":2,"minecraft:sneak_time":63854,"minecraft:walk_under_water_one_cm":16745,"minecraft:jump":5523,"minecraft:interact_with_blast_furnace":15,"minecraft:walk_on_water_one_cm":17781,"minecraft:total_world_time":275969,"minecraft:interact_with_furnace":117,"minecraft:sleep_in_bed":2,"minecraft:time_since_rest":126583,"minecraft:damage_taken":3343,"minecraft:damage_dealt":14594,"minecraft:swim_one_cm":108060,"minecraft:fly_one_cm":828566,"minecraft:open_chest":74,"minecraft:crouch_one_cm":128929,"minecraft:interact_with_smoker":12,"minecraft:fall_one_cm":161821},"minecraft:picked_up":{"minecraft:crafting_table":8,"minecraft:iron_chestplate":1,"minecraft:wheat":60,"minecraft:redstone_block":20,"minecraft:diamond_sword":1,"minecraft:wooden_pickaxe":1,"minecraft:gold_block":4,"minecraft:enchanted_book":1,"minecraft:diamond_horse_armor":1,"minecraft:shield":1,"minecraft:string":53,"minecraft:raw_copper":23,"minecraft:iron_axe":1,"minecraft:iron_leggings":2,"minecraft:birch_fence":1,"minecraft:cobbled_deepslate":741,"minecraft:beef":2,"minecraft:iron_nugget":14,"minecraft:iron_pickaxe":2,"minecraft:sugar_cane":7,"minecraft:phantom_membrane":2,"minecraft:furnace":50,"minecraft:iron_boots":1,"minecraft:raw_iron":92,"minecraft:stick":10,"minecraft:stone":3,"minecraft:oak_fence":2,"minecraft:torch":71,"minecraft:porkchop":15,"minecraft:diorite":43,"minecraft:carrot":88,"minecraft:redstone":156,"minecraft:rotten_flesh":29,"minecraft:arrow":27,"minecraft:mutton":9,"minecraft:obsidian":21,"minecraft:white_wool":3,"minecraft:bone_block":35,"minecraft:rail":5,"minecraft:cobblestone":765,"minecraft:magma_block":2,"minecraft:lilac":1,"minecraft:basalt":39,"minecraft:andesite":146,"minecraft:smoker":2,"minecraft:copper_block":2,"minecraft:potato":56,"minecraft:flint":3,"minecraft:tuff":58,"minecraft:oak_log":71,"minecraft:gunpowder":2,"minecraft:lapis_lazuli":101,"minecraft:dirt":12,"minecraft:bone":21,"minecraft:apple":2,"minecraft:wheat_seeds":210,"minecraft:raw_gold":14,"minecraft:iron_ingot":23,"minecraft:stone_pickaxe":1,"minecraft:glowstone_dust":28,"minecraft:soul_sand":43,"minecraft:oak_planks":17,"minecraft:cooked_porkchop":4,"minecraft:pumpkin":1,"minecraft:spyglass":1,"minecraft:poisonous_potato":1,"minecraft:gravel":15,"minecraft:blast_furnace":2,"minecraft:crying_obsidian":1,"minecraft:spider_eye":2,"minecraft:diamond":60,"minecraft:stone_axe":1,"minecraft:iron_helmet":2,"minecraft:granite":57,"minecraft:bone_meal":5,"minecraft:golden_apple":1,"minecraft:bread":6,"minecraft:oak_sapling":51,"minecraft:netherrack":190,"minecraft:coal":341,"minecraft:crimson_roots":8,"minecraft:ender_pearl":1,"minecraft:diamond_pickaxe":1}},"DataVersion":3839}