{"stats":{"minecraft:mined":{"minecraft:nether_gold_ore":8,"minecraft:crying_obsidian":1,"minecraft:tuff":64,"minecraft:deepslate_diamond_ore":21,"minecraft:obsidian":11,"minecraft:granite":58,"minecraft:glow_lichen":1,"minecraft:crimson_roots":4,"minecraft:soul_soil":4,"minecraft:spawner":1,"minecraft:magma_block":2,"minecraft:carrots":26,"minecraft:glowstone":11,"minecraft:furnace":7,"minecraft:iron_ore":48,"minecraft:fire":2,"minecraft:andesite":113,"minecraft:pumpkin":1,"minecraft:deepslate_lapis_ore":2,"minecraft:gold_block":2,"minecraft:deepslate_iron_ore":16,"minecraft:rail":4,"minecraft:stone":554,"minecraft:bone_block":35,"minecraft:deepslate_redstone_ore":36,"minecraft:redstone_block":4,"minecraft:soul_sand":43,"minecraft:smoker":2,"minecraft:soul_fire":8,"minecraft:basalt":48,"minecraft:oak_fence":2,"minecraft:crafting_table":7,"minecraft:torch":2,"minecraft:short_grass":5,"minecraft:blast_furnace":2,"minecraft:nether_quartz_ore":4,"minecraft:cobblestone":9,"minecraft:copper_ore":8,"minecraft:deepslate_gold_ore":13,"minecraft:oak_planks":1,"minecraft:sugar_cane":4,"minecraft:diorite":43,"minecraft:wall_torch":10,"minecraft:wheat":64,"minecraft:birch_leaves":7,"minecraft:oak_log":70,"minecraft:coal_ore":150,"minecraft:gravel":16,"minecraft:dirt":6,"minecraft:cobweb":47,"minecraft:netherrack":250,"minecraft:gold_ore":1,"minecraft:oak_leaves":98,"minecraft:deepslate":729},"minecraft:crafted":{"minecraft:smooth_stone":11,"minecraft:oak_planks":100,"minecraft:oak_sign":3,"minecraft:furnace":7,"minecraft:blast_furnace":3,"minecraft:stone":11,"minecraft:bone_meal":310,"minecraft:cooked_mutton":9,"minecraft:flint_and_steel":1,"minecraft:iron_boots":2,"minecraft:iron_axe":1,"minecraft:stone_pickaxe":5,"minecraft:chest":3,"minecraft:diamond_boots":1,"minecraft:copper_block":2,"minecraft:redstone_block":17,"minecraft:smoker":3,"minecraft:diamond_sword":1,"minecraft:cooked_porkchop":15,"minecraft:crafting_table":1,"minecraft:iron_helmet":2,"minecraft:copper_ingot":23,"minecraft:bucket":1,"minecraft:campfire":1,"minecraft:stone_axe":1,"minecraft:bread":19,"minecraft:air":0,"minecraft:iron_chestplate":1,"minecraft:diamond_pickaxe":1,"minecraft:shield":2,"minecraft:stick":40,"minecraft:iron_ingot":59,"minecraft:iron_pickaxe":3,"minecraft:iron_leggings":1,"minecraft:gold_ingot":12,"minecraft:torch":144,"minecraft:diamond_chestplate":1},"minecraft:broken":{"minecraft:stone_pickaxe":3,"minecraft:iron_pickaxe":2},"minecraft:killed":{"minecraft:cave_spider":1,"minecraft:witch":1,"minecraft:spider":3,"minecraft:skeleton":11,"minecraft:pig":8,"minecraft:zombie_villager":1,"minecraft:creeper":1,"minecraft:sheep":11,"minecraft:pillager":1,"minecraft:zombie":17,"minecraft:enderman":1},"minecraft:used":{"minecraft:oak_fence":2,"minecraft:flint_and_steel":3,"minecraft:oak_sign":1,"minecraft:chest":2,"minecraft:shield":45,"minecraft:rotten_flesh":7,"minecraft:cooked_salmon":2,"minecraft:torch":153,"minecraft:soul_sand":1,"minecraft:spyglass":1,"minecraft:carrot":29,"minecraft:granite":14,"minecraft:obsidian":4,"minecraft:iron_axe":116,"minecraft:basalt":16,"minecraft:furnace":8,"minecraft:gold_block":2,"minecraft:cobbled_deepslate":10,"minecraft:cooked_mutton":7,"minecraft:wheat_seeds":59,"minecraft:water_bucket":7,"minecraft:stone_pickaxe":489,"minecraft:oak_planks":1,"minecraft:copper_block":2,"minecraft:redstone_block":4,"minecraft:crafting_table":8,"minecraft:blast_furnace":3,"minecraft:smoker":3,"minecraft:diamond_pickaxe":1327,"minecraft:apple":1,"minecraft:bread":9,"minecraft:iron_pickaxe":501,"minecraft:stone_axe":1,"minecraft:diamond_sword":226,"minecraft:cobblestone":221,"minecraft:cooked_porkchop":7,"minecraft:bucket":8,"minecraft:bone_meal":132},"minecraft:dropped":{"minecraft:bread":8,"minecraft:iron_ingot":32,"minecraft:soul_sand":43,"minecraft:lapis_lazuli":22,"minecraft:golden_helmet":1,"minecraft:copper_block":2,"minecraft:diamond":1,"minecraft:cooked_porkchop":4,"minecraft:iron_helmet":1,"minecraft:cobblestone":10,"minecraft:apple":1,"minecraft:granite":22,"minecraft:copper_ingot":5,"minecraft:golden_apple":2,"minecraft:flint":2,"minecraft:stick":1,"minecraft:gold_block":2,"minecraft:crimson_roots":8,"minecraft:bone_meal":183,"minecraft:iron_pickaxe":2,"minecraft:white_wool":3,"minecraft:redstone_block":33,"minecraft:stone_axe":1,"minecraft:sugar_cane":4,"minecraft:iron_nugget":28,"minecraft:cobbled_deepslate":65,"minecraft:raw_iron":1,"minecraft:rotten_flesh":1,"minecraft:iron_boots":2,"minecraft:smoker":2,"minecraft:glowstone_dust":28,"minecraft:carrot":38,"minecraft:blast_furnace":2,"minecraft:shield":1,"minecraft:iron_chestplate":1,"minecraft:oak_sapling":4,"minecraft:spider_eye":1,"minecraft:arrow":8,"minecraft:stone_pickaxe":2,"minecraft:crying_obsidian":1,"minecraft:magma_block":2,"minecraft:netherrack":192},"minecraft:killed_by":{"minecraft:creeper":2},"minecraft:custom":{"minecraft:interact_with_anvil":2,"minecraft:mob_kills":56,"minecraft:interact_with_crafting_table":47,"minecraft:open_barrel":3,"minecraft:time_since_death":134967,"minecraft:sprint_one_cm":467072,"minecraft:walk_one_cm":364317,"minecraft:damage_blocked_by_shield":1630,"minecraft:drop":160,"minecraft:play_time":197969,"minecraft:deaths":2,"minecraft:sneak_time":55838,"minecraft:walk_under_water_one_cm":5018,"minecraft:jump":3326,"minecraft:interact_with_blast_furnace":14,"minecraft:walk_on_water_one_cm":6963,"minecraft:total_world_time":197969,"minecraft:interact_with_furnace":103,"minecraft:sleep_in_bed":2,"minecraft:time_since_rest":48583,"minecraft:damage_taken":1957,"minecraft:damage_dealt":9184,"minecraft:swim_one_cm":82519,"minecraft:fly_one_cm":510984,"minecraft:open_chest":58,"minecraft:crouch_one_cm":109526,"minecraft:interact_with_smoker":9,"minecraft:fall_one_cm":93146},"minecraft:picked_up":{"minecraft:crafting_table":7,"minecraft:iron_chestplate":1,"minecraft:wheat":60,"minecraft:redstone_block":20,"minecraft:diamond_sword":1,"minecraft:wooden_pickaxe":1,"minecraft:gold_block":4,"minecraft:enchanted_book":1,"minecraft:shield":1,"minecraft:string":53,"minecraft:raw_copper":23,"minecraft:iron_axe":1,"minecraft:iron_leggings":1,"minecraft:cobbled_deepslate":656,"minecraft:iron_nugget":14,"minecraft:iron_pickaxe":2,"minecraft:sugar_cane":4,"minecraft:furnace":49,"minecraft:iron_boots":1,"minecraft:raw_iron":65,"minecraft:stick":10,"minecraft:stone":3,"minecraft:oak_fence":2,"minecraft:torch":59,"minecraft:porkchop":15,"minecraft:diorite":43,"minecraft:carrot":87,"minecraft:redstone":156,"minecraft:rotten_flesh":21,"minecraft:arrow":20,"minecraft:mutton":9,"minecraft:obsidian":11,"minecraft:white_wool":3,"minecraft:bone_block":35,"minecraft:rail":5,"minecraft:cobblestone":638,"minecraft:magma_block":2,"minecraft:basalt":39,"minecraft:andesite":146,"minecraft:smoker":2,"minecraft:copper_block":2,"minecraft:flint":3,"minecraft:tuff":58,"minecraft:oak_log":71,"minecraft:lapis_lazuli":22,"minecraft:dirt":12,"minecraft:bone":15,"minecraft:apple":2,"minecraft:wheat_seeds":209,"minecraft:raw_gold":14,"minecraft:iron_ingot":23,"minecraft:stone_pickaxe":1,"minecraft:glowstone_dust":28,"minecraft:soul_sand":43,"minecraft:oak_planks":17,"minecraft:cooked_porkchop":1,"minecraft:pumpkin":1,"minecraft:spyglass":1,"minecraft:gravel":15,"minecraft:blast_furnace":2,"minecraft:crying_obsidian":1,"minecraft:spider_eye":2,"minecraft:diamond":32,"minecraft:stone_axe":1,"minecraft:iron_helmet":1,"minecraft:granite":57,"minecraft:bone_meal":5,"minecraft:golden_apple":1,"minecraft:bread":6,"minecraft:oak_sapling":51,"minecraft:netherrack":190,"minecraft:coal":335,"minecraft:crimson_roots":8,"minecraft:diamond_pickaxe":1}},"DataVersion":3839}