{"stats":{"minecraft:mined":{"minecraft:deepslate_redstone_ore":36,"minecraft:tuff":63,"minecraft:redstone_block":4,"minecraft:deepslate_diamond_ore":18,"minecraft:oak_fence":2,"minecraft:crafting_table":6,"minecraft:torch":2,"minecraft:glow_lichen":1,"minecraft:granite":36,"minecraft:short_grass":2,"minecraft:copper_ore":8,"minecraft:cobblestone":7,"minecraft:deepslate_gold_ore":11,"minecraft:wall_torch":7,"minecraft:spawner":1,"minecraft:furnace":4,"minecraft:iron_ore":41,"minecraft:wheat":11,"minecraft:birch_leaves":2,"minecraft:andesite":34,"minecraft:deepslate_lapis_ore":2,"minecraft:coal_ore":69,"minecraft:oak_log":70,"minecraft:deepslate_iron_ore":9,"minecraft:rail":4,"minecraft:gravel":16,"minecraft:dirt":6,"minecraft:cobweb":47,"minecraft:stone":339,"minecraft:gold_ore":1,"minecraft:oak_leaves":84,"minecraft:deepslate":513},"minecraft:crafted":{"minecraft:oak_planks":100,"minecraft:diamond_sword":1,"minecraft:crafting_table":1,"minecraft:iron_helmet":2,"minecraft:furnace":2,"minecraft:copper_ingot":23,"minecraft:bone_meal":27,"minecraft:stone_axe":1,"minecraft:bread":3,"minecraft:air":0,"minecraft:iron_boots":2,"minecraft:iron_chestplate":1,"minecraft:diamond_pickaxe":1,"minecraft:shield":2,"minecraft:iron_axe":1,"minecraft:stick":32,"minecraft:iron_ingot":50,"minecraft:iron_pickaxe":3,"minecraft:stone_pickaxe":5,"minecraft:copper_block":2,"minecraft:diamond_boots":1,"minecraft:chest":3,"minecraft:gold_ingot":12,"minecraft:iron_leggings":1,"minecraft:redstone_block":17,"minecraft:torch":128,"minecraft:diamond_chestplate":1},"minecraft:killed":{"minecraft:cave_spider":1,"minecraft:pig":4,"minecraft:witch":1,"minecraft:spider":3,"minecraft:skeleton":6,"minecraft:zombie":2},"minecraft:broken":{"minecraft:stone_pickaxe":3,"minecraft:iron_pickaxe":2},"minecraft:dropped":{"minecraft:lapis_lazuli":22,"minecraft:copper_block":2,"minecraft:cobbled_deepslate":64,"minecraft:diamond":1,"minecraft:iron_helmet":1,"minecraft:cobblestone":10,"minecraft:iron_boots":1,"minecraft:shield":1,"minecraft:iron_chestplate":1,"minecraft:stone_pickaxe":1,"minecraft:iron_pickaxe":2,"minecraft:redstone_block":33},"minecraft:used":{"minecraft:wheat_seeds":32,"minecraft:oak_fence":2,"minecraft:stone_pickaxe":489,"minecraft:chest":2,"minecraft:shield":22,"minecraft:redstone_block":4,"minecraft:cooked_salmon":2,"minecraft:rotten_flesh":5,"minecraft:torch":122,"minecraft:crafting_table":6,"minecraft:granite":14,"minecraft:diamond_pickaxe":233,"minecraft:apple":1,"minecraft:iron_axe":107,"minecraft:bread":3,"minecraft:iron_pickaxe":501,"minecraft:stone_axe":1,"minecraft:diamond_sword":102,"minecraft:cobblestone":74,"minecraft:furnace":5,"minecraft:cooked_porkchop":1,"minecraft:cobbled_deepslate":10,"minecraft:bone_meal":15},"minecraft:killed_by":{"minecraft:creeper":2},"minecraft:custom":{"minecraft:interact_with_furnace":51,"minecraft:mob_kills":17,"minecraft:interact_with_crafting_table":30,"minecraft:open_barrel":2,"minecraft:time_since_death":26967,"minecraft:sleep_in_bed":1,"minecraft:time_since_rest":13142,"minecraft:sprint_one_cm":161849,"minecraft:damage_taken":1098,"minecraft:walk_one_cm":158308,"minecraft:damage_blocked_by_shield":726,"minecraft:drop":75,"minecraft:damage_dealt":3007,"minecraft:swim_one_cm":10642,"minecraft:fly_one_cm":149519,"minecraft:open_chest":17,"minecraft:crouch_one_cm":58538,"minecraft:play_time":89969,"minecraft:deaths":2,"minecraft:sneak_time":35100,"minecraft:walk_under_water_one_cm":760,"minecraft:jump":1319,"minecraft:walk_on_water_one_cm":945,"minecraft:total_world_time":89969,"minecraft:fall_one_cm":35458},"minecraft:picked_up":{"minecraft:iron_chestplate":1,"minecraft:crafting_table":6,"minecraft:wheat":10,"minecraft:redstone_block":20,"minecraft:andesite":67,"minecraft:copper_block":2,"minecraft:wooden_pickaxe":1,"minecraft:diamond_sword":1,"minecraft:enchanted_book":1,"minecraft:flint":3,"minecraft:tuff":58,"minecraft:oak_log":71,"minecraft:shield":1,"minecraft:iron_axe":1,"minecraft:string":53,"minecraft:lapis_lazuli":22,"minecraft:dirt":12,"minecraft:raw_copper":23,"minecraft:iron_leggings":1,"minecraft:bone":12,"minecraft:apple":2,"minecraft:wheat_seeds":32,"minecraft:cobbled_deepslate":655,"minecraft:raw_gold":12,"minecraft:stone_pickaxe":1,"minecraft:iron_ingot":1,"minecraft:iron_pickaxe":2,"minecraft:oak_planks":16,"minecraft:iron_boots":1,"minecraft:furnace":4,"minecraft:stick":5,"minecraft:raw_iron":51,"minecraft:oak_fence":2,"minecraft:torch":56,"minecraft:porkchop":6,"minecraft:gravel":15,"minecraft:redstone":156,"minecraft:spider_eye":2,"minecraft:arrow":9,"minecraft:rotten_flesh":5,"minecraft:diamond":29,"minecraft:stone_axe":1,"minecraft:iron_helmet":1,"minecraft:granite":35,"minecraft:oak_sapling":50,"minecraft:coal":144,"minecraft:rail":5,"minecraft:cobblestone":424,"minecraft:diamond_pickaxe":1}},"DataVersion":3839}