{"stats":{"minecraft:mined":{"minecraft:oak_log":13,"minecraft:oak_leaves":24},"minecraft:crafted":{"minecraft:oak_planks":52},"minecraft:custom":{"minecraft:jump":78,"minecraft:time_since_rest":5969,"minecraft:damage_dealt":29,"minecraft:walk_on_water_one_cm":295,"minecraft:crouch_one_cm":7121,"minecraft:sprint_one_cm":9742,"minecraft:play_time":5969,"minecraft:damage_taken":120,"minecraft:time_since_death":5969,"minecraft:walk_one_cm":17322,"minecraft:sneak_time":2801,"minecraft:total_world_time":5969,"minecraft:walk_under_water_one_cm":368,"minecraft:swim_one_cm":5804,"minecraft:fall_one_cm":2672,"minecraft:fly_one_cm":6026},"minecraft:picked_up":{"minecraft:oak_log":13,"minecraft:stick":4,"minecraft:oak_sapling":9}},"DataVersion":3839}