{"stats":{"minecraft:mined":{"minecraft:coal_ore":15,"minecraft:oak_log":14,"minecraft:cobblestone":1,"minecraft:stone":5,"minecraft:oak_leaves":7},"minecraft:crafted":{"minecraft:stone_axe":1,"minecraft:stone_pickaxe":1},"minecraft:dropped":{"minecraft:oak_log":5},"minecraft:used":{"minecraft:cooked_mutton":3,"minecraft:cobblestone":3,"minecraft:oak_sapling":4,"minecraft:stone_pickaxe":21},"minecraft:custom":{"minecraft:open_barrel":3,"minecraft:time_since_rest":15920,"minecraft:open_chest":6,"minecraft:crouch_one_cm":2728,"minecraft:play_time":15920,"minecraft:sprint_one_cm":69024,"minecraft:damage_taken":210,"minecraft:walk_one_cm":36244,"minecraft:sneak_time":1497,"minecraft:drop":1,"minecraft:jump":432,"minecraft:damage_dealt":65,"minecraft:leave_game":1,"minecraft:time_since_death":15920,"minecraft:total_world_time":15920,"minecraft:interact_with_crafting_table":5,"minecraft:fall_one_cm":8976,"minecraft:fly_one_cm":58376},"minecraft:picked_up":{"minecraft:stick":12,"minecraft:oak_log":24,"minecraft:gunpowder":1,"minecraft:oak_sapling":5,"minecraft:birch_sapling":5,"minecraft:coal":15,"minecraft:cobblestone":9}},"DataVersion":3839}