{"stats":{"minecraft:custom":{"minecraft:time_since_rest":71575,"minecraft:sprint_one_cm":83350,"minecraft:damage_taken":184,"minecraft:walk_one_cm":142066,"minecraft:mob_kills":10,"minecraft:drop":2,"minecraft:damage_dealt":1175,"minecraft:swim_one_cm":3862,"minecraft:interact_with_crafting_table":7,"minecraft:fly_one_cm":95382,"minecraft:crouch_one_cm":16904,"minecraft:play_time":71575,"minecraft:sneak_time":4641,"minecraft:walk_under_water_one_cm":8956,"minecraft:jump":544,"minecraft:leave_game":2,"minecraft:walk_on_water_one_cm":3172,"minecraft:time_since_death":71575,"minecraft:total_world_time":71575,"minecraft:damage_resisted":1201,"minecraft:fall_one_cm":12679},"minecraft:dropped":{"minecraft:dark_oak_stairs":1,"minecraft:spruce_stairs":1},"minecraft:picked_up":{"minecraft:dark_oak_door":64,"minecraft:crafting_table":1,"minecraft:chainmail_boots":1,"minecraft:salmon":3,"minecraft:spruce_stairs":7,"minecraft:spruce_log":136,"minecraft:dark_oak_log":64,"minecraft:string":3,"minecraft:stone_sword":1,"minecraft:arrow":1,"minecraft:rotten_flesh":3,"minecraft:wheat_seeds":11,"minecraft:spruce_planks":77,"minecraft:beef":1,"minecraft:diamond_axe":1,"minecraft:spruce_slab":5,"minecraft:sugar_cane":13,"minecraft:dark_oak_fence":68,"minecraft:dark_oak_stairs":7},"minecraft:crafted":{"minecraft:sugar":13,"minecraft:spruce_stairs":20,"minecraft:dark_oak_stairs":36,"minecraft:crafting_table":2,"minecraft:spruce_planks":256,"minecraft:spruce_slab":12,"minecraft:dark_oak_planks":60},"minecraft:used":{"minecraft:dark_oak_stairs":28,"minecraft:stone_sword":24,"minecraft:spruce_slab":13,"minecraft:spruce_planks":232,"minecraft:diamond_axe":42,"minecraft:rotten_flesh":3,"minecraft:salmon":3,"minecraft:beef":1,"minecraft:crafting_table":3,"minecraft:dark_oak_fence":22,"minecraft:chainmail_boots":1,"minecraft:spruce_stairs":22,"minecraft:spruce_log":72},"minecraft:killed":{"minecraft:skeleton":2,"minecraft:husk":1,"minecraft:cave_spider":2,"minecraft:zombie":1,"minecraft:salmon":3,"minecraft:cow":1},"minecraft:mined":{"minecraft:spruce_stairs":6,"minecraft:spruce_planks":13,"minecraft:fire":4,"minecraft:spruce_log":8,"minecraft:crafting_table":1,"minecraft:dark_oak_stairs":6,"minecraft:dark_oak_fence":4,"minecraft:short_grass":44,"minecraft:tall_grass":3,"minecraft:sugar_cane":4,"minecraft:spruce_slab":5}},"DataVersion":3839}