{"stats":{"minecraft:custom":{"minecraft:mob_kills":29,"minecraft:interact_with_crafting_table":12,"minecraft:raid_trigger":1,"minecraft:bell_ring":3,"minecraft:leave_game":2,"minecraft:time_since_death":11041,"minecraft:climb_one_cm":6064,"minecraft:damage_resisted":1677,"minecraft:time_since_rest":11070,"minecraft:sprint_one_cm":408554,"minecraft:damage_taken":1401,"minecraft:walk_one_cm":374018,"minecraft:damage_blocked_by_shield":110,"minecraft:drop":9,"minecraft:damage_dealt":2307,"minecraft:swim_one_cm":176869,"minecraft:talked_to_villager":1,"minecraft:fly_one_cm":1063995,"minecraft:raid_win":1,"minecraft:open_chest":3,"minecraft:crouch_one_cm":32020,"minecraft:deaths":2,"minecraft:play_time":203575,"minecraft:sneak_time":10468,"minecraft:walk_under_water_one_cm":63814,"minecraft:boat_one_cm":19106,"minecraft:aviate_one_cm":941670,"minecraft:jump":1831,"minecraft:walk_on_water_one_cm":31207,"minecraft:total_world_time":203575,"minecraft:fall_one_cm":42811},"minecraft:picked_up":{"minecraft:iron_chestplate":3,"minecraft:crafting_table":1,"minecraft:feather":8,"minecraft:chainmail_boots":1,"minecraft:golden_carrot":182,"minecraft:leather_leggings":1,"minecraft:salmon":3,"minecraft:potion":1,"minecraft:enchanted_book":1,"minecraft:shield":2,"minecraft:gunpowder":2,"minecraft:dirt":75,"minecraft:string":3,"minecraft:white_banner":10,"minecraft:iron_leggings":3,"minecraft:bow":2,"minecraft:wheat_seeds":17,"minecraft:spruce_planks":93,"minecraft:iron_ingot":9,"minecraft:beef":1,"minecraft:glass_bottle":1,"minecraft:poppy":2,"minecraft:spruce_slab":5,"minecraft:sugar_cane":13,"minecraft:iron_sword":3,"minecraft:dark_oak_stairs":7,"minecraft:iron_boots":3,"minecraft:dark_oak_door":64,"minecraft:tipped_arrow":113,"minecraft:dark_oak_slab":5,"minecraft:spruce_stairs":26,"minecraft:spruce_log":204,"minecraft:carrot":1,"minecraft:dark_oak_log":64,"minecraft:stone_sword":1,"minecraft:arrow":1,"minecraft:rotten_flesh":9,"minecraft:writable_book":1,"minecraft:iron_helmet":3,"minecraft:crossbow":3,"minecraft:diamond_axe":2,"minecraft:saddle":7,"minecraft:baked_potato":64,"minecraft:dark_oak_fence":70,"minecraft:snowball":1},"minecraft:dropped":{"minecraft:enchanted_book":1,"minecraft:iron_sword":1,"minecraft:dark_oak_stairs":1,"minecraft:wheat_seeds":1,"minecraft:diamond_axe":1,"minecraft:glass_bottle":1,"minecraft:feather":2,"minecraft:spruce_stairs":1},"minecraft:crafted":{"minecraft:sugar":13,"minecraft:dark_oak_stairs":36,"minecraft:crafting_table":2,"minecraft:spruce_planks":288,"minecraft:spruce_stairs":28,"minecraft:dark_oak_slab":24,"minecraft:spruce_slab":12,"minecraft:dark_oak_planks":84},"minecraft:killed":{"minecraft:parrot":1,"minecraft:cave_spider":2,"minecraft:husk":1,"minecraft:salmon":3,"minecraft:iron_golem":1,"minecraft:ravager":2,"minecraft:creeper":1,"minecraft:skeleton":2,"minecraft:pillager":8,"minecraft:zombie":2,"minecraft:villager":1,"minecraft:cow":1},"minecraft:used":{"minecraft:oak_fence":1,"minecraft:wheat_seeds":1,"minecraft:dark_oak_stairs":48,"minecraft:writable_book":1,"minecraft:stone_sword":24,"minecraft:stripped_birch_log":8,"minecraft:elytra":1,"minecraft:spruce_slab":20,"minecraft:oak_planks":1,"minecraft:baked_potato":5,"minecraft:ladder":12,"minecraft:spruce_planks":242,"minecraft:shield":2,"minecraft:iron_sword":12,"minecraft:parrot_spawn_egg":9,"minecraft:diamond_axe":108,"minecraft:stripped_birch_wood":101,"minecraft:rotten_flesh":3,"minecraft:iron_chestplate":1,"minecraft:white_wool":4,"minecraft:salmon":3,"minecraft:dark_oak_trapdoor":3,"minecraft:oak_slab":3,"minecraft:crafting_table":3,"minecraft:spruce_stairs":70,"minecraft:crossbow":2,"minecraft:snowball":57,"minecraft:spruce_log":178,"minecraft:creeper_spawn_egg":1,"minecraft:dark_oak_planks":2,"minecraft:firework_rocket":84,"minecraft:netherite_shovel":7,"minecraft:birch_fence_gate":2,"minecraft:grass_block":5,"minecraft:oak_stairs":7,"minecraft:stone_button":1,"minecraft:netherite_hoe":1,"minecraft:dark_oak_slab":243,"minecraft:cat_spawn_egg":5,"minecraft:birch_trapdoor":3,"minecraft:fire_charge":1,"minecraft:dolphin_spawn_egg":16,"minecraft:potion":1,"minecraft:golden_carrot":9,"minecraft:bow":60,"minecraft:beef":1,"minecraft:chainmail_boots":1,"minecraft:dark_oak_fence":56,"minecraft:oak_boat":1},"minecraft:killed_by":{"minecraft:vindicator":1,"minecraft:iron_golem":1},"minecraft:mined":{"minecraft:spruce_planks":31,"minecraft:crafting_table":1,"minecraft:dark_oak_fence":6,"minecraft:short_grass":55,"minecraft:tall_grass":11,"minecraft:sugar_cane":4,"minecraft:spruce_stairs":25,"minecraft:dark_oak_slab":5,"minecraft:fire":5,"minecraft:spruce_log":12,"minecraft:dark_oak_stairs":6,"minecraft:spruce_slab":5}},"DataVersion":3839}