{"stats":{"minecraft:custom":{"minecraft:time_since_rest":95575,"minecraft:sprint_one_cm":154508,"minecraft:damage_taken":184,"minecraft:walk_one_cm":213320,"minecraft:mob_kills":11,"minecraft:drop":3,"minecraft:damage_dealt":1355,"minecraft:talked_to_villager":1,"minecraft:swim_one_cm":3862,"minecraft:interact_with_crafting_table":12,"minecraft:fly_one_cm":146985,"minecraft:crouch_one_cm":21197,"minecraft:play_time":95575,"minecraft:sneak_time":6022,"minecraft:walk_under_water_one_cm":8956,"minecraft:jump":831,"minecraft:leave_game":2,"minecraft:walk_on_water_one_cm":3172,"minecraft:time_since_death":95575,"minecraft:total_world_time":95575,"minecraft:damage_resisted":1397,"minecraft:fall_one_cm":23006},"minecraft:dropped":{"minecraft:dark_oak_stairs":1,"minecraft:diamond_axe":1,"minecraft:spruce_stairs":1},"minecraft:picked_up":{"minecraft:dark_oak_door":64,"minecraft:dark_oak_slab":5,"minecraft:crafting_table":1,"minecraft:chainmail_boots":1,"minecraft:salmon":3,"minecraft:spruce_stairs":24,"minecraft:spruce_log":204,"minecraft:dark_oak_log":64,"minecraft:string":3,"minecraft:stone_sword":1,"minecraft:arrow":1,"minecraft:rotten_flesh":3,"minecraft:wheat_seeds":11,"minecraft:writable_book":1,"minecraft:spruce_planks":87,"minecraft:beef":1,"minecraft:diamond_axe":2,"minecraft:baked_potato":64,"minecraft:spruce_slab":5,"minecraft:sugar_cane":13,"minecraft:dark_oak_fence":70,"minecraft:dark_oak_stairs":7},"minecraft:crafted":{"minecraft:sugar":13,"minecraft:spruce_stairs":28,"minecraft:dark_oak_slab":24,"minecraft:dark_oak_stairs":36,"minecraft:crafting_table":2,"minecraft:spruce_planks":288,"minecraft:spruce_slab":12,"minecraft:dark_oak_planks":84},"minecraft:used":{"minecraft:dark_oak_planks":2,"minecraft:dark_oak_stairs":42,"minecraft:writable_book":1,"minecraft:stone_sword":24,"minecraft:spruce_slab":13,"minecraft:baked_potato":2,"minecraft:spruce_planks":240,"minecraft:dark_oak_slab":14,"minecraft:diamond_axe":84,"minecraft:rotten_flesh":3,"minecraft:salmon":3,"minecraft:beef":1,"minecraft:crafting_table":3,"minecraft:dark_oak_fence":41,"minecraft:chainmail_boots":1,"minecraft:spruce_stairs":39,"minecraft:spruce_log":100},"minecraft:killed":{"minecraft:skeleton":2,"minecraft:husk":1,"minecraft:cave_spider":2,"minecraft:zombie":1,"minecraft:salmon":3,"minecraft:villager":1,"minecraft:cow":1},"minecraft:mined":{"minecraft:spruce_stairs":23,"minecraft:spruce_planks":25,"minecraft:dark_oak_slab":5,"minecraft:fire":5,"minecraft:spruce_log":12,"minecraft:crafting_table":1,"minecraft:dark_oak_stairs":6,"minecraft:dark_oak_fence":6,"minecraft:short_grass":45,"minecraft:tall_grass":4,"minecraft:sugar_cane":4,"minecraft:spruce_slab":5}},"DataVersion":3839}