{"stats":{"minecraft:custom":{"minecraft:mob_kills":11,"minecraft:interact_with_crafting_table":12,"minecraft:leave_game":2,"minecraft:time_since_death":155575,"minecraft:climb_one_cm":1115,"minecraft:damage_resisted":1481,"minecraft:time_since_rest":155575,"minecraft:sprint_one_cm":239791,"minecraft:damage_taken":184,"minecraft:walk_one_cm":277933,"minecraft:drop":4,"minecraft:damage_dealt":1355,"minecraft:swim_one_cm":3862,"minecraft:talked_to_villager":1,"minecraft:fly_one_cm":611102,"minecraft:crouch_one_cm":27628,"minecraft:play_time":155575,"minecraft:sneak_time":9116,"minecraft:walk_under_water_one_cm":8956,"minecraft:jump":1199,"minecraft:walk_on_water_one_cm":3191,"minecraft:total_world_time":155575,"minecraft:fall_one_cm":30813},"minecraft:picked_up":{"minecraft:crafting_table":1,"minecraft:chainmail_boots":1,"minecraft:salmon":3,"minecraft:enchanted_book":1,"minecraft:string":3,"minecraft:wheat_seeds":11,"minecraft:spruce_planks":93,"minecraft:beef":1,"minecraft:spruce_slab":5,"minecraft:sugar_cane":13,"minecraft:dark_oak_stairs":7,"minecraft:dark_oak_door":64,"minecraft:dark_oak_slab":5,"minecraft:spruce_stairs":26,"minecraft:spruce_log":204,"minecraft:dark_oak_log":64,"minecraft:stone_sword":1,"minecraft:arrow":1,"minecraft:rotten_flesh":3,"minecraft:writable_book":1,"minecraft:diamond_axe":2,"minecraft:baked_potato":64,"minecraft:dark_oak_fence":70},"minecraft:dropped":{"minecraft:enchanted_book":1,"minecraft:dark_oak_stairs":1,"minecraft:diamond_axe":1,"minecraft:spruce_stairs":1},"minecraft:crafted":{"minecraft:sugar":13,"minecraft:dark_oak_stairs":36,"minecraft:crafting_table":2,"minecraft:spruce_planks":288,"minecraft:spruce_stairs":28,"minecraft:dark_oak_slab":24,"minecraft:spruce_slab":12,"minecraft:dark_oak_planks":84},"minecraft:killed":{"minecraft:cave_spider":2,"minecraft:husk":1,"minecraft:salmon":3,"minecraft:skeleton":2,"minecraft:zombie":1,"minecraft:villager":1,"minecraft:cow":1},"minecraft:used":{"minecraft:dark_oak_stairs":48,"minecraft:writable_book":1,"minecraft:stone_sword":24,"minecraft:stripped_birch_log":8,"minecraft:spruce_slab":20,"minecraft:oak_planks":1,"minecraft:baked_potato":5,"minecraft:ladder":12,"minecraft:spruce_planks":242,"minecraft:parrot_spawn_egg":3,"minecraft:diamond_axe":108,"minecraft:stripped_birch_wood":101,"minecraft:rotten_flesh":3,"minecraft:white_wool":4,"minecraft:salmon":3,"minecraft:dark_oak_trapdoor":3,"minecraft:oak_slab":3,"minecraft:crafting_table":3,"minecraft:spruce_stairs":70,"minecraft:spruce_log":178,"minecraft:dark_oak_planks":2,"minecraft:netherite_shovel":7,"minecraft:birch_fence_gate":2,"minecraft:grass_block":3,"minecraft:oak_stairs":7,"minecraft:stone_button":1,"minecraft:dark_oak_slab":243,"minecraft:birch_trapdoor":3,"minecraft:beef":1,"minecraft:chainmail_boots":1,"minecraft:dark_oak_fence":56},"minecraft:mined":{"minecraft:spruce_planks":31,"minecraft:crafting_table":1,"minecraft:dark_oak_fence":6,"minecraft:short_grass":45,"minecraft:tall_grass":4,"minecraft:sugar_cane":4,"minecraft:spruce_stairs":25,"minecraft:dark_oak_slab":5,"minecraft:fire":5,"minecraft:spruce_log":12,"minecraft:dark_oak_stairs":6,"minecraft:spruce_slab":5}},"DataVersion":3839}