{"stats":{"minecraft:custom":{"minecraft:time_since_rest":32913,"minecraft:sprint_one_cm":35906,"minecraft:damage_taken":184,"minecraft:walk_one_cm":76048,"minecraft:mob_kills":7,"minecraft:damage_dealt":741,"minecraft:swim_one_cm":3862,"minecraft:interact_with_crafting_table":5,"minecraft:fly_one_cm":68258,"minecraft:crouch_one_cm":8117,"minecraft:play_time":32913,"minecraft:sneak_time":2687,"minecraft:walk_under_water_one_cm":8956,"minecraft:jump":394,"minecraft:leave_game":1,"minecraft:time_since_death":32913,"minecraft:walk_on_water_one_cm":2663,"minecraft:total_world_time":32913,"minecraft:damage_resisted":116,"minecraft:fall_one_cm":8983},"minecraft:picked_up":{"minecraft:dark_oak_door":64,"minecraft:crafting_table":1,"minecraft:chainmail_boots":1,"minecraft:salmon":3,"minecraft:spruce_stairs":3,"minecraft:spruce_log":134,"minecraft:dark_oak_log":64,"minecraft:stone_sword":1,"minecraft:arrow":1,"minecraft:rotten_flesh":1,"minecraft:wheat_seeds":11,"minecraft:spruce_planks":68,"minecraft:diamond_axe":1,"minecraft:beef":1,"minecraft:spruce_slab":5,"minecraft:sugar_cane":13,"minecraft:dark_oak_fence":64},"minecraft:crafted":{"minecraft:spruce_stairs":20,"minecraft:crafting_table":2,"minecraft:spruce_slab":12,"minecraft:spruce_planks":256,"minecraft:dark_oak_planks":4},"minecraft:used":{"minecraft:stone_sword":6,"minecraft:spruce_slab":11,"minecraft:spruce_planks":199,"minecraft:diamond_axe":18,"minecraft:rotten_flesh":1,"minecraft:salmon":3,"minecraft:beef":1,"minecraft:crafting_table":2,"minecraft:dark_oak_fence":2,"minecraft:chainmail_boots":1,"minecraft:spruce_stairs":15,"minecraft:spruce_log":46},"minecraft:killed":{"minecraft:skeleton":2,"minecraft:zombie":1,"minecraft:salmon":3,"minecraft:cow":1},"minecraft:mined":{"minecraft:spruce_stairs":3,"minecraft:spruce_planks":4,"minecraft:fire":4,"minecraft:spruce_log":6,"minecraft:crafting_table":1,"minecraft:short_grass":42,"minecraft:tall_grass":3,"minecraft:sugar_cane":4,"minecraft:spruce_slab":5}},"DataVersion":3839}