{"stats":{"minecraft:dropped":{"minecraft:oak_log":5},"minecraft:custom":{"minecraft:jump":130,"minecraft:time_since_rest":3941,"minecraft:leave_game":1,"minecraft:crouch_one_cm":478,"minecraft:sprint_one_cm":21316,"minecraft:play_time":3941,"minecraft:damage_taken":60,"minecraft:time_since_death":3941,"minecraft:walk_one_cm":5283,"minecraft:sneak_time":191,"minecraft:total_world_time":3941,"minecraft:drop":1,"minecraft:fall_one_cm":4742,"minecraft:fly_one_cm":31790},"minecraft:picked_up":{"minecraft:stick":5,"minecraft:oak_log":10,"minecraft:oak_sapling":3,"minecraft:cobblestone":3}},"DataVersion":3839}