{"stats":{"minecraft:mined":{"minecraft:kelp_plant":32,"minecraft:soul_fire":1,"minecraft:granite":10,"minecraft:short_grass":38,"minecraft:grass_block":9,"minecraft:calcite":13,"minecraft:cobblestone":1,"minecraft:kelp":3,"minecraft:diorite":12,"minecraft:amethyst_block":68,"minecraft:seagrass":5,"minecraft:birch_log":71,"minecraft:iron_ore":7,"minecraft:birch_leaves":16,"minecraft:oak_log":88,"minecraft:coal_ore":15,"minecraft:deepslate_iron_ore":2,"minecraft:gravel":1,"minecraft:dirt":6,"minecraft:smooth_basalt":3,"minecraft:stone":120,"minecraft:deepslate":116,"minecraft:oak_leaves":77},"minecraft:crafted":{"minecraft:oak_planks":32,"minecraft:stone_shovel":1,"minecraft:oak_sign":3,"minecraft:dried_kelp":119,"minecraft:stone_axe":1,"minecraft:air":0,"minecraft:shield":1,"minecraft:stick":4,"minecraft:iron_ingot":6,"minecraft:iron_pickaxe":1,"minecraft:stone_pickaxe":1,"minecraft:chest":1,"minecraft:dried_kelp_block":4,"minecraft:torch":40},"minecraft:killed":{"minecraft:pig":1,"minecraft:bat":1,"minecraft:cod":4,"minecraft:phantom":1,"minecraft:skeleton":1,"minecraft:zombie":1},"minecraft:broken":{"minecraft:stone_pickaxe":1,"minecraft:stone_axe":1},"minecraft:used":{"minecraft:beetroot":2,"minecraft:wheat_seeds":4,"minecraft:cooked_mutton":3,"minecraft:stone_sword":2,"minecraft:stone_pickaxe":131,"minecraft:dried_kelp":22,"minecraft:oak_sign":1,"minecraft:chest":1,"minecraft:shield":6,"minecraft:cooked_salmon":4,"minecraft:torch":18,"minecraft:dirt":5,"minecraft:white_bed":1,"minecraft:oak_log":4,"minecraft:apple":2,"minecraft:bread":4,"minecraft:iron_pickaxe":238,"minecraft:melon_seeds":4,"minecraft:pufferfish":1,"minecraft:stone_axe":257,"minecraft:cobblestone":5,"minecraft:oak_sapling":4,"minecraft:cooked_porkchop":2,"minecraft:beetroot_seeds":4,"minecraft:bone_meal":64},"minecraft:dropped":{"minecraft:water_bucket":1,"minecraft:stone_axe":1,"minecraft:oak_log":5,"minecraft:beetroot":2,"minecraft:chest":1,"minecraft:dried_kelp":51},"minecraft:custom":{"minecraft:interact_with_furnace":37,"minecraft:mob_kills":9,"minecraft:interact_with_crafting_table":17,"minecraft:open_barrel":12,"minecraft:interact_with_campfire":17,"minecraft:interact_with_stonecutter":2,"minecraft:time_since_death":119258,"minecraft:leave_game":6,"minecraft:sleep_in_bed":4,"minecraft:time_since_rest":33841,"minecraft:sprint_one_cm":405031,"minecraft:damage_taken":430,"minecraft:walk_one_cm":310649,"minecraft:damage_blocked_by_shield":250,"minecraft:drop":56,"minecraft:damage_dealt":922,"minecraft:swim_one_cm":41935,"minecraft:fly_one_cm":226994,"minecraft:open_chest":62,"minecraft:crouch_one_cm":26053,"minecraft:play_time":119258,"minecraft:sneak_time":12724,"minecraft:walk_under_water_one_cm":7401,"minecraft:jump":1679,"minecraft:interact_with_blast_furnace":8,"minecraft:walk_on_water_one_cm":4621,"minecraft:interact_with_smoker":5,"minecraft:total_world_time":119258,"minecraft:fall_one_cm":22472,"minecraft:inspect_dispenser":9},"minecraft:picked_up":{"minecraft:birch_log":71,"minecraft:water_bucket":2,"minecraft:oak_log":97,"minecraft:gunpowder":1,"minecraft:amethyst_block":68,"minecraft:dirt":15,"minecraft:pufferfish":1,"minecraft:beetroot":4,"minecraft:apple":5,"minecraft:kelp":290,"minecraft:wheat_seeds":4,"minecraft:cobbled_deepslate":116,"minecraft:bucket":1,"minecraft:calcite":13,"minecraft:chest":1,"minecraft:birch_sapling":14,"minecraft:raw_iron":9,"minecraft:stick":43,"minecraft:smooth_basalt":3,"minecraft:cooked_porkchop":2,"minecraft:gravel":3,"minecraft:porkchop":3,"minecraft:dried_kelp":12,"minecraft:diorite":12,"minecraft:white_bed":1,"minecraft:grass_block":1,"minecraft:arrow":2,"minecraft:rotten_flesh":1,"minecraft:cooked_cod":2,"minecraft:stone_axe":1,"minecraft:granite":10,"minecraft:bone_meal":64,"minecraft:bread":4,"minecraft:oak_button":1,"minecraft:oak_sapling":33,"minecraft:coal":15,"minecraft:cod":2,"minecraft:cobblestone":124}},"DataVersion":3839}