{"stats":{"minecraft:mined":{"minecraft:birch_log":54,"minecraft:birch_leaves":12,"minecraft:short_grass":38,"minecraft:grass_block":9,"minecraft:coal_ore":15,"minecraft:oak_log":65,"minecraft:dirt":5,"minecraft:cobblestone":1,"minecraft:stone":5,"minecraft:oak_leaves":59},"minecraft:crafted":{"minecraft:iron_ingot":2,"minecraft:stone_pickaxe":1,"minecraft:stone_axe":1,"minecraft:air":0},"minecraft:broken":{"minecraft:stone_axe":1},"minecraft:killed":{"minecraft:zombie":1},"minecraft:dropped":{"minecraft:oak_log":5},"minecraft:used":{"minecraft:oak_log":4,"minecraft:cooked_mutton":3,"minecraft:wheat_seeds":4,"minecraft:apple":2,"minecraft:bread":1,"minecraft:stone_pickaxe":22,"minecraft:cooked_salmon":4,"minecraft:melon_seeds":4,"minecraft:pufferfish":1,"minecraft:stone_axe":171,"minecraft:dirt":5,"minecraft:cobblestone":3,"minecraft:oak_sapling":4,"minecraft:beetroot_seeds":4,"minecraft:white_bed":1},"minecraft:custom":{"minecraft:time_since_rest":3990,"minecraft:interact_with_furnace":14,"minecraft:sprint_one_cm":195858,"minecraft:damage_taken":430,"minecraft:walk_one_cm":180866,"minecraft:mob_kills":1,"minecraft:drop":1,"minecraft:damage_dealt":266,"minecraft:swim_one_cm":407,"minecraft:interact_with_crafting_table":5,"minecraft:fly_one_cm":158136,"minecraft:open_barrel":6,"minecraft:open_chest":29,"minecraft:crouch_one_cm":8534,"minecraft:play_time":56667,"minecraft:sneak_time":3784,"minecraft:walk_under_water_one_cm":61,"minecraft:jump":990,"minecraft:leave_game":3,"minecraft:walk_on_water_one_cm":39,"minecraft:time_since_death":56667,"minecraft:sleep_in_bed":3,"minecraft:total_world_time":56667,"minecraft:fall_one_cm":17307,"minecraft:inspect_dispenser":1},"minecraft:picked_up":{"minecraft:birch_log":54,"minecraft:stick":23,"minecraft:oak_log":74,"minecraft:white_bed":1,"minecraft:gunpowder":1,"minecraft:dirt":14,"minecraft:pufferfish":1,"minecraft:rotten_flesh":1,"minecraft:apple":3,"minecraft:wheat_seeds":4,"minecraft:bread":1,"minecraft:oak_sapling":17,"minecraft:birch_sapling":10,"minecraft:coal":15,"minecraft:cobblestone":9}},"DataVersion":3839}