{"stats":{"minecraft:custom":{"minecraft:mob_kills":12,"minecraft:interact_with_crafting_table":12,"minecraft:bell_ring":3,"minecraft:leave_game":2,"minecraft:time_since_death":179575,"minecraft:climb_one_cm":2119,"minecraft:damage_resisted":1481,"minecraft:time_since_rest":179575,"minecraft:sprint_one_cm":272688,"minecraft:damage_taken":184,"minecraft:walk_one_cm":305316,"minecraft:drop":4,"minecraft:damage_dealt":1555,"minecraft:swim_one_cm":176119,"minecraft:talked_to_villager":1,"minecraft:fly_one_cm":903977,"minecraft:crouch_one_cm":30306,"minecraft:play_time":179575,"minecraft:sneak_time":10165,"minecraft:walk_under_water_one_cm":61283,"minecraft:boat_one_cm":19106,"minecraft:aviate_one_cm":546958,"minecraft:jump":1331,"minecraft:walk_on_water_one_cm":23683,"minecraft:total_world_time":179575,"minecraft:fall_one_cm":30813},"minecraft:picked_up":{"minecraft:crafting_table":1,"minecraft:feather":2,"minecraft:chainmail_boots":1,"minecraft:salmon":3,"minecraft:enchanted_book":1,"minecraft:gunpowder":2,"minecraft:string":3,"minecraft:wheat_seeds":13,"minecraft:spruce_planks":93,"minecraft:beef":1,"minecraft:spruce_slab":5,"minecraft:sugar_cane":13,"minecraft:dark_oak_stairs":7,"minecraft:dark_oak_door":64,"minecraft:dark_oak_slab":5,"minecraft:spruce_stairs":26,"minecraft:spruce_log":204,"minecraft:dark_oak_log":64,"minecraft:stone_sword":1,"minecraft:arrow":1,"minecraft:rotten_flesh":3,"minecraft:writable_book":1,"minecraft:diamond_axe":2,"minecraft:baked_potato":64,"minecraft:dark_oak_fence":70,"minecraft:snowball":1},"minecraft:dropped":{"minecraft:enchanted_book":1,"minecraft:dark_oak_stairs":1,"minecraft:diamond_axe":1,"minecraft:spruce_stairs":1},"minecraft:crafted":{"minecraft:sugar":13,"minecraft:dark_oak_stairs":36,"minecraft:crafting_table":2,"minecraft:spruce_planks":288,"minecraft:spruce_stairs":28,"minecraft:dark_oak_slab":24,"minecraft:spruce_slab":12,"minecraft:dark_oak_planks":84},"minecraft:killed":{"minecraft:cave_spider":2,"minecraft:husk":1,"minecraft:salmon":3,"minecraft:creeper":1,"minecraft:skeleton":2,"minecraft:zombie":1,"minecraft:villager":1,"minecraft:cow":1},"minecraft:used":{"minecraft:oak_fence":1,"minecraft:wheat_seeds":1,"minecraft:dark_oak_stairs":48,"minecraft:writable_book":1,"minecraft:stone_sword":24,"minecraft:stripped_birch_log":8,"minecraft:spruce_slab":20,"minecraft:oak_planks":1,"minecraft:baked_potato":5,"minecraft:ladder":12,"minecraft:spruce_planks":242,"minecraft:parrot_spawn_egg":8,"minecraft:diamond_axe":108,"minecraft:stripped_birch_wood":101,"minecraft:rotten_flesh":3,"minecraft:white_wool":4,"minecraft:salmon":3,"minecraft:dark_oak_trapdoor":3,"minecraft:oak_slab":3,"minecraft:crafting_table":3,"minecraft:spruce_stairs":70,"minecraft:snowball":57,"minecraft:spruce_log":178,"minecraft:creeper_spawn_egg":1,"minecraft:dark_oak_planks":2,"minecraft:firework_rocket":34,"minecraft:netherite_shovel":7,"minecraft:birch_fence_gate":2,"minecraft:grass_block":5,"minecraft:oak_stairs":7,"minecraft:stone_button":1,"minecraft:netherite_hoe":1,"minecraft:dark_oak_slab":243,"minecraft:cat_spawn_egg":5,"minecraft:birch_trapdoor":3,"minecraft:dolphin_spawn_egg":16,"minecraft:beef":1,"minecraft:chainmail_boots":1,"minecraft:dark_oak_fence":56,"minecraft:oak_boat":1},"minecraft:mined":{"minecraft:spruce_planks":31,"minecraft:crafting_table":1,"minecraft:dark_oak_fence":6,"minecraft:short_grass":45,"minecraft:tall_grass":4,"minecraft:sugar_cane":4,"minecraft:spruce_stairs":25,"minecraft:dark_oak_slab":5,"minecraft:fire":5,"minecraft:spruce_log":12,"minecraft:dark_oak_stairs":6,"minecraft:spruce_slab":5}},"DataVersion":3839}