{"stats":{"minecraft:mined":{"minecraft:kelp_plant":32,"minecraft:soul_fire":1,"minecraft:short_grass":38,"minecraft:grass_block":9,"minecraft:cobblestone":1,"minecraft:kelp":3,"minecraft:seagrass":5,"minecraft:birch_log":71,"minecraft:iron_ore":2,"minecraft:birch_leaves":16,"minecraft:oak_log":88,"minecraft:coal_ore":15,"minecraft:gravel":1,"minecraft:dirt":6,"minecraft:stone":62,"minecraft:oak_leaves":77},"minecraft:crafted":{"minecraft:oak_planks":8,"minecraft:stone_shovel":1,"minecraft:dried_kelp":97,"minecraft:stone_axe":1,"minecraft:air":0,"minecraft:shield":1,"minecraft:iron_ingot":4,"minecraft:stone_pickaxe":1},"minecraft:broken":{"minecraft:stone_axe":1},"minecraft:killed":{"minecraft:pig":1,"minecraft:cod":4,"minecraft:phantom":1,"minecraft:skeleton":1,"minecraft:zombie":1},"minecraft:used":{"minecraft:beetroot":2,"minecraft:wheat_seeds":4,"minecraft:cooked_mutton":3,"minecraft:stone_pickaxe":82,"minecraft:dried_kelp":18,"minecraft:shield":6,"minecraft:cooked_salmon":4,"minecraft:dirt":5,"minecraft:white_bed":1,"minecraft:oak_log":4,"minecraft:apple":2,"minecraft:bread":3,"minecraft:melon_seeds":4,"minecraft:pufferfish":1,"minecraft:stone_axe":257,"minecraft:cobblestone":3,"minecraft:oak_sapling":4,"minecraft:cooked_porkchop":2,"minecraft:beetroot_seeds":4,"minecraft:bone_meal":64},"minecraft:dropped":{"minecraft:water_bucket":1,"minecraft:stone_axe":1,"minecraft:oak_log":5,"minecraft:beetroot":2,"minecraft:chest":1,"minecraft:dried_kelp":51},"minecraft:custom":{"minecraft:interact_with_furnace":33,"minecraft:mob_kills":8,"minecraft:interact_with_crafting_table":9,"minecraft:open_barrel":11,"minecraft:interact_with_campfire":17,"minecraft:interact_with_stonecutter":2,"minecraft:time_since_death":99200,"minecraft:leave_game":5,"minecraft:sleep_in_bed":4,"minecraft:time_since_rest":13783,"minecraft:sprint_one_cm":358226,"minecraft:damage_taken":430,"minecraft:walk_one_cm":291187,"minecraft:damage_blocked_by_shield":250,"minecraft:drop":56,"minecraft:damage_dealt":862,"minecraft:swim_one_cm":41935,"minecraft:fly_one_cm":215515,"minecraft:open_chest":53,"minecraft:crouch_one_cm":13023,"minecraft:play_time":99200,"minecraft:sneak_time":6171,"minecraft:walk_under_water_one_cm":7401,"minecraft:jump":1417,"minecraft:interact_with_blast_furnace":4,"minecraft:walk_on_water_one_cm":4621,"minecraft:interact_with_smoker":1,"minecraft:total_world_time":99200,"minecraft:fall_one_cm":21934,"minecraft:inspect_dispenser":9},"minecraft:picked_up":{"minecraft:birch_log":71,"minecraft:water_bucket":2,"minecraft:oak_log":97,"minecraft:gunpowder":1,"minecraft:dirt":15,"minecraft:pufferfish":1,"minecraft:beetroot":4,"minecraft:apple":5,"minecraft:kelp":290,"minecraft:wheat_seeds":4,"minecraft:bucket":1,"minecraft:chest":1,"minecraft:birch_sapling":14,"minecraft:raw_iron":2,"minecraft:stick":43,"minecraft:cooked_porkchop":2,"minecraft:gravel":3,"minecraft:porkchop":3,"minecraft:dried_kelp":12,"minecraft:white_bed":1,"minecraft:grass_block":1,"minecraft:arrow":2,"minecraft:rotten_flesh":1,"minecraft:cooked_cod":2,"minecraft:stone_axe":1,"minecraft:bone_meal":64,"minecraft:bread":1,"minecraft:oak_button":1,"minecraft:oak_sapling":33,"minecraft:coal":15,"minecraft:cod":2,"minecraft:cobblestone":66}},"DataVersion":3839}