{"stats":{"minecraft:custom":{"minecraft:time_since_rest":83575,"minecraft:sprint_one_cm":134428,"minecraft:damage_taken":184,"minecraft:walk_one_cm":175545,"minecraft:mob_kills":10,"minecraft:drop":2,"minecraft:damage_dealt":1175,"minecraft:swim_one_cm":3862,"minecraft:interact_with_crafting_table":11,"minecraft:fly_one_cm":136660,"minecraft:crouch_one_cm":17092,"minecraft:play_time":83575,"minecraft:sneak_time":4724,"minecraft:walk_under_water_one_cm":8956,"minecraft:jump":702,"minecraft:leave_game":2,"minecraft:walk_on_water_one_cm":3172,"minecraft:time_since_death":83575,"minecraft:total_world_time":83575,"minecraft:damage_resisted":1257,"minecraft:fall_one_cm":17585},"minecraft:dropped":{"minecraft:dark_oak_stairs":1,"minecraft:spruce_stairs":1},"minecraft:picked_up":{"minecraft:dark_oak_door":64,"minecraft:crafting_table":1,"minecraft:chainmail_boots":1,"minecraft:salmon":3,"minecraft:spruce_stairs":24,"minecraft:spruce_log":200,"minecraft:dark_oak_log":64,"minecraft:string":3,"minecraft:stone_sword":1,"minecraft:arrow":1,"minecraft:rotten_flesh":3,"minecraft:wheat_seeds":11,"minecraft:spruce_planks":77,"minecraft:beef":1,"minecraft:diamond_axe":1,"minecraft:spruce_slab":5,"minecraft:sugar_cane":13,"minecraft:dark_oak_fence":68,"minecraft:dark_oak_stairs":7},"minecraft:crafted":{"minecraft:sugar":13,"minecraft:spruce_stairs":28,"minecraft:dark_oak_stairs":36,"minecraft:crafting_table":2,"minecraft:spruce_planks":288,"minecraft:spruce_slab":12,"minecraft:dark_oak_planks":64},"minecraft:used":{"minecraft:dark_oak_stairs":40,"minecraft:stone_sword":24,"minecraft:spruce_slab":13,"minecraft:spruce_planks":232,"minecraft:diamond_axe":59,"minecraft:rotten_flesh":3,"minecraft:salmon":3,"minecraft:beef":1,"minecraft:crafting_table":3,"minecraft:dark_oak_fence":22,"minecraft:chainmail_boots":1,"minecraft:spruce_stairs":39,"minecraft:spruce_log":72},"minecraft:killed":{"minecraft:skeleton":2,"minecraft:husk":1,"minecraft:cave_spider":2,"minecraft:zombie":1,"minecraft:salmon":3,"minecraft:cow":1},"minecraft:mined":{"minecraft:spruce_stairs":23,"minecraft:spruce_planks":13,"minecraft:fire":5,"minecraft:spruce_log":8,"minecraft:crafting_table":1,"minecraft:dark_oak_stairs":6,"minecraft:dark_oak_fence":4,"minecraft:short_grass":45,"minecraft:tall_grass":4,"minecraft:sugar_cane":4,"minecraft:spruce_slab":5}},"DataVersion":3839}