{"stats":{"minecraft:custom":{"minecraft:time_since_rest":14373,"minecraft:crouch_one_cm":2807,"minecraft:sprint_one_cm":5321,"minecraft:play_time":223119,"minecraft:walk_one_cm":10309,"minecraft:damage_taken":40,"minecraft:deaths":1,"minecraft:sneak_time":1446,"minecraft:mob_kills":1,"minecraft:jump":79,"minecraft:damage_dealt":820,"minecraft:leave_game":4,"minecraft:time_since_death":14331,"minecraft:total_world_time":223119,"minecraft:fall_one_cm":209,"minecraft:fly_one_cm":65998},"minecraft:picked_up":{"minecraft:rotten_flesh":1,"minecraft:iron_ingot":4,"minecraft:poppy":1,"minecraft:iron_sword":1,"minecraft:dirt":2},"minecraft:used":{"minecraft:dirt":1,"minecraft:spruce_button":4,"minecraft:oak_button":4,"minecraft:netherite_axe":5,"minecraft:diamond_axe":1},"minecraft:killed":{"minecraft:silverfish":1},"minecraft:mined":{"minecraft:short_grass":1,"minecraft:grass_block":1,"minecraft:dirt":1}},"DataVersion":3839}