{"stats":{"minecraft:custom":{"minecraft:jump":12,"minecraft:time_since_rest":127119,"minecraft:crouch_one_cm":26,"minecraft:play_time":127119,"minecraft:leave_game":4,"minecraft:sprint_one_cm":2813,"minecraft:damage_taken":40,"minecraft:time_since_death":127119,"minecraft:walk_one_cm":1339,"minecraft:sneak_time":234,"minecraft:total_world_time":127119,"minecraft:fall_one_cm":209,"minecraft:fly_one_cm":10353},"minecraft:picked_up":{"minecraft:dirt":2},"minecraft:used":{"minecraft:dirt":1},"minecraft:mined":{"minecraft:short_grass":1,"minecraft:grass_block":1,"minecraft:dirt":1}},"DataVersion":3839}