{"stats":{"minecraft:custom":{"minecraft:time_since_rest":2362,"minecraft:crouch_one_cm":3347,"minecraft:sprint_one_cm":5321,"minecraft:play_time":235119,"minecraft:walk_one_cm":11786,"minecraft:damage_taken":40,"minecraft:deaths":2,"minecraft:sneak_time":2096,"minecraft:walk_under_water_one_cm":841,"minecraft:mob_kills":103,"minecraft:jump":89,"minecraft:damage_dealt":820,"minecraft:leave_game":4,"minecraft:walk_on_water_one_cm":19,"minecraft:time_since_death":527,"minecraft:total_world_time":235119,"minecraft:fall_one_cm":209,"minecraft:fly_one_cm":169972},"minecraft:picked_up":{"minecraft:rotten_flesh":1,"minecraft:iron_ingot":4,"minecraft:poppy":1,"minecraft:iron_sword":1,"minecraft:dirt":2},"minecraft:used":{"minecraft:dirt":1,"minecraft:spruce_slab":1,"minecraft:spruce_button":4,"minecraft:oak_button":4,"minecraft:netherite_axe":5,"minecraft:diamond_axe":1},"minecraft:killed":{"minecraft:horse":16,"minecraft:sheep":12,"minecraft:silverfish":1,"minecraft:bat":7,"minecraft:glow_squid":3,"minecraft:parrot":4,"minecraft:pig":12,"minecraft:villager":1,"minecraft:chicken":12,"minecraft:squid":5,"minecraft:cow":6,"minecraft:salmon":3},"minecraft:mined":{"minecraft:short_grass":1,"minecraft:grass_block":1,"minecraft:dirt":1}},"DataVersion":3839}