{"stats":{"minecraft:mined":{"minecraft:tuff":19,"minecraft:deepslate_diamond_ore":13,"minecraft:granite":21,"minecraft:grass_block":7,"minecraft:hopper":1,"minecraft:composter":1,"minecraft:tall_seagrass":1,"minecraft:furnace":2,"minecraft:carrots":26,"minecraft:cobbled_deepslate":27,"minecraft:iron_ore":62,"minecraft:fire":30,"minecraft:andesite":9,"minecraft:pumpkin":6,"minecraft:gold_block":2,"minecraft:deepslate_iron_ore":1,"minecraft:stone":254,"minecraft:lily_of_the_valley":4,"minecraft:basalt":2,"minecraft:torch":8,"minecraft:crafting_table":9,"minecraft:short_grass":1,"minecraft:melon":1,"minecraft:chest":3,"minecraft:rose_bush":7,"minecraft:cobblestone":79,"minecraft:deepslate_gold_ore":7,"minecraft:oak_planks":3,"minecraft:sugar_cane":4,"minecraft:wall_torch":9,"minecraft:cobblestone_wall":1,"minecraft:wheat":342,"minecraft:birch_leaves":6,"minecraft:coal_ore":103,"minecraft:oak_log":65,"minecraft:beetroots":58,"minecraft:gravel":6,"minecraft:dirt":15,"minecraft:cobweb":48,"minecraft:gold_ore":5,"minecraft:oak_leaves":37,"minecraft:deepslate":288},"minecraft:crafted":{"minecraft:oak_door":3,"minecraft:oak_planks":236,"minecraft:fishing_rod":1,"minecraft:jukebox":1,"minecraft:cooked_chicken":1,"minecraft:birch_slab":30,"minecraft:furnace":6,"minecraft:stone":5,"minecraft:hopper":2,"minecraft:bow":2,"minecraft:iron_boots":1,"minecraft:iron_axe":1,"minecraft:stone_pickaxe":3,"minecraft:cobblestone_wall":36,"minecraft:chest":15,"minecraft:red_dye":2,"minecraft:cooked_cod":13,"minecraft:cooked_porkchop":7,"minecraft:crafting_table":4,"minecraft:dried_kelp":31,"minecraft:wooden_pickaxe":1,"minecraft:iron_helmet":1,"minecraft:iron_sword":1,"minecraft:cooked_salmon":10,"minecraft:birch_planks":16,"minecraft:stone_axe":1,"minecraft:bread":108,"minecraft:air":0,"minecraft:blue_dye":1,"minecraft:oak_boat":3,"minecraft:oak_chest_boat":1,"minecraft:iron_chestplate":1,"minecraft:charcoal":29,"minecraft:purple_dye":2,"minecraft:shield":1,"minecraft:stick":112,"minecraft:iron_ingot":109,"minecraft:iron_pickaxe":4,"minecraft:iron_block":3,"minecraft:stone_sword":2,"minecraft:iron_leggings":1,"minecraft:gold_ingot":12,"minecraft:anvil":1,"minecraft:composter":1,"minecraft:torch":76,"minecraft:shears":1,"minecraft:diamond_chestplate":1},"minecraft:broken":{"minecraft:stone_sword":1,"minecraft:stone_pickaxe":3,"minecraft:iron_pickaxe":2},"minecraft:killed":{"minecraft:cave_spider":3,"minecraft:spider":2,"minecraft:slime":5,"minecraft:skeleton":9,"minecraft:chicken":1,"minecraft:drowned":2,"minecraft:pig":5,"minecraft:salmon":12,"minecraft:creeper":1,"minecraft:zombie":5,"minecraft:cow":4},"minecraft:dropped":{"minecraft:ender_pearl":1,"minecraft:cooked_porkchop":3,"minecraft:cobblestone":24,"minecraft:glow_berries":6,"minecraft:stick":2,"minecraft:pufferfish":1,"minecraft:rose_bush":4,"minecraft:melon_slice":3,"minecraft:fishing_rod":1,"minecraft:tripwire_hook":1,"minecraft:sugar_cane":4,"minecraft:rotten_flesh":3,"minecraft:oak_planks":10,"minecraft:salmon":6,"minecraft:carrot":20,"minecraft:lily_of_the_valley":5,"minecraft:andesite":66},"minecraft:used":{"minecraft:stone_sword":105,"minecraft:tropical_fish":1,"minecraft:chest":15,"minecraft:shield":56,"minecraft:iron_sword":62,"minecraft:cooked_salmon":4,"minecraft:cooked_chicken":2,"minecraft:rotten_flesh":12,"minecraft:oak_door":3,"minecraft:torch":98,"minecraft:dirt":17,"minecraft:spyglass":3,"minecraft:anvil":1,"minecraft:hopper":3,"minecraft:cobblestone_wall":37,"minecraft:carrot":25,"minecraft:tuff":3,"minecraft:granite":6,"minecraft:music_disc_13":1,"minecraft:jungle_sapling":1,"minecraft:iron_axe":88,"minecraft:basalt":1,"minecraft:bow":15,"minecraft:beef":1,"minecraft:furnace":7,"minecraft:oak_sapling":8,"minecraft:cooked_cod":15,"minecraft:beetroot_seeds":59,"minecraft:gold_block":2,"minecraft:cobbled_deepslate":141,"minecraft:pumpkin":6,"minecraft:oak_chest_boat":2,"minecraft:wheat_seeds":340,"minecraft:stone_pickaxe":393,"minecraft:oak_planks":1,"minecraft:wooden_pickaxe":9,"minecraft:composter":2,"minecraft:glow_berries":4,"minecraft:rail":2,"minecraft:crafting_table":12,"minecraft:cod":4,"minecraft:bread":17,"minecraft:melon_slice":2,"minecraft:iron_pickaxe":514,"minecraft:stone_axe":54,"minecraft:fishing_rod":71,"minecraft:cobblestone":136,"minecraft:cooked_porkchop":9,"minecraft:andesite":6,"minecraft:oak_boat":16,"minecraft:jukebox":1},"minecraft:custom":{"minecraft:mob_kills":59,"minecraft:interact_with_anvil":1,"minecraft:inspect_hopper":1,"minecraft:interact_with_crafting_table":46,"minecraft:open_barrel":2,"minecraft:leave_game":4,"minecraft:time_since_death":292096,"minecraft:climb_one_cm":12,"minecraft:sprint_one_cm":584031,"minecraft:walk_one_cm":420013,"minecraft:damage_blocked_by_shield":2430,"minecraft:drop":33,"minecraft:play_time":292096,"minecraft:sneak_time":14163,"minecraft:walk_under_water_one_cm":37479,"minecraft:boat_one_cm":1059723,"minecraft:jump":2666,"minecraft:interact_with_blast_furnace":1,"minecraft:walk_on_water_one_cm":37387,"minecraft:total_world_time":292096,"minecraft:interact_with_furnace":73,"minecraft:play_record":1,"minecraft:interact_with_stonecutter":1,"minecraft:sleep_in_bed":2,"minecraft:time_since_rest":17671,"minecraft:damage_taken":2540,"minecraft:damage_dealt":5676,"minecraft:swim_one_cm":116685,"minecraft:fly_one_cm":338058,"minecraft:open_chest":73,"minecraft:crouch_one_cm":33983,"minecraft:interact_with_smoker":2,"minecraft:fish_caught":45,"minecraft:fall_one_cm":51678,"minecraft:horse_one_cm":165},"minecraft:picked_up":{"minecraft:crafting_table":9,"minecraft:wheat":332,"minecraft:chicken":2,"minecraft:gold_block":2,"minecraft:enchanted_book":1,"minecraft:string":48,"minecraft:pufferfish":5,"minecraft:beetroot":58,"minecraft:cobbled_deepslate":325,"minecraft:beef":5,"minecraft:oak_boat":14,"minecraft:rose_bush":6,"minecraft:jungle_sapling":1,"minecraft:iron_nugget":62,"minecraft:melon_slice":5,"minecraft:sugar_cane":6,"minecraft:chest":3,"minecraft:furnace":2,"minecraft:stick":5,"minecraft:raw_iron":63,"minecraft:composter":1,"minecraft:copper_ingot":1,"minecraft:torch":22,"minecraft:porkchop":14,"minecraft:carrot":119,"minecraft:arrow":23,"minecraft:rotten_flesh":22,"minecraft:cooked_cod":2,"minecraft:tropical_fish":1,"minecraft:beetroot_seeds":167,"minecraft:shears":1,"minecraft:gold_ingot":2,"minecraft:oak_chest_boat":2,"minecraft:glow_berries":6,"minecraft:obsidian":3,"minecraft:cod":26,"minecraft:white_wool":23,"minecraft:rail":2,"minecraft:cobblestone":344,"minecraft:feather":1,"minecraft:basalt":1,"minecraft:tripwire_hook":1,"minecraft:andesite":75,"minecraft:salmon":21,"minecraft:leather":8,"minecraft:flint":3,"minecraft:tuff":19,"minecraft:oak_log":74,"minecraft:cobblestone_wall":1,"minecraft:lapis_lazuli":17,"minecraft:dirt":20,"minecraft:paper":24,"minecraft:name_tag":1,"minecraft:bone":21,"minecraft:coast_armor_trim_smithing_template":2,"minecraft:apple":2,"minecraft:bow":2,"minecraft:wheat_seeds":700,"minecraft:raw_gold":12,"minecraft:iron_ingot":43,"minecraft:oak_planks":3,"minecraft:music_disc_13":1,"minecraft:cooked_porkchop":2,"minecraft:pumpkin":6,"minecraft:gravel":9,"minecraft:lily_of_the_valley":9,"minecraft:spider_eye":2,"minecraft:slime_ball":3,"minecraft:diamond":17,"minecraft:granite":21,"minecraft:bone_meal":2,"minecraft:bread":9,"minecraft:emerald":5,"minecraft:oak_sapling":22,"minecraft:coal":107,"minecraft:hopper":1,"minecraft:ender_pearl":1}},"DataVersion":3839}