{"stats":{"minecraft:custom":{"minecraft:jump":24,"minecraft:time_since_rest":163119,"minecraft:crouch_one_cm":319,"minecraft:play_time":163119,"minecraft:leave_game":4,"minecraft:sprint_one_cm":3081,"minecraft:damage_taken":40,"minecraft:time_since_death":163119,"minecraft:walk_one_cm":3078,"minecraft:sneak_time":358,"minecraft:total_world_time":163119,"minecraft:fall_one_cm":209,"minecraft:fly_one_cm":14058},"minecraft:picked_up":{"minecraft:dirt":2},"minecraft:used":{"minecraft:dirt":1},"minecraft:mined":{"minecraft:short_grass":1,"minecraft:grass_block":1,"minecraft:dirt":1}},"DataVersion":3839}