{"stats":{"minecraft:custom":{"minecraft:jump":37,"minecraft:time_since_rest":187119,"minecraft:crouch_one_cm":991,"minecraft:play_time":187119,"minecraft:leave_game":4,"minecraft:sprint_one_cm":4595,"minecraft:damage_taken":40,"minecraft:time_since_death":187119,"minecraft:walk_one_cm":5456,"minecraft:sneak_time":617,"minecraft:total_world_time":187119,"minecraft:fall_one_cm":209,"minecraft:fly_one_cm":32082},"minecraft:picked_up":{"minecraft:dirt":2},"minecraft:used":{"minecraft:oak_button":4,"minecraft:spruce_button":4,"minecraft:dirt":1},"minecraft:mined":{"minecraft:short_grass":1,"minecraft:grass_block":1,"minecraft:dirt":1}},"DataVersion":3839}