{"stats":{"minecraft:mined":{"minecraft:granite":15,"minecraft:torch":3,"minecraft:crafting_table":2,"minecraft:short_grass":1,"minecraft:grass_block":3,"minecraft:cobblestone":48,"minecraft:oak_planks":3,"minecraft:wall_torch":1,"minecraft:iron_ore":54,"minecraft:cobbled_deepslate":4,"minecraft:andesite":8,"minecraft:birch_leaves":2,"minecraft:pumpkin":6,"minecraft:oak_log":41,"minecraft:coal_ore":94,"minecraft:dirt":11,"minecraft:cobweb":42,"minecraft:stone":171,"minecraft:gold_ore":2,"minecraft:deepslate":20,"minecraft:oak_leaves":17},"minecraft:crafted":{"minecraft:oak_door":3,"minecraft:oak_planks":100,"minecraft:fishing_rod":1,"minecraft:cooked_porkchop":7,"minecraft:crafting_table":3,"minecraft:iron_helmet":1,"minecraft:wooden_pickaxe":1,"minecraft:cooked_chicken":1,"minecraft:furnace":5,"minecraft:cooked_salmon":6,"minecraft:stone_axe":1,"minecraft:air":0,"minecraft:oak_boat":1,"minecraft:iron_boots":1,"minecraft:iron_chestplate":1,"minecraft:charcoal":29,"minecraft:shield":1,"minecraft:stick":48,"minecraft:iron_ingot":31,"minecraft:iron_pickaxe":1,"minecraft:stone_pickaxe":3,"minecraft:stone_sword":2,"minecraft:chest":2,"minecraft:iron_leggings":1,"minecraft:torch":40},"minecraft:killed":{"minecraft:cave_spider":3,"minecraft:pig":5,"minecraft:salmon":12,"minecraft:spider":1,"minecraft:slime":5,"minecraft:skeleton":6,"minecraft:chicken":1,"minecraft:drowned":1,"minecraft:cow":1},"minecraft:broken":{"minecraft:stone_pickaxe":2,"minecraft:stone_sword":1},"minecraft:dropped":{"minecraft:cooked_porkchop":3,"minecraft:glow_berries":6,"minecraft:rotten_flesh":2,"minecraft:cobblestone":24,"minecraft:oak_planks":6,"minecraft:salmon":6,"minecraft:stick":2,"minecraft:andesite":66},"minecraft:used":{"minecraft:stone_sword":105,"minecraft:stone_pickaxe":286,"minecraft:oak_planks":1,"minecraft:wooden_pickaxe":9,"minecraft:chest":2,"minecraft:shield":28,"minecraft:cooked_chicken":2,"minecraft:rotten_flesh":2,"minecraft:torch":42,"minecraft:glow_berries":4,"minecraft:dirt":3,"minecraft:rail":2,"minecraft:crafting_table":5,"minecraft:bread":4,"minecraft:iron_pickaxe":124,"minecraft:stone_axe":54,"minecraft:cobblestone":63,"minecraft:beef":1,"minecraft:oak_sapling":4,"minecraft:furnace":5,"minecraft:cooked_porkchop":9,"minecraft:andesite":6,"minecraft:oak_boat":1,"minecraft:cobbled_deepslate":21,"minecraft:pumpkin":6},"minecraft:custom":{"minecraft:interact_with_furnace":45,"minecraft:mob_kills":37,"minecraft:interact_with_crafting_table":23,"minecraft:open_barrel":2,"minecraft:leave_game":2,"minecraft:time_since_death":85920,"minecraft:time_since_rest":85920,"minecraft:sprint_one_cm":233507,"minecraft:damage_taken":960,"minecraft:walk_one_cm":164407,"minecraft:damage_blocked_by_shield":740,"minecraft:drop":18,"minecraft:damage_dealt":2961,"minecraft:swim_one_cm":35280,"minecraft:fly_one_cm":117166,"minecraft:open_chest":11,"minecraft:crouch_one_cm":13070,"minecraft:play_time":85920,"minecraft:sneak_time":4491,"minecraft:walk_under_water_one_cm":18759,"minecraft:boat_one_cm":51144,"minecraft:jump":891,"minecraft:walk_on_water_one_cm":13857,"minecraft:total_world_time":85920,"minecraft:fall_one_cm":17688},"minecraft:picked_up":{"minecraft:crafting_table":2,"minecraft:feather":1,"minecraft:chicken":2,"minecraft:andesite":74,"minecraft:salmon":12,"minecraft:leather":1,"minecraft:oak_log":50,"minecraft:string":39,"minecraft:dirt":13,"minecraft:bone":10,"minecraft:cobbled_deepslate":23,"minecraft:raw_gold":2,"minecraft:beef":1,"minecraft:oak_planks":3,"minecraft:raw_iron":54,"minecraft:stick":3,"minecraft:cooked_porkchop":2,"minecraft:pumpkin":6,"minecraft:copper_ingot":1,"minecraft:torch":5,"minecraft:porkchop":14,"minecraft:spider_eye":2,"minecraft:arrow":13,"minecraft:rotten_flesh":3,"minecraft:slime_ball":3,"minecraft:granite":15,"minecraft:bone_meal":2,"minecraft:bread":1,"minecraft:oak_sapling":9,"minecraft:glow_berries":6,"minecraft:coal":92,"minecraft:rail":2,"minecraft:cobblestone":213}},"DataVersion":3839}