{"stats":{"minecraft:mined":{"minecraft:tuff":19,"minecraft:deepslate_diamond_ore":13,"minecraft:granite":21,"minecraft:grass_block":5,"minecraft:iron_ore":62,"minecraft:cobbled_deepslate":27,"minecraft:andesite":9,"minecraft:pumpkin":6,"minecraft:gold_block":2,"minecraft:deepslate_iron_ore":1,"minecraft:stone":236,"minecraft:lily_of_the_valley":4,"minecraft:basalt":2,"minecraft:crafting_table":5,"minecraft:torch":8,"minecraft:short_grass":1,"minecraft:melon":1,"minecraft:chest":1,"minecraft:rose_bush":2,"minecraft:cobblestone":79,"minecraft:deepslate_gold_ore":7,"minecraft:oak_planks":3,"minecraft:wall_torch":9,"minecraft:cobblestone_wall":1,"minecraft:birch_leaves":2,"minecraft:coal_ore":103,"minecraft:oak_log":41,"minecraft:gravel":6,"minecraft:dirt":15,"minecraft:cobweb":48,"minecraft:gold_ore":5,"minecraft:oak_leaves":17,"minecraft:deepslate":288},"minecraft:crafted":{"minecraft:oak_door":3,"minecraft:oak_planks":188,"minecraft:fishing_rod":1,"minecraft:jukebox":1,"minecraft:cooked_chicken":1,"minecraft:furnace":5,"minecraft:stone":5,"minecraft:iron_boots":1,"minecraft:bow":1,"minecraft:iron_axe":1,"minecraft:stone_pickaxe":3,"minecraft:cobblestone_wall":36,"minecraft:chest":10,"minecraft:red_dye":2,"minecraft:cooked_cod":4,"minecraft:cooked_porkchop":7,"minecraft:crafting_table":4,"minecraft:dried_kelp":31,"minecraft:wooden_pickaxe":1,"minecraft:iron_helmet":1,"minecraft:iron_sword":1,"minecraft:cooked_salmon":6,"minecraft:stone_axe":1,"minecraft:air":0,"minecraft:blue_dye":1,"minecraft:oak_boat":2,"minecraft:iron_chestplate":1,"minecraft:purple_dye":2,"minecraft:charcoal":29,"minecraft:shield":1,"minecraft:stick":84,"minecraft:iron_ingot":109,"minecraft:iron_pickaxe":4,"minecraft:iron_block":3,"minecraft:stone_sword":2,"minecraft:iron_leggings":1,"minecraft:gold_ingot":12,"minecraft:anvil":1,"minecraft:torch":76,"minecraft:shears":1,"minecraft:diamond_chestplate":1},"minecraft:broken":{"minecraft:stone_sword":1,"minecraft:stone_pickaxe":3,"minecraft:iron_pickaxe":1},"minecraft:killed":{"minecraft:cave_spider":3,"minecraft:spider":2,"minecraft:slime":5,"minecraft:skeleton":9,"minecraft:chicken":1,"minecraft:drowned":1,"minecraft:pig":5,"minecraft:salmon":12,"minecraft:zombie":4,"minecraft:cow":1},"minecraft:dropped":{"minecraft:ender_pearl":1,"minecraft:cooked_porkchop":3,"minecraft:cobblestone":24,"minecraft:glow_berries":6,"minecraft:stick":2,"minecraft:melon_slice":3,"minecraft:rotten_flesh":2,"minecraft:oak_planks":6,"minecraft:salmon":6,"minecraft:lily_of_the_valley":1,"minecraft:andesite":66},"minecraft:used":{"minecraft:stone_sword":105,"minecraft:chest":11,"minecraft:shield":35,"minecraft:iron_sword":38,"minecraft:cooked_chicken":2,"minecraft:rotten_flesh":11,"minecraft:oak_door":3,"minecraft:torch":98,"minecraft:dirt":16,"minecraft:anvil":1,"minecraft:cobblestone_wall":37,"minecraft:tuff":3,"minecraft:music_disc_13":1,"minecraft:granite":6,"minecraft:iron_axe":5,"minecraft:basalt":1,"minecraft:bow":12,"minecraft:beef":1,"minecraft:oak_sapling":4,"minecraft:furnace":5,"minecraft:cooked_cod":2,"minecraft:gold_block":2,"minecraft:cobbled_deepslate":141,"minecraft:pumpkin":6,"minecraft:stone_pickaxe":393,"minecraft:oak_planks":1,"minecraft:wooden_pickaxe":9,"minecraft:glow_berries":4,"minecraft:rail":2,"minecraft:crafting_table":8,"minecraft:bread":10,"minecraft:melon_slice":2,"minecraft:iron_pickaxe":490,"minecraft:stone_axe":54,"minecraft:fishing_rod":27,"minecraft:cobblestone":136,"minecraft:cooked_porkchop":9,"minecraft:andesite":6,"minecraft:oak_boat":4,"minecraft:jukebox":1},"minecraft:custom":{"minecraft:interact_with_anvil":1,"minecraft:mob_kills":45,"minecraft:interact_with_crafting_table":37,"minecraft:open_barrel":2,"minecraft:leave_game":3,"minecraft:time_since_death":202869,"minecraft:sprint_one_cm":385192,"minecraft:walk_one_cm":292892,"minecraft:damage_blocked_by_shield":940,"minecraft:drop":23,"minecraft:play_time":202869,"minecraft:sneak_time":12477,"minecraft:walk_under_water_one_cm":19316,"minecraft:boat_one_cm":299349,"minecraft:jump":1906,"minecraft:interact_with_blast_furnace":1,"minecraft:walk_on_water_one_cm":19625,"minecraft:total_world_time":202869,"minecraft:interact_with_furnace":65,"minecraft:play_record":1,"minecraft:sleep_in_bed":1,"minecraft:time_since_rest":48837,"minecraft:damage_taken":1430,"minecraft:damage_dealt":4522,"minecraft:swim_one_cm":41213,"minecraft:fly_one_cm":206407,"minecraft:open_chest":44,"minecraft:crouch_one_cm":30052,"minecraft:interact_with_smoker":2,"minecraft:fish_caught":22,"minecraft:fall_one_cm":32869},"minecraft:picked_up":{"minecraft:crafting_table":5,"minecraft:chicken":2,"minecraft:gold_block":2,"minecraft:string":48,"minecraft:pufferfish":4,"minecraft:cobbled_deepslate":325,"minecraft:beef":1,"minecraft:oak_boat":2,"minecraft:rose_bush":2,"minecraft:melon_slice":5,"minecraft:chest":1,"minecraft:raw_iron":63,"minecraft:stick":3,"minecraft:copper_ingot":1,"minecraft:torch":22,"minecraft:porkchop":14,"minecraft:arrow":18,"minecraft:rotten_flesh":16,"minecraft:cooked_cod":2,"minecraft:glow_berries":6,"minecraft:cod":13,"minecraft:white_wool":9,"minecraft:rail":2,"minecraft:cobblestone":326,"minecraft:feather":1,"minecraft:basalt":1,"minecraft:andesite":75,"minecraft:salmon":17,"minecraft:leather":2,"minecraft:flint":3,"minecraft:tuff":19,"minecraft:oak_log":50,"minecraft:cobblestone_wall":1,"minecraft:dirt":19,"minecraft:name_tag":1,"minecraft:bone":15,"minecraft:raw_gold":12,"minecraft:iron_ingot":15,"minecraft:oak_planks":3,"minecraft:music_disc_13":1,"minecraft:cooked_porkchop":2,"minecraft:pumpkin":6,"minecraft:gravel":9,"minecraft:lily_of_the_valley":5,"minecraft:spider_eye":2,"minecraft:slime_ball":3,"minecraft:diamond":13,"minecraft:granite":21,"minecraft:bone_meal":2,"minecraft:bread":9,"minecraft:oak_sapling":18,"minecraft:coal":101,"minecraft:ender_pearl":1}},"DataVersion":3839}