{"stats":{"minecraft:mined":{"minecraft:short_grass":1,"minecraft:grass_block":3,"minecraft:cobblestone":1,"minecraft:iron_ore":2,"minecraft:birch_leaves":2,"minecraft:pumpkin":6,"minecraft:oak_log":41,"minecraft:coal_ore":72,"minecraft:stone":60,"minecraft:oak_leaves":17},"minecraft:crafted":{"minecraft:oak_door":3,"minecraft:oak_planks":64,"minecraft:cooked_porkchop":7,"minecraft:crafting_table":2,"minecraft:wooden_pickaxe":1,"minecraft:cooked_chicken":1,"minecraft:furnace":3,"minecraft:cooked_salmon":6,"minecraft:stone_axe":1,"minecraft:air":0,"minecraft:oak_boat":1,"minecraft:shield":1,"minecraft:stick":12,"minecraft:iron_ingot":9,"minecraft:stone_pickaxe":1,"minecraft:stone_sword":1,"minecraft:chest":2},"minecraft:killed":{"minecraft:pig":5,"minecraft:salmon":12,"minecraft:skeleton":1,"minecraft:chicken":1,"minecraft:drowned":1,"minecraft:cow":1},"minecraft:dropped":{"minecraft:cooked_porkchop":3,"minecraft:cobblestone":24,"minecraft:oak_planks":6,"minecraft:salmon":6,"minecraft:stick":2},"minecraft:used":{"minecraft:stone_sword":32,"minecraft:stone_pickaxe":126,"minecraft:wooden_pickaxe":9,"minecraft:chest":2,"minecraft:shield":3,"minecraft:cooked_chicken":1,"minecraft:rotten_flesh":1,"minecraft:crafting_table":2,"minecraft:stone_axe":46,"minecraft:cobblestone":1,"minecraft:beef":1,"minecraft:oak_sapling":4,"minecraft:furnace":3,"minecraft:cooked_porkchop":4,"minecraft:oak_boat":1,"minecraft:pumpkin":6},"minecraft:custom":{"minecraft:interact_with_furnace":27,"minecraft:mob_kills":22,"minecraft:interact_with_crafting_table":15,"minecraft:open_barrel":1,"minecraft:leave_game":2,"minecraft:time_since_death":43920,"minecraft:time_since_rest":43920,"minecraft:sprint_one_cm":105971,"minecraft:damage_taken":340,"minecraft:walk_one_cm":63769,"minecraft:damage_blocked_by_shield":120,"minecraft:drop":13,"minecraft:damage_dealt":1400,"minecraft:swim_one_cm":34796,"minecraft:fly_one_cm":88904,"minecraft:open_chest":4,"minecraft:crouch_one_cm":2273,"minecraft:play_time":43920,"minecraft:sneak_time":1049,"minecraft:walk_under_water_one_cm":15763,"minecraft:boat_one_cm":33434,"minecraft:jump":502,"minecraft:walk_on_water_one_cm":8645,"minecraft:total_world_time":43920,"minecraft:fall_one_cm":13244},"minecraft:picked_up":{"minecraft:feather":1,"minecraft:chicken":2,"minecraft:salmon":12,"minecraft:leather":1,"minecraft:oak_log":50,"minecraft:dirt":3,"minecraft:bone":2,"minecraft:beef":1,"minecraft:raw_iron":2,"minecraft:stick":3,"minecraft:cooked_porkchop":2,"minecraft:pumpkin":6,"minecraft:copper_ingot":1,"minecraft:porkchop":14,"minecraft:arrow":4,"minecraft:rotten_flesh":1,"minecraft:bone_meal":2,"minecraft:oak_sapling":9,"minecraft:coal":72,"minecraft:cobblestone":60}},"DataVersion":3839}