{"stats":{"minecraft:mined":{"minecraft:tuff":3,"minecraft:deepslate_diamond_ore":12,"minecraft:granite":21,"minecraft:torch":5,"minecraft:crafting_table":4,"minecraft:short_grass":1,"minecraft:grass_block":3,"minecraft:cobblestone":79,"minecraft:deepslate_gold_ore":6,"minecraft:oak_planks":3,"minecraft:wall_torch":6,"minecraft:cobblestone_wall":1,"minecraft:iron_ore":62,"minecraft:cobbled_deepslate":27,"minecraft:andesite":9,"minecraft:birch_leaves":2,"minecraft:pumpkin":6,"minecraft:oak_log":41,"minecraft:coal_ore":103,"minecraft:deepslate_iron_ore":1,"minecraft:dirt":13,"minecraft:cobweb":48,"minecraft:stone":236,"minecraft:gold_ore":5,"minecraft:deepslate":181,"minecraft:oak_leaves":17},"minecraft:crafted":{"minecraft:oak_door":3,"minecraft:oak_planks":100,"minecraft:fishing_rod":1,"minecraft:cooked_porkchop":7,"minecraft:crafting_table":4,"minecraft:iron_sword":1,"minecraft:iron_helmet":1,"minecraft:wooden_pickaxe":1,"minecraft:cooked_chicken":1,"minecraft:furnace":5,"minecraft:cooked_salmon":6,"minecraft:stone_axe":1,"minecraft:air":0,"minecraft:oak_boat":1,"minecraft:bow":1,"minecraft:iron_boots":1,"minecraft:iron_chestplate":1,"minecraft:charcoal":29,"minecraft:shield":1,"minecraft:iron_axe":1,"minecraft:stick":48,"minecraft:iron_ingot":57,"minecraft:iron_pickaxe":2,"minecraft:stone_pickaxe":3,"minecraft:cobblestone_wall":36,"minecraft:stone_sword":2,"minecraft:chest":4,"minecraft:gold_ingot":2,"minecraft:iron_leggings":1,"minecraft:torch":76},"minecraft:killed":{"minecraft:cave_spider":3,"minecraft:pig":5,"minecraft:salmon":12,"minecraft:spider":2,"minecraft:slime":5,"minecraft:skeleton":8,"minecraft:zombie":4,"minecraft:chicken":1,"minecraft:drowned":1,"minecraft:cow":1},"minecraft:broken":{"minecraft:stone_pickaxe":3,"minecraft:stone_sword":1,"minecraft:iron_pickaxe":1},"minecraft:dropped":{"minecraft:ender_pearl":1,"minecraft:cooked_porkchop":3,"minecraft:glow_berries":6,"minecraft:rotten_flesh":2,"minecraft:cobblestone":24,"minecraft:oak_planks":6,"minecraft:salmon":6,"minecraft:stick":2,"minecraft:andesite":66},"minecraft:used":{"minecraft:stone_sword":105,"minecraft:stone_pickaxe":393,"minecraft:oak_planks":1,"minecraft:wooden_pickaxe":9,"minecraft:chest":4,"minecraft:shield":35,"minecraft:iron_sword":34,"minecraft:cooked_chicken":2,"minecraft:rotten_flesh":8,"minecraft:torch":81,"minecraft:glow_berries":4,"minecraft:dirt":12,"minecraft:rail":2,"minecraft:crafting_table":7,"minecraft:cobblestone_wall":37,"minecraft:tuff":3,"minecraft:granite":6,"minecraft:iron_axe":2,"minecraft:bread":7,"minecraft:iron_pickaxe":352,"minecraft:stone_axe":54,"minecraft:cobblestone":136,"minecraft:beef":1,"minecraft:oak_sapling":4,"minecraft:furnace":5,"minecraft:cooked_porkchop":9,"minecraft:andesite":6,"minecraft:oak_boat":1,"minecraft:cobbled_deepslate":124,"minecraft:pumpkin":6},"minecraft:custom":{"minecraft:interact_with_furnace":51,"minecraft:mob_kills":44,"minecraft:interact_with_crafting_table":28,"minecraft:open_barrel":2,"minecraft:leave_game":2,"minecraft:time_since_death":133920,"minecraft:time_since_rest":133920,"minecraft:sprint_one_cm":291556,"minecraft:damage_taken":1317,"minecraft:walk_one_cm":228195,"minecraft:damage_blocked_by_shield":940,"minecraft:drop":19,"minecraft:damage_dealt":4342,"minecraft:swim_one_cm":35280,"minecraft:fly_one_cm":136048,"minecraft:open_chest":12,"minecraft:crouch_one_cm":25032,"minecraft:play_time":133920,"minecraft:sneak_time":10904,"minecraft:walk_under_water_one_cm":18759,"minecraft:boat_one_cm":51144,"minecraft:jump":1276,"minecraft:walk_on_water_one_cm":16535,"minecraft:total_world_time":133920,"minecraft:fall_one_cm":21149},"minecraft:picked_up":{"minecraft:crafting_table":4,"minecraft:feather":1,"minecraft:chicken":2,"minecraft:andesite":75,"minecraft:salmon":12,"minecraft:leather":1,"minecraft:flint":2,"minecraft:tuff":3,"minecraft:oak_log":50,"minecraft:cobblestone_wall":1,"minecraft:string":48,"minecraft:dirt":15,"minecraft:bone":13,"minecraft:cobbled_deepslate":218,"minecraft:raw_gold":11,"minecraft:beef":1,"minecraft:oak_planks":3,"minecraft:raw_iron":63,"minecraft:stick":3,"minecraft:cooked_porkchop":2,"minecraft:pumpkin":6,"minecraft:copper_ingot":1,"minecraft:torch":16,"minecraft:porkchop":14,"minecraft:spider_eye":2,"minecraft:arrow":16,"minecraft:rotten_flesh":9,"minecraft:slime_ball":3,"minecraft:diamond":12,"minecraft:granite":21,"minecraft:bone_meal":2,"minecraft:bread":2,"minecraft:oak_sapling":18,"minecraft:glow_berries":6,"minecraft:coal":101,"minecraft:rail":2,"minecraft:cobblestone":326,"minecraft:ender_pearl":1}},"DataVersion":3839}