{"stats":{"minecraft:custom":{"minecraft:jump":60,"minecraft:time_since_rest":2373,"minecraft:deaths":1,"minecraft:crouch_one_cm":1929,"minecraft:play_time":211119,"minecraft:leave_game":4,"minecraft:sprint_one_cm":5297,"minecraft:damage_taken":40,"minecraft:time_since_death":2331,"minecraft:walk_one_cm":6870,"minecraft:sneak_time":1154,"minecraft:total_world_time":211119,"minecraft:fall_one_cm":209,"minecraft:fly_one_cm":52314},"minecraft:picked_up":{"minecraft:dirt":2},"minecraft:used":{"minecraft:oak_button":4,"minecraft:spruce_button":4,"minecraft:dirt":1},"minecraft:mined":{"minecraft:short_grass":1,"minecraft:grass_block":1,"minecraft:dirt":1}},"DataVersion":3839}