{"stats":{"minecraft:mined":{"minecraft:short_grass":1,"minecraft:grass_block":1,"minecraft:dirt":1},"minecraft:used":{"minecraft:dirt":1},"minecraft:custom":{"minecraft:jump":3,"minecraft:time_since_rest":14438,"minecraft:play_time":14438,"minecraft:leave_game":2,"minecraft:sprint_one_cm":2302,"minecraft:time_since_death":14438,"minecraft:walk_one_cm":695,"minecraft:total_world_time":14438,"minecraft:fall_one_cm":209,"minecraft:fly_one_cm":800},"minecraft:picked_up":{"minecraft:dirt":2}},"DataVersion":3839}