{"stats":{"minecraft:used":{"minecraft:dirt":1},"minecraft:picked_up":{"minecraft:dirt":2},"minecraft:mined":{"minecraft:short_grass":1,"minecraft:grass_block":1,"minecraft:dirt":1},"minecraft:custom":{"minecraft:jump":4,"minecraft:time_since_rest":103694,"minecraft:play_time":103694,"minecraft:leave_game":3,"minecraft:sprint_one_cm":2302,"minecraft:damage_taken":40,"minecraft:time_since_death":103694,"minecraft:walk_one_cm":695,"minecraft:sneak_time":76,"minecraft:total_world_time":103694,"minecraft:fall_one_cm":209,"minecraft:fly_one_cm":2433}},"DataVersion":3839}