{"stats":{"minecraft:mined":{"minecraft:tuff":19,"minecraft:deepslate_diamond_ore":13,"minecraft:crafting_table":5,"minecraft:torch":7,"minecraft:granite":21,"minecraft:short_grass":1,"minecraft:melon":1,"minecraft:grass_block":3,"minecraft:cobblestone":79,"minecraft:deepslate_gold_ore":7,"minecraft:oak_planks":3,"minecraft:wall_torch":8,"minecraft:cobblestone_wall":1,"minecraft:cobbled_deepslate":27,"minecraft:iron_ore":62,"minecraft:andesite":9,"minecraft:birch_leaves":2,"minecraft:pumpkin":6,"minecraft:gold_block":2,"minecraft:oak_log":41,"minecraft:coal_ore":103,"minecraft:deepslate_iron_ore":1,"minecraft:gravel":6,"minecraft:dirt":13,"minecraft:cobweb":48,"minecraft:stone":236,"minecraft:gold_ore":5,"minecraft:oak_leaves":17,"minecraft:deepslate":288},"minecraft:crafted":{"minecraft:oak_door":3,"minecraft:oak_planks":100,"minecraft:fishing_rod":1,"minecraft:cooked_porkchop":7,"minecraft:crafting_table":4,"minecraft:cooked_chicken":1,"minecraft:wooden_pickaxe":1,"minecraft:iron_helmet":1,"minecraft:iron_sword":1,"minecraft:furnace":5,"minecraft:cooked_salmon":6,"minecraft:stone_axe":1,"minecraft:air":0,"minecraft:oak_boat":1,"minecraft:bow":1,"minecraft:iron_boots":1,"minecraft:iron_chestplate":1,"minecraft:charcoal":29,"minecraft:shield":1,"minecraft:iron_axe":1,"minecraft:stick":48,"minecraft:iron_ingot":109,"minecraft:iron_pickaxe":2,"minecraft:stone_pickaxe":3,"minecraft:cobblestone_wall":36,"minecraft:stone_sword":2,"minecraft:chest":4,"minecraft:gold_ingot":2,"minecraft:iron_leggings":1,"minecraft:torch":76,"minecraft:diamond_chestplate":1},"minecraft:killed":{"minecraft:cave_spider":3,"minecraft:pig":5,"minecraft:salmon":12,"minecraft:spider":2,"minecraft:slime":5,"minecraft:skeleton":9,"minecraft:zombie":4,"minecraft:chicken":1,"minecraft:drowned":1,"minecraft:cow":1},"minecraft:broken":{"minecraft:stone_pickaxe":3,"minecraft:stone_sword":1,"minecraft:iron_pickaxe":1},"minecraft:dropped":{"minecraft:ender_pearl":1,"minecraft:cooked_porkchop":3,"minecraft:rotten_flesh":2,"minecraft:cobblestone":24,"minecraft:glow_berries":6,"minecraft:oak_planks":6,"minecraft:salmon":6,"minecraft:stick":2,"minecraft:andesite":66,"minecraft:melon_slice":3},"minecraft:used":{"minecraft:stone_sword":105,"minecraft:stone_pickaxe":393,"minecraft:oak_planks":1,"minecraft:chest":4,"minecraft:shield":35,"minecraft:wooden_pickaxe":9,"minecraft:iron_sword":38,"minecraft:cooked_chicken":2,"minecraft:rotten_flesh":11,"minecraft:oak_door":3,"minecraft:torch":96,"minecraft:glow_berries":4,"minecraft:dirt":12,"minecraft:rail":2,"minecraft:crafting_table":8,"minecraft:cobblestone_wall":37,"minecraft:tuff":3,"minecraft:granite":6,"minecraft:melon_slice":2,"minecraft:bread":8,"minecraft:iron_axe":4,"minecraft:iron_pickaxe":488,"minecraft:bow":10,"minecraft:stone_axe":54,"minecraft:cobblestone":136,"minecraft:beef":1,"minecraft:cooked_cod":2,"minecraft:furnace":5,"minecraft:oak_sapling":4,"minecraft:cooked_porkchop":9,"minecraft:andesite":6,"minecraft:gold_block":2,"minecraft:oak_boat":1,"minecraft:cobbled_deepslate":141,"minecraft:pumpkin":6},"minecraft:custom":{"minecraft:interact_with_furnace":55,"minecraft:mob_kills":45,"minecraft:interact_with_crafting_table":30,"minecraft:open_barrel":2,"minecraft:leave_game":3,"minecraft:time_since_death":154869,"minecraft:sleep_in_bed":1,"minecraft:time_since_rest":837,"minecraft:sprint_one_cm":333598,"minecraft:damage_taken":1399,"minecraft:walk_one_cm":260994,"minecraft:damage_blocked_by_shield":940,"minecraft:drop":22,"minecraft:damage_dealt":4522,"minecraft:swim_one_cm":35964,"minecraft:fly_one_cm":165300,"minecraft:open_chest":14,"minecraft:crouch_one_cm":28456,"minecraft:play_time":154869,"minecraft:sneak_time":12046,"minecraft:walk_under_water_one_cm":19033,"minecraft:boat_one_cm":51144,"minecraft:jump":1657,"minecraft:walk_on_water_one_cm":16897,"minecraft:total_world_time":154869,"minecraft:fall_one_cm":25968},"minecraft:picked_up":{"minecraft:crafting_table":5,"minecraft:feather":1,"minecraft:chicken":2,"minecraft:salmon":12,"minecraft:andesite":75,"minecraft:leather":1,"minecraft:gold_block":2,"minecraft:flint":3,"minecraft:tuff":19,"minecraft:oak_log":50,"minecraft:cobblestone_wall":1,"minecraft:dirt":15,"minecraft:string":48,"minecraft:bone":15,"minecraft:cobbled_deepslate":325,"minecraft:raw_gold":12,"minecraft:beef":1,"minecraft:melon_slice":5,"minecraft:oak_planks":3,"minecraft:stick":3,"minecraft:raw_iron":63,"minecraft:cooked_porkchop":2,"minecraft:pumpkin":6,"minecraft:copper_ingot":1,"minecraft:gravel":9,"minecraft:torch":21,"minecraft:porkchop":14,"minecraft:spider_eye":2,"minecraft:cooked_cod":2,"minecraft:arrow":18,"minecraft:rotten_flesh":16,"minecraft:slime_ball":3,"minecraft:diamond":13,"minecraft:granite":21,"minecraft:bone_meal":2,"minecraft:bread":9,"minecraft:oak_sapling":18,"minecraft:glow_berries":6,"minecraft:coal":101,"minecraft:rail":2,"minecraft:cobblestone":326,"minecraft:ender_pearl":1}},"DataVersion":3839}