{"stats":{"minecraft:picked_up":{"minecraft:rotten_flesh":1,"minecraft:iron_ingot":4,"minecraft:poppy":1,"minecraft:gunpowder":1,"minecraft:iron_sword":1,"minecraft:white_wool":1,"minecraft:dirt":3},"minecraft:killed":{"minecraft:horse":16,"minecraft:sheep":12,"minecraft:silverfish":1,"minecraft:bat":7,"minecraft:glow_squid":3,"minecraft:parrot":4,"minecraft:pig":12,"minecraft:villager":1,"minecraft:chicken":12,"minecraft:squid":5,"minecraft:cow":6,"minecraft:salmon":3},"minecraft:used":{"minecraft:dirt":1,"minecraft:spruce_slab":1,"minecraft:oak_button":4,"minecraft:spruce_button":4,"minecraft:netherite_axe":5,"minecraft:diamond_axe":1},"minecraft:mined":{"minecraft:short_grass":1,"minecraft:grass_block":1,"minecraft:dirt":1},"minecraft:custom":{"minecraft:time_since_rest":156845,"minecraft:crouch_one_cm":5029,"minecraft:play_time":389602,"minecraft:sprint_one_cm":7422,"minecraft:damage_taken":40,"minecraft:walk_one_cm":14774,"minecraft:deaths":2,"minecraft:sneak_time":5129,"minecraft:walk_under_water_one_cm":841,"minecraft:mob_kills":103,"minecraft:jump":142,"minecraft:damage_dealt":830,"minecraft:leave_game":6,"minecraft:walk_on_water_one_cm":19,"minecraft:time_since_death":154677,"minecraft:total_world_time":389602,"minecraft:fall_one_cm":209,"minecraft:fly_one_cm":202589}},"DataVersion":3839}