{"stats":{"minecraft:mined":{"minecraft:tuff":19,"minecraft:deepslate_diamond_ore":13,"minecraft:granite":21,"minecraft:grass_block":6,"minecraft:furnace":1,"minecraft:fire":30,"minecraft:iron_ore":62,"minecraft:cobbled_deepslate":27,"minecraft:andesite":9,"minecraft:pumpkin":6,"minecraft:gold_block":2,"minecraft:deepslate_iron_ore":1,"minecraft:stone":252,"minecraft:lily_of_the_valley":4,"minecraft:basalt":2,"minecraft:crafting_table":7,"minecraft:torch":8,"minecraft:short_grass":1,"minecraft:melon":1,"minecraft:chest":1,"minecraft:rose_bush":7,"minecraft:cobblestone":79,"minecraft:deepslate_gold_ore":7,"minecraft:sugar_cane":2,"minecraft:oak_planks":3,"minecraft:wall_torch":9,"minecraft:cobblestone_wall":1,"minecraft:birch_leaves":2,"minecraft:coal_ore":103,"minecraft:oak_log":65,"minecraft:gravel":6,"minecraft:dirt":15,"minecraft:cobweb":48,"minecraft:gold_ore":5,"minecraft:oak_leaves":37,"minecraft:deepslate":288},"minecraft:crafted":{"minecraft:oak_door":3,"minecraft:oak_planks":188,"minecraft:fishing_rod":1,"minecraft:jukebox":1,"minecraft:cooked_chicken":1,"minecraft:furnace":6,"minecraft:stone":5,"minecraft:iron_boots":1,"minecraft:bow":2,"minecraft:iron_axe":1,"minecraft:stone_pickaxe":3,"minecraft:cobblestone_wall":36,"minecraft:chest":10,"minecraft:red_dye":2,"minecraft:cooked_cod":9,"minecraft:cooked_porkchop":7,"minecraft:crafting_table":4,"minecraft:dried_kelp":31,"minecraft:wooden_pickaxe":1,"minecraft:iron_helmet":1,"minecraft:iron_sword":1,"minecraft:cooked_salmon":6,"minecraft:stone_axe":1,"minecraft:air":0,"minecraft:blue_dye":1,"minecraft:oak_boat":2,"minecraft:iron_chestplate":1,"minecraft:purple_dye":2,"minecraft:charcoal":29,"minecraft:shield":1,"minecraft:stick":112,"minecraft:iron_ingot":109,"minecraft:iron_pickaxe":4,"minecraft:iron_block":3,"minecraft:stone_sword":2,"minecraft:iron_leggings":1,"minecraft:gold_ingot":12,"minecraft:anvil":1,"minecraft:torch":76,"minecraft:shears":1,"minecraft:diamond_chestplate":1},"minecraft:broken":{"minecraft:stone_sword":1,"minecraft:stone_pickaxe":3,"minecraft:iron_pickaxe":2},"minecraft:killed":{"minecraft:cave_spider":3,"minecraft:spider":2,"minecraft:slime":5,"minecraft:skeleton":9,"minecraft:chicken":1,"minecraft:drowned":2,"minecraft:pig":5,"minecraft:salmon":12,"minecraft:creeper":1,"minecraft:zombie":5,"minecraft:cow":4},"minecraft:dropped":{"minecraft:ender_pearl":1,"minecraft:cooked_porkchop":3,"minecraft:cobblestone":24,"minecraft:glow_berries":6,"minecraft:stick":2,"minecraft:pufferfish":1,"minecraft:rose_bush":4,"minecraft:melon_slice":3,"minecraft:tripwire_hook":1,"minecraft:rotten_flesh":3,"minecraft:oak_planks":7,"minecraft:salmon":6,"minecraft:lily_of_the_valley":1,"minecraft:andesite":66},"minecraft:used":{"minecraft:stone_sword":105,"minecraft:tropical_fish":1,"minecraft:chest":11,"minecraft:shield":55,"minecraft:iron_sword":62,"minecraft:cooked_chicken":2,"minecraft:rotten_flesh":11,"minecraft:oak_door":3,"minecraft:torch":98,"minecraft:dirt":17,"minecraft:anvil":1,"minecraft:cobblestone_wall":37,"minecraft:tuff":3,"minecraft:music_disc_13":1,"minecraft:granite":6,"minecraft:jungle_sapling":1,"minecraft:iron_axe":83,"minecraft:basalt":1,"minecraft:bow":13,"minecraft:beef":1,"minecraft:oak_sapling":8,"minecraft:furnace":6,"minecraft:cooked_cod":11,"minecraft:gold_block":2,"minecraft:cobbled_deepslate":141,"minecraft:pumpkin":6,"minecraft:stone_pickaxe":393,"minecraft:oak_planks":1,"minecraft:wooden_pickaxe":9,"minecraft:glow_berries":4,"minecraft:rail":2,"minecraft:crafting_table":10,"minecraft:cod":4,"minecraft:bread":14,"minecraft:melon_slice":2,"minecraft:iron_pickaxe":507,"minecraft:stone_axe":54,"minecraft:fishing_rod":62,"minecraft:cobblestone":136,"minecraft:cooked_porkchop":9,"minecraft:andesite":6,"minecraft:oak_boat":11,"minecraft:jukebox":1},"minecraft:custom":{"minecraft:interact_with_anvil":1,"minecraft:mob_kills":59,"minecraft:interact_with_crafting_table":39,"minecraft:open_barrel":2,"minecraft:leave_game":3,"minecraft:time_since_death":244869,"minecraft:climb_one_cm":12,"minecraft:sprint_one_cm":450242,"minecraft:walk_one_cm":325073,"minecraft:damage_blocked_by_shield":2390,"minecraft:drop":28,"minecraft:play_time":244869,"minecraft:sneak_time":13132,"minecraft:walk_under_water_one_cm":32691,"minecraft:boat_one_cm":824838,"minecraft:jump":2141,"minecraft:interact_with_blast_furnace":1,"minecraft:walk_on_water_one_cm":32206,"minecraft:total_world_time":244869,"minecraft:interact_with_furnace":67,"minecraft:play_record":1,"minecraft:sleep_in_bed":1,"minecraft:time_since_rest":90837,"minecraft:damage_taken":2251,"minecraft:damage_dealt":5676,"minecraft:swim_one_cm":104343,"minecraft:fly_one_cm":240865,"minecraft:open_chest":50,"minecraft:crouch_one_cm":31461,"minecraft:interact_with_smoker":2,"minecraft:fish_caught":38,"minecraft:fall_one_cm":39288},"minecraft:picked_up":{"minecraft:crafting_table":7,"minecraft:chicken":2,"minecraft:gold_block":2,"minecraft:string":48,"minecraft:pufferfish":5,"minecraft:cobbled_deepslate":325,"minecraft:beef":5,"minecraft:oak_boat":9,"minecraft:rose_bush":6,"minecraft:jungle_sapling":1,"minecraft:melon_slice":5,"minecraft:sugar_cane":2,"minecraft:chest":1,"minecraft:furnace":1,"minecraft:raw_iron":63,"minecraft:stick":5,"minecraft:copper_ingot":1,"minecraft:torch":22,"minecraft:porkchop":14,"minecraft:arrow":21,"minecraft:rotten_flesh":22,"minecraft:cooked_cod":2,"minecraft:tropical_fish":1,"minecraft:glow_berries":6,"minecraft:cod":24,"minecraft:white_wool":9,"minecraft:rail":2,"minecraft:cobblestone":342,"minecraft:feather":1,"minecraft:basalt":1,"minecraft:tripwire_hook":1,"minecraft:andesite":75,"minecraft:salmon":17,"minecraft:leather":5,"minecraft:flint":3,"minecraft:tuff":19,"minecraft:oak_log":74,"minecraft:cobblestone_wall":1,"minecraft:dirt":20,"minecraft:name_tag":1,"minecraft:bone":18,"minecraft:apple":1,"minecraft:bow":1,"minecraft:raw_gold":12,"minecraft:iron_ingot":15,"minecraft:oak_planks":3,"minecraft:music_disc_13":1,"minecraft:cooked_porkchop":2,"minecraft:pumpkin":6,"minecraft:gravel":9,"minecraft:lily_of_the_valley":5,"minecraft:spider_eye":2,"minecraft:slime_ball":3,"minecraft:diamond":13,"minecraft:granite":21,"minecraft:bone_meal":2,"minecraft:bread":9,"minecraft:oak_sapling":22,"minecraft:coal":101,"minecraft:ender_pearl":1}},"DataVersion":3839}