{"stats":{"minecraft:mined":{"minecraft:oak_log":26,"minecraft:stone":51,"minecraft:oak_leaves":14},"minecraft:crafted":{"minecraft:oak_planks":24,"minecraft:crafting_table":2,"minecraft:stick":12,"minecraft:wooden_pickaxe":1,"minecraft:stone_pickaxe":1,"minecraft:stone_sword":1,"minecraft:furnace":1,"minecraft:stone_axe":1},"minecraft:killed":{"minecraft:pig":2},"minecraft:dropped":{"minecraft:cobblestone":24,"minecraft:oak_planks":6,"minecraft:stick":2},"minecraft:used":{"minecraft:stone_sword":4,"minecraft:stone_pickaxe":42,"minecraft:wooden_pickaxe":9,"minecraft:rotten_flesh":1,"minecraft:stone_axe":19,"minecraft:crafting_table":2,"minecraft:furnace":1,"minecraft:oak_sapling":4},"minecraft:custom":{"minecraft:time_since_rest":19920,"minecraft:interact_with_furnace":3,"minecraft:sprint_one_cm":41997,"minecraft:damage_taken":180,"minecraft:walk_one_cm":31806,"minecraft:mob_kills":3,"minecraft:drop":9,"minecraft:damage_dealt":200,"minecraft:interact_with_crafting_table":7,"minecraft:fly_one_cm":29289,"minecraft:crouch_one_cm":1009,"minecraft:play_time":19920,"minecraft:sneak_time":426,"minecraft:walk_under_water_one_cm":57,"minecraft:jump":175,"minecraft:leave_game":2,"minecraft:walk_on_water_one_cm":1993,"minecraft:time_since_death":19920,"minecraft:total_world_time":19920,"minecraft:fall_one_cm":5942},"minecraft:picked_up":{"minecraft:stick":3,"minecraft:chicken":1,"minecraft:porkchop":10,"minecraft:oak_log":35,"minecraft:arrow":2,"minecraft:bone":2,"minecraft:rotten_flesh":1,"minecraft:oak_sapling":5,"minecraft:cobblestone":50}},"DataVersion":3839}