{"stats":{"minecraft:custom":{"minecraft:jump":58,"minecraft:time_since_rest":199119,"minecraft:crouch_one_cm":1812,"minecraft:play_time":199119,"minecraft:leave_game":4,"minecraft:sprint_one_cm":5297,"minecraft:damage_taken":40,"minecraft:time_since_death":199119,"minecraft:walk_one_cm":6825,"minecraft:sneak_time":1088,"minecraft:total_world_time":199119,"minecraft:fall_one_cm":209,"minecraft:fly_one_cm":41462},"minecraft:picked_up":{"minecraft:dirt":2},"minecraft:used":{"minecraft:oak_button":4,"minecraft:spruce_button":4,"minecraft:dirt":1},"minecraft:mined":{"minecraft:short_grass":1,"minecraft:grass_block":1,"minecraft:dirt":1}},"DataVersion":3839}