{"stats":{"minecraft:mined":{"minecraft:oak_log":10,"minecraft:oak_leaves":7},"minecraft:crafted":{"minecraft:crafting_table":1,"minecraft:stick":4,"minecraft:oak_planks":12},"minecraft:custom":{"minecraft:jump":58,"minecraft:time_since_rest":7920,"minecraft:walk_on_water_one_cm":1993,"minecraft:crouch_one_cm":916,"minecraft:play_time":7920,"minecraft:leave_game":2,"minecraft:sprint_one_cm":9573,"minecraft:damage_taken":60,"minecraft:time_since_death":7920,"minecraft:walk_one_cm":9233,"minecraft:sneak_time":272,"minecraft:total_world_time":7920,"minecraft:walk_under_water_one_cm":57,"minecraft:fall_one_cm":2559,"minecraft:fly_one_cm":5394},"minecraft:picked_up":{"minecraft:oak_log":10}},"DataVersion":3839}