{"stats":{"minecraft:mined":{"minecraft:tuff":24,"minecraft:deepslate_diamond_ore":15,"minecraft:granite":3,"minecraft:grass_block":4,"minecraft:furnace":6,"minecraft:iron_ore":32,"minecraft:deepslate_iron_ore":10,"minecraft:stone":111,"minecraft:crafting_table":10,"minecraft:torch":1,"minecraft:short_grass":22,"minecraft:chest":1,"minecraft:cobblestone":10,"minecraft:tall_grass":1,"minecraft:deepslate_gold_ore":5,"minecraft:oak_planks":64,"minecraft:wall_torch":1,"minecraft:birch_log":5,"minecraft:birch_leaves":3,"minecraft:birch_door":1,"minecraft:oak_log":22,"minecraft:coal_ore":97,"minecraft:gravel":24,"minecraft:dirt":2,"minecraft:cobweb":58,"minecraft:deepslate":89,"minecraft:oak_leaves":3},"minecraft:crafted":{"minecraft:oak_planks":48,"minecraft:stone_shovel":1,"minecraft:oak_sign":3,"minecraft:furnace":1,"minecraft:bone_meal":36,"minecraft:iron_boots":1,"minecraft:stone_pickaxe":2,"minecraft:birch_door":3,"minecraft:stone_hoe":1,"minecraft:oak_fence":15,"minecraft:cooked_beef":5,"minecraft:crafting_table":2,"minecraft:wooden_pickaxe":1,"minecraft:iron_helmet":1,"minecraft:iron_sword":1,"minecraft:cooked_salmon":4,"minecraft:bucket":1,"minecraft:birch_planks":20,"minecraft:stone_axe":2,"minecraft:air":0,"minecraft:iron_chestplate":1,"minecraft:diamond_pickaxe":1,"minecraft:shield":1,"minecraft:stick":92,"minecraft:iron_ingot":42,"minecraft:iron_pickaxe":1,"minecraft:stone_sword":1,"minecraft:gold_ingot":3,"minecraft:iron_leggings":1,"minecraft:torch":216},"minecraft:broken":{"minecraft:stone_sword":1,"minecraft:stone_pickaxe":2,"minecraft:stone_axe":1},"minecraft:killed":{"minecraft:cave_spider":1,"minecraft:spider":2,"minecraft:phantom":1,"minecraft:skeleton":7,"minecraft:drowned":2,"minecraft:pig":3,"minecraft:creeper":1,"minecraft:sheep":1,"minecraft:zombie":6,"minecraft:enderman":1,"minecraft:cow":2},"minecraft:used":{"minecraft:oak_fence":8,"minecraft:stone_sword":74,"minecraft:stone_shovel":21,"minecraft:oak_sign":1,"minecraft:chest":1,"minecraft:shield":21,"minecraft:iron_sword":12,"minecraft:cooked_salmon":4,"minecraft:stone_hoe":1,"minecraft:rotten_flesh":27,"minecraft:iron_chestplate":1,"minecraft:torch":210,"minecraft:dirt":6,"minecraft:birch_door":1,"minecraft:iron_boots":1,"minecraft:melon_seeds":1,"minecraft:furnace":7,"minecraft:cooked_beef":3,"minecraft:cobbled_deepslate":9,"minecraft:wheat_seeds":1,"minecraft:water_bucket":5,"minecraft:stone_pickaxe":256,"minecraft:wooden_pickaxe":4,"minecraft:salmon":2,"minecraft:golden_apple":1,"minecraft:crafting_table":12,"minecraft:apple":3,"minecraft:bread":8,"minecraft:melon_slice":3,"minecraft:iron_pickaxe":148,"minecraft:stone_axe":156,"minecraft:cobblestone":23,"minecraft:cooked_porkchop":1,"minecraft:bucket":7,"minecraft:bone_meal":36},"minecraft:dropped":{"minecraft:water_bucket":1,"minecraft:bread":1,"minecraft:oak_fence":5,"minecraft:cobblestone":15,"minecraft:phantom_membrane":1,"minecraft:bucket":1,"minecraft:stone_axe":1,"minecraft:beetroot":2,"minecraft:rotten_flesh":7,"minecraft:oak_sapling":9,"minecraft:chest":1,"minecraft:spider_eye":2,"minecraft:stone_pickaxe":1},"minecraft:killed_by":{"minecraft:enderman":1,"minecraft:drowned":2},"minecraft:custom":{"minecraft:mob_kills":28,"minecraft:interact_with_crafting_table":27,"minecraft:open_barrel":3,"minecraft:leave_game":2,"minecraft:time_since_death":3795,"minecraft:sprint_one_cm":392345,"minecraft:walk_one_cm":513799,"minecraft:damage_blocked_by_shield":960,"minecraft:drop":17,"minecraft:play_time":158368,"minecraft:sneak_time":11204,"minecraft:deaths":3,"minecraft:walk_under_water_one_cm":29927,"minecraft:jump":2083,"minecraft:walk_on_water_one_cm":32398,"minecraft:total_world_time":158368,"minecraft:interact_with_furnace":36,"minecraft:sleep_in_bed":1,"minecraft:time_since_rest":3826,"minecraft:damage_taken":2083,"minecraft:damage_absorbed":40,"minecraft:damage_dealt":4634,"minecraft:fly_one_cm":203474,"minecraft:swim_one_cm":84082,"minecraft:open_chest":32,"minecraft:crouch_one_cm":35334,"minecraft:fall_one_cm":27855,"minecraft:inspect_dispenser":2},"minecraft:picked_up":{"minecraft:iron_chestplate":1,"minecraft:crafting_table":11,"minecraft:birch_door":1,"minecraft:wooden_pickaxe":1,"minecraft:enchanted_book":2,"minecraft:shield":1,"minecraft:cooked_salmon":3,"minecraft:string":59,"minecraft:iron_leggings":1,"minecraft:beetroot":2,"minecraft:cobbled_deepslate":90,"minecraft:beef":5,"minecraft:iron_pickaxe":1,"minecraft:melon_slice":3,"minecraft:chest":2,"minecraft:phantom_membrane":1,"minecraft:iron_boots":1,"minecraft:furnace":7,"minecraft:raw_iron":42,"minecraft:stick":26,"minecraft:oak_fence":2,"minecraft:torch":30,"minecraft:porkchop":10,"minecraft:stone_shovel":1,"minecraft:arrow":4,"minecraft:rotten_flesh":14,"minecraft:mutton":2,"minecraft:white_wool":2,"minecraft:cobblestone":221,"minecraft:birch_log":5,"minecraft:cooked_beef":3,"minecraft:water_bucket":4,"minecraft:salmon":6,"minecraft:leather":4,"minecraft:birch_planks":9,"minecraft:tuff":24,"minecraft:oak_log":22,"minecraft:gunpowder":2,"minecraft:dirt":6,"minecraft:bone":7,"minecraft:apple":3,"minecraft:wheat_seeds":6,"minecraft:raw_gold":5,"minecraft:stone_pickaxe":2,"minecraft:iron_sword":1,"minecraft:oak_planks":132,"minecraft:gravel":22,"minecraft:spider_eye":5,"minecraft:diamond":15,"minecraft:stone_axe":3,"minecraft:iron_helmet":1,"minecraft:granite":3,"minecraft:bread":18,"minecraft:oak_sapling":16,"minecraft:coal":135,"minecraft:ender_pearl":1,"minecraft:diamond_pickaxe":1}},"DataVersion":3839}