{"stats":{"minecraft:mined":{"minecraft:tuff":24,"minecraft:deepslate_diamond_ore":15,"minecraft:granite":3,"minecraft:grass_block":4,"minecraft:kelp":1,"minecraft:furnace":6,"minecraft:iron_ore":32,"minecraft:gold_block":1,"minecraft:deepslate_iron_ore":10,"minecraft:stone":114,"minecraft:crafting_table":10,"minecraft:torch":1,"minecraft:short_grass":22,"minecraft:melon":1,"minecraft:chest":1,"minecraft:copper_ore":17,"minecraft:cobblestone":14,"minecraft:tall_grass":1,"minecraft:deepslate_gold_ore":5,"minecraft:sugar_cane":11,"minecraft:oak_planks":64,"minecraft:wall_torch":1,"minecraft:birch_log":5,"minecraft:birch_leaves":3,"minecraft:birch_door":1,"minecraft:oak_log":22,"minecraft:coal_ore":108,"minecraft:gravel":24,"minecraft:dirt":2,"minecraft:cobweb":58,"minecraft:deepslate":89,"minecraft:oak_leaves":4},"minecraft:crafted":{"minecraft:oak_planks":48,"minecraft:stone_shovel":1,"minecraft:oak_sign":3,"minecraft:furnace":1,"minecraft:bone_meal":36,"minecraft:cooked_mutton":1,"minecraft:iron_boots":1,"minecraft:stone_pickaxe":2,"minecraft:chest":1,"minecraft:birch_door":3,"minecraft:stone_hoe":1,"minecraft:oak_fence":15,"minecraft:cooked_beef":5,"minecraft:cooked_porkchop":5,"minecraft:crafting_table":4,"minecraft:wooden_pickaxe":1,"minecraft:iron_helmet":1,"minecraft:iron_sword":1,"minecraft:cooked_salmon":4,"minecraft:bucket":1,"minecraft:birch_planks":20,"minecraft:stone_axe":2,"minecraft:air":0,"minecraft:oak_boat":2,"minecraft:iron_chestplate":1,"minecraft:diamond_pickaxe":1,"minecraft:shield":1,"minecraft:stick":92,"minecraft:iron_ingot":42,"minecraft:iron_pickaxe":1,"minecraft:stone_sword":1,"minecraft:gold_ingot":5,"minecraft:iron_leggings":1,"minecraft:torch":216},"minecraft:broken":{"minecraft:stone_sword":1,"minecraft:stone_pickaxe":2,"minecraft:stone_axe":1},"minecraft:killed":{"minecraft:cave_spider":1,"minecraft:spider":2,"minecraft:cod":1,"minecraft:phantom":1,"minecraft:skeleton":8,"minecraft:drowned":24,"minecraft:pig":5,"minecraft:creeper":1,"minecraft:sheep":3,"minecraft:zombie":7,"minecraft:enderman":1,"minecraft:cow":2},"minecraft:used":{"minecraft:oak_fence":8,"minecraft:stone_sword":74,"minecraft:stone_shovel":21,"minecraft:oak_sign":1,"minecraft:chest":1,"minecraft:shield":34,"minecraft:iron_sword":127,"minecraft:cooked_salmon":4,"minecraft:stone_hoe":1,"minecraft:rotten_flesh":27,"minecraft:iron_chestplate":1,"minecraft:torch":219,"minecraft:dirt":6,"minecraft:birch_door":1,"minecraft:iron_boots":1,"minecraft:melon_seeds":1,"minecraft:furnace":7,"minecraft:cooked_beef":5,"minecraft:cobbled_deepslate":9,"minecraft:wheat_seeds":1,"minecraft:water_bucket":5,"minecraft:stone_pickaxe":256,"minecraft:wooden_pickaxe":4,"minecraft:salmon":2,"minecraft:golden_apple":1,"minecraft:crafting_table":14,"minecraft:apple":3,"minecraft:bread":14,"minecraft:melon_slice":3,"minecraft:iron_pickaxe":184,"minecraft:stone_axe":156,"minecraft:cobblestone":34,"minecraft:cooked_porkchop":3,"minecraft:bucket":7,"minecraft:oak_boat":2,"minecraft:bone_meal":36},"minecraft:dropped":{"minecraft:water_bucket":1,"minecraft:bread":1,"minecraft:oak_fence":5,"minecraft:cobblestone":15,"minecraft:phantom_membrane":1,"minecraft:bucket":1,"minecraft:stone_axe":1,"minecraft:beetroot":2,"minecraft:rotten_flesh":7,"minecraft:oak_sapling":9,"minecraft:chest":1,"minecraft:spider_eye":2,"minecraft:stone_pickaxe":1,"minecraft:nautilus_shell":1},"minecraft:killed_by":{"minecraft:enderman":1,"minecraft:drowned":2},"minecraft:custom":{"minecraft:mob_kills":58,"minecraft:interact_with_crafting_table":29,"minecraft:open_barrel":3,"minecraft:leave_game":2,"minecraft:time_since_death":39795,"minecraft:sprint_one_cm":447374,"minecraft:walk_one_cm":562498,"minecraft:damage_blocked_by_shield":1920,"minecraft:drop":18,"minecraft:play_time":194368,"minecraft:sneak_time":15895,"minecraft:deaths":3,"minecraft:walk_under_water_one_cm":56931,"minecraft:boat_one_cm":265106,"minecraft:jump":2350,"minecraft:walk_on_water_one_cm":48666,"minecraft:total_world_time":194368,"minecraft:interact_with_furnace":44,"minecraft:sleep_in_bed":1,"minecraft:time_since_rest":39826,"minecraft:damage_taken":2566,"minecraft:damage_absorbed":40,"minecraft:damage_dealt":9769,"minecraft:fly_one_cm":241807,"minecraft:swim_one_cm":137724,"minecraft:open_chest":39,"minecraft:crouch_one_cm":42727,"minecraft:fall_one_cm":32397,"minecraft:inspect_dispenser":3},"minecraft:picked_up":{"minecraft:fishing_rod":1,"minecraft:iron_chestplate":1,"minecraft:crafting_table":11,"minecraft:birch_door":1,"minecraft:wooden_pickaxe":1,"minecraft:enchanted_book":2,"minecraft:shield":1,"minecraft:raw_copper":58,"minecraft:cooked_salmon":3,"minecraft:string":59,"minecraft:iron_leggings":1,"minecraft:beetroot":2,"minecraft:cobbled_deepslate":90,"minecraft:beef":5,"minecraft:iron_pickaxe":1,"minecraft:melon_slice":10,"minecraft:sugar_cane":26,"minecraft:chest":2,"minecraft:phantom_membrane":1,"minecraft:iron_boots":1,"minecraft:furnace":7,"minecraft:raw_iron":42,"minecraft:stick":26,"minecraft:copper_ingot":2,"minecraft:oak_fence":2,"minecraft:torch":30,"minecraft:porkchop":15,"minecraft:trident":1,"minecraft:stone_shovel":1,"minecraft:arrow":6,"minecraft:rotten_flesh":39,"minecraft:mutton":5,"minecraft:cod":2,"minecraft:white_wool":3,"minecraft:cobblestone":227,"minecraft:nautilus_shell":1,"minecraft:birch_log":5,"minecraft:cooked_beef":3,"minecraft:water_bucket":4,"minecraft:salmon":6,"minecraft:leather":4,"minecraft:birch_planks":9,"minecraft:tuff":24,"minecraft:oak_log":22,"minecraft:gunpowder":2,"minecraft:dirt":6,"minecraft:bone":8,"minecraft:apple":3,"minecraft:wheat_seeds":6,"minecraft:raw_gold":5,"minecraft:stone_pickaxe":2,"minecraft:iron_sword":1,"minecraft:oak_planks":132,"minecraft:gravel":22,"minecraft:spider_eye":5,"minecraft:diamond":15,"minecraft:stone_axe":3,"minecraft:iron_helmet":1,"minecraft:granite":3,"minecraft:gray_wool":1,"minecraft:bread":18,"minecraft:oak_sapling":16,"minecraft:coal":146,"minecraft:ender_pearl":1,"minecraft:diamond_pickaxe":1}},"DataVersion":3839}