{"stats":{"minecraft:mined":{"minecraft:torch":1,"minecraft:crafting_table":10,"minecraft:granite":3,"minecraft:short_grass":5,"minecraft:grass_block":4,"minecraft:cobblestone":4,"minecraft:deepslate_gold_ore":1,"minecraft:oak_planks":64,"minecraft:wall_torch":1,"minecraft:furnace":5,"minecraft:birch_log":5,"minecraft:iron_ore":26,"minecraft:birch_leaves":3,"minecraft:birch_door":1,"minecraft:coal_ore":97,"minecraft:oak_log":22,"minecraft:deepslate_iron_ore":10,"minecraft:cobweb":49,"minecraft:stone":99,"minecraft:oak_leaves":3,"minecraft:deepslate":2},"minecraft:crafted":{"minecraft:oak_planks":8,"minecraft:crafting_table":1,"minecraft:wooden_pickaxe":1,"minecraft:iron_helmet":1,"minecraft:furnace":1,"minecraft:cooked_salmon":4,"minecraft:bone_meal":6,"minecraft:bucket":1,"minecraft:birch_planks":20,"minecraft:stone_axe":2,"minecraft:air":0,"minecraft:iron_boots":1,"minecraft:iron_chestplate":1,"minecraft:shield":1,"minecraft:stick":24,"minecraft:iron_ingot":36,"minecraft:iron_pickaxe":1,"minecraft:stone_pickaxe":2,"minecraft:stone_sword":1,"minecraft:iron_leggings":1,"minecraft:birch_door":3,"minecraft:torch":88},"minecraft:killed":{"minecraft:cave_spider":1,"minecraft:spider":2,"minecraft:creeper":1,"minecraft:skeleton":4,"minecraft:zombie":2,"minecraft:drowned":1},"minecraft:broken":{"minecraft:stone_pickaxe":1,"minecraft:stone_axe":1},"minecraft:dropped":{"minecraft:stone_pickaxe":1},"minecraft:used":{"minecraft:wheat_seeds":1,"minecraft:water_bucket":2,"minecraft:stone_sword":55,"minecraft:stone_pickaxe":247,"minecraft:shield":14,"minecraft:wooden_pickaxe":4,"minecraft:cooked_salmon":4,"minecraft:rotten_flesh":10,"minecraft:salmon":2,"minecraft:torch":78,"minecraft:dirt":1,"minecraft:crafting_table":10,"minecraft:birch_door":1,"minecraft:apple":3,"minecraft:bread":1,"minecraft:iron_pickaxe":2,"minecraft:iron_boots":1,"minecraft:stone_axe":126,"minecraft:cobblestone":21,"minecraft:furnace":5,"minecraft:cooked_porkchop":1,"minecraft:bucket":2,"minecraft:bone_meal":6},"minecraft:killed_by":{"minecraft:enderman":1},"minecraft:custom":{"minecraft:interact_with_furnace":28,"minecraft:mob_kills":12,"minecraft:interact_with_crafting_table":18,"minecraft:open_barrel":2,"minecraft:leave_game":1,"minecraft:time_since_death":65989,"minecraft:time_since_rest":66081,"minecraft:sprint_one_cm":210647,"minecraft:damage_taken":779,"minecraft:walk_one_cm":290254,"minecraft:damage_blocked_by_shield":580,"minecraft:drop":1,"minecraft:damage_dealt":1823,"minecraft:swim_one_cm":49200,"minecraft:fly_one_cm":110921,"minecraft:open_chest":8,"minecraft:crouch_one_cm":20905,"minecraft:play_time":85461,"minecraft:deaths":1,"minecraft:sneak_time":6272,"minecraft:walk_under_water_one_cm":24160,"minecraft:jump":1062,"minecraft:walk_on_water_one_cm":18185,"minecraft:total_world_time":85461,"minecraft:fall_one_cm":13011},"minecraft:picked_up":{"minecraft:birch_log":5,"minecraft:crafting_table":11,"minecraft:birch_door":1,"minecraft:salmon":6,"minecraft:wooden_pickaxe":1,"minecraft:birch_planks":9,"minecraft:enchanted_book":1,"minecraft:oak_log":22,"minecraft:gunpowder":2,"minecraft:dirt":4,"minecraft:string":50,"minecraft:cooked_salmon":3,"minecraft:bone":2,"minecraft:apple":3,"minecraft:wheat_seeds":2,"minecraft:cobbled_deepslate":2,"minecraft:raw_gold":1,"minecraft:stone_pickaxe":2,"minecraft:oak_planks":64,"minecraft:furnace":6,"minecraft:stick":11,"minecraft:raw_iron":36,"minecraft:torch":16,"minecraft:spider_eye":1,"minecraft:arrow":1,"minecraft:rotten_flesh":5,"minecraft:stone_axe":1,"minecraft:granite":3,"minecraft:bread":1,"minecraft:oak_sapling":16,"minecraft:coal":135,"minecraft:cobblestone":142}},"DataVersion":3839}