{"stats":{"minecraft:mined":{"minecraft:short_grass":3,"minecraft:coal_ore":15,"minecraft:birch_log":5,"minecraft:stone":40,"minecraft:birch_leaves":1,"minecraft:crafting_table":1},"minecraft:crafted":{"minecraft:birch_planks":20,"minecraft:crafting_table":1,"minecraft:stick":4,"minecraft:wooden_pickaxe":1,"minecraft:stone_pickaxe":1},"minecraft:used":{"minecraft:salmon":1,"minecraft:crafting_table":1,"minecraft:stone_pickaxe":51,"minecraft:wooden_pickaxe":4},"minecraft:custom":{"minecraft:time_since_rest":13501,"minecraft:crouch_one_cm":428,"minecraft:play_time":13501,"minecraft:sprint_one_cm":18287,"minecraft:walk_one_cm":39548,"minecraft:sneak_time":332,"minecraft:walk_under_water_one_cm":804,"minecraft:jump":89,"minecraft:leave_game":1,"minecraft:walk_on_water_one_cm":1863,"minecraft:time_since_death":13501,"minecraft:total_world_time":13501,"minecraft:swim_one_cm":3797,"minecraft:interact_with_crafting_table":3,"minecraft:fall_one_cm":1165,"minecraft:fly_one_cm":13028},"minecraft:picked_up":{"minecraft:birch_log":5,"minecraft:crafting_table":1,"minecraft:stick":2,"minecraft:salmon":6,"minecraft:wheat_seeds":1,"minecraft:oak_sapling":4,"minecraft:coal":15,"minecraft:cobblestone":40}},"DataVersion":3839}