{"stats":{"minecraft:mined":{"minecraft:tuff":24,"minecraft:deepslate_diamond_ore":15,"minecraft:nether_bricks":25,"minecraft:obsidian":20,"minecraft:granite":3,"minecraft:grass_block":4,"minecraft:soul_soil":10,"minecraft:hopper":1,"minecraft:kelp":1,"minecraft:nether_wart":20,"minecraft:furnace":7,"minecraft:iron_ore":32,"minecraft:fire":1,"minecraft:enchanting_table":1,"minecraft:gold_block":1,"minecraft:nether_brick_fence":2,"minecraft:deepslate_iron_ore":10,"minecraft:stone":142,"minecraft:bone_block":37,"minecraft:soul_sand":11,"minecraft:blackstone":54,"minecraft:soul_fire":15,"minecraft:basalt":101,"minecraft:crafting_table":10,"minecraft:torch":2,"minecraft:short_grass":23,"minecraft:melon":1,"minecraft:chest":2,"minecraft:nether_quartz_ore":14,"minecraft:copper_ore":17,"minecraft:cobblestone":14,"minecraft:tall_grass":1,"minecraft:deepslate_gold_ore":5,"minecraft:sugar_cane":11,"minecraft:oak_planks":64,"minecraft:wall_torch":1,"minecraft:birch_log":5,"minecraft:birch_leaves":3,"minecraft:birch_door":1,"minecraft:oak_log":22,"minecraft:coal_ore":108,"minecraft:gravel":32,"minecraft:dirt":2,"minecraft:cobweb":58,"minecraft:netherrack":80,"minecraft:deepslate":89,"minecraft:oak_leaves":4},"minecraft:crafted":{"minecraft:oak_planks":68,"minecraft:stone_shovel":1,"minecraft:oak_sign":3,"minecraft:furnace":2,"minecraft:bone_meal":36,"minecraft:flint_and_steel":1,"minecraft:cooked_mutton":1,"minecraft:hopper":1,"minecraft:iron_boots":1,"minecraft:stone_pickaxe":2,"minecraft:chest":3,"minecraft:birch_door":3,"minecraft:stone_hoe":1,"minecraft:oak_fence":15,"minecraft:cooked_beef":5,"minecraft:cooked_porkchop":5,"minecraft:crafting_table":5,"minecraft:enchanting_table":1,"minecraft:wooden_pickaxe":1,"minecraft:iron_helmet":1,"minecraft:iron_sword":1,"minecraft:cooked_salmon":4,"minecraft:bucket":1,"minecraft:birch_planks":20,"minecraft:stone_axe":2,"minecraft:air":0,"minecraft:oak_boat":2,"minecraft:book":3,"minecraft:iron_chestplate":1,"minecraft:paper":6,"minecraft:diamond_pickaxe":1,"minecraft:shield":1,"minecraft:stick":100,"minecraft:iron_ingot":42,"minecraft:iron_pickaxe":1,"minecraft:stone_sword":1,"minecraft:gold_ingot":5,"minecraft:iron_leggings":1,"minecraft:torch":248},"minecraft:broken":{"minecraft:stone_sword":1,"minecraft:stone_pickaxe":2,"minecraft:stone_axe":1,"minecraft:iron_pickaxe":1},"minecraft:killed":{"minecraft:cave_spider":1,"minecraft:spider":2,"minecraft:cod":1,"minecraft:phantom":1,"minecraft:skeleton":13,"minecraft:drowned":24,"minecraft:magma_cube":46,"minecraft:pig":7,"minecraft:creeper":1,"minecraft:sheep":3,"minecraft:zombie":7,"minecraft:wither_skeleton":1,"minecraft:enderman":1,"minecraft:cow":6},"minecraft:used":{"minecraft:oak_fence":8,"minecraft:trident":1,"minecraft:enchanting_table":2,"minecraft:stone_sword":74,"minecraft:flint_and_steel":1,"minecraft:stone_shovel":21,"minecraft:bone_block":13,"minecraft:oak_sign":1,"minecraft:chest":3,"minecraft:shield":37,"minecraft:iron_sword":244,"minecraft:cooked_salmon":4,"minecraft:stone_hoe":1,"minecraft:rotten_flesh":27,"minecraft:netherrack":40,"minecraft:iron_chestplate":1,"minecraft:torch":240,"minecraft:dirt":6,"minecraft:hopper":2,"minecraft:nether_bricks":14,"minecraft:obsidian":16,"minecraft:birch_door":1,"minecraft:iron_boots":1,"minecraft:melon_seeds":1,"minecraft:basalt":91,"minecraft:soul_soil":3,"minecraft:furnace":9,"minecraft:cooked_beef":5,"minecraft:cobbled_deepslate":9,"minecraft:wheat_seeds":1,"minecraft:water_bucket":13,"minecraft:stone_pickaxe":256,"minecraft:blackstone":52,"minecraft:wooden_pickaxe":4,"minecraft:sugar_cane":12,"minecraft:salmon":2,"minecraft:golden_apple":1,"minecraft:crafting_table":15,"minecraft:diamond_pickaxe":306,"minecraft:apple":3,"minecraft:bread":14,"minecraft:melon_slice":3,"minecraft:iron_pickaxe":250,"minecraft:gravel":8,"minecraft:stone_axe":156,"minecraft:cobblestone":98,"minecraft:cooked_porkchop":11,"minecraft:bucket":15,"minecraft:oak_boat":2,"minecraft:bone_meal":36},"minecraft:dropped":{"minecraft:water_bucket":1,"minecraft:bread":1,"minecraft:oak_fence":5,"minecraft:cobblestone":15,"minecraft:phantom_membrane":1,"minecraft:bucket":1,"minecraft:stone_axe":1,"minecraft:cobbled_deepslate":64,"minecraft:beetroot":2,"minecraft:rotten_flesh":7,"minecraft:golden_leggings":1,"minecraft:oak_sapling":9,"minecraft:chest":1,"minecraft:spider_eye":2,"minecraft:stone_pickaxe":1,"minecraft:nautilus_shell":1},"minecraft:killed_by":{"minecraft:player":1,"minecraft:enderman":1,"minecraft:drowned":2},"minecraft:custom":{"minecraft:interact_with_anvil":1,"minecraft:mob_kills":116,"minecraft:interact_with_crafting_table":41,"minecraft:open_barrel":3,"minecraft:leave_game":2,"minecraft:time_since_death":24276,"minecraft:climb_one_cm":304,"minecraft:sprint_one_cm":589833,"minecraft:walk_one_cm":773677,"minecraft:damage_blocked_by_shield":2030,"minecraft:drop":20,"minecraft:play_time":284368,"minecraft:sneak_time":30073,"minecraft:deaths":5,"minecraft:walk_under_water_one_cm":58408,"minecraft:boat_one_cm":492246,"minecraft:jump":3479,"minecraft:walk_on_water_one_cm":50284,"minecraft:enchant_item":2,"minecraft:total_world_time":284368,"minecraft:interact_with_furnace":59,"minecraft:sleep_in_bed":1,"minecraft:time_since_rest":24308,"minecraft:damage_taken":3572,"minecraft:damage_absorbed":40,"minecraft:damage_dealt":12415,"minecraft:fly_one_cm":381392,"minecraft:swim_one_cm":141495,"minecraft:open_chest":83,"minecraft:crouch_one_cm":79575,"minecraft:fall_one_cm":55728,"minecraft:inspect_dispenser":8},"minecraft:picked_up":{"minecraft:fishing_rod":1,"minecraft:iron_chestplate":2,"minecraft:crafting_table":11,"minecraft:birch_door":1,"minecraft:nether_wart":20,"minecraft:wooden_pickaxe":1,"minecraft:gold_block":1,"minecraft:enchanted_book":3,"minecraft:shield":2,"minecraft:soul_soil":13,"minecraft:raw_copper":58,"minecraft:cooked_salmon":3,"minecraft:string":59,"minecraft:iron_leggings":2,"minecraft:blackstone":54,"minecraft:beetroot":2,"minecraft:deepslate_tiles":1,"minecraft:cobbled_deepslate":90,"minecraft:beef":13,"minecraft:iron_pickaxe":1,"minecraft:melon_slice":10,"minecraft:sugar_cane":26,"minecraft:chest":3,"minecraft:phantom_membrane":1,"minecraft:iron_boots":2,"minecraft:furnace":8,"minecraft:raw_iron":42,"minecraft:stick":26,"minecraft:copper_ingot":2,"minecraft:oak_fence":2,"minecraft:torch":31,"minecraft:porkchop":18,"minecraft:trident":1,"minecraft:stone_shovel":1,"minecraft:arrow":17,"minecraft:rotten_flesh":39,"minecraft:nether_bricks":18,"minecraft:gold_ingot":3,"minecraft:blaze_rod":1,"minecraft:obsidian":20,"minecraft:mutton":5,"minecraft:cod":2,"minecraft:bone_block":37,"minecraft:white_wool":3,"minecraft:cobblestone":262,"minecraft:nautilus_shell":1,"minecraft:birch_log":5,"minecraft:enchanting_table":1,"minecraft:magma_block":1,"minecraft:basalt":98,"minecraft:cooked_beef":11,"minecraft:magma_cream":7,"minecraft:water_bucket":4,"minecraft:salmon":6,"minecraft:leather":9,"minecraft:golden_leggings":1,"minecraft:birch_planks":9,"minecraft:flint":1,"minecraft:tuff":24,"minecraft:oak_log":24,"minecraft:gunpowder":4,"minecraft:paper":24,"minecraft:lapis_lazuli":9,"minecraft:dirt":6,"minecraft:cooked_mutton":4,"minecraft:bone":16,"minecraft:apple":3,"minecraft:bow":1,"minecraft:wheat_seeds":7,"minecraft:raw_gold":7,"minecraft:stone_pickaxe":2,"minecraft:soul_sand":21,"minecraft:iron_sword":2,"minecraft:oak_planks":132,"minecraft:cooked_porkchop":5,"minecraft:quartz":14,"minecraft:gravel":29,"minecraft:spider_eye":5,"minecraft:diamond":15,"minecraft:spruce_boat":2,"minecraft:stone_axe":3,"minecraft:iron_helmet":2,"minecraft:granite":3,"minecraft:gray_wool":1,"minecraft:golden_horse_armor":1,"minecraft:bread":18,"minecraft:netherrack":68,"minecraft:oak_sapling":16,"minecraft:coal":191,"minecraft:hopper":1,"minecraft:ender_pearl":3,"minecraft:diamond_pickaxe":2}},"DataVersion":3839}