{"stats":{"minecraft:mined":{"minecraft:furnace":3,"minecraft:iron_ore":14,"minecraft:birch_log":5,"minecraft:birch_leaves":1,"minecraft:birch_door":1,"minecraft:crafting_table":4,"minecraft:granite":3,"minecraft:oak_log":12,"minecraft:short_grass":3,"minecraft:coal_ore":88,"minecraft:stone":94},"minecraft:crafted":{"minecraft:iron_chestplate":1,"minecraft:crafting_table":1,"minecraft:stick":12,"minecraft:iron_ingot":14,"minecraft:wooden_pickaxe":1,"minecraft:stone_pickaxe":2,"minecraft:furnace":1,"minecraft:cooked_salmon":4,"minecraft:birch_door":3,"minecraft:torch":36,"minecraft:birch_planks":20,"minecraft:stone_axe":1,"minecraft:air":0},"minecraft:killed":{"minecraft:spider":1},"minecraft:broken":{"minecraft:stone_pickaxe":1},"minecraft:dropped":{"minecraft:stone_pickaxe":1},"minecraft:used":{"minecraft:stone_pickaxe":204,"minecraft:wooden_pickaxe":4,"minecraft:cooked_salmon":3,"minecraft:torch":25,"minecraft:stone_axe":18,"minecraft:salmon":2,"minecraft:crafting_table":4,"minecraft:furnace":3,"minecraft:birch_door":1},"minecraft:killed_by":{"minecraft:enderman":1},"minecraft:custom":{"minecraft:time_since_rest":18081,"minecraft:interact_with_furnace":14,"minecraft:sprint_one_cm":79130,"minecraft:damage_taken":340,"minecraft:walk_one_cm":111614,"minecraft:mob_kills":1,"minecraft:drop":1,"minecraft:damage_dealt":296,"minecraft:swim_one_cm":28803,"minecraft:interact_with_crafting_table":9,"minecraft:fly_one_cm":50773,"minecraft:open_chest":1,"minecraft:open_barrel":1,"minecraft:crouch_one_cm":7635,"minecraft:play_time":37461,"minecraft:deaths":1,"minecraft:sneak_time":2661,"minecraft:walk_under_water_one_cm":8695,"minecraft:jump":414,"minecraft:leave_game":1,"minecraft:time_since_death":17989,"minecraft:walk_on_water_one_cm":7257,"minecraft:total_world_time":37461,"minecraft:fall_one_cm":5986},"minecraft:picked_up":{"minecraft:birch_log":5,"minecraft:birch_door":1,"minecraft:raw_iron":14,"minecraft:stick":5,"minecraft:crafting_table":5,"minecraft:salmon":6,"minecraft:torch":13,"minecraft:wooden_pickaxe":1,"minecraft:birch_planks":9,"minecraft:enchanted_book":1,"minecraft:oak_log":12,"minecraft:cooked_salmon":3,"minecraft:apple":3,"minecraft:stone_axe":1,"minecraft:wheat_seeds":2,"minecraft:granite":3,"minecraft:stone_pickaxe":2,"minecraft:oak_sapling":9,"minecraft:coal":119,"minecraft:cobblestone":132,"minecraft:furnace":4}},"DataVersion":3839}