{"stats":{"minecraft:mined":{"minecraft:crafting_table":9,"minecraft:granite":3,"minecraft:short_grass":3,"minecraft:grass_block":4,"minecraft:deepslate_gold_ore":1,"minecraft:oak_planks":4,"minecraft:furnace":5,"minecraft:birch_log":5,"minecraft:iron_ore":26,"minecraft:birch_leaves":3,"minecraft:birch_door":1,"minecraft:coal_ore":88,"minecraft:oak_log":12,"minecraft:deepslate_iron_ore":10,"minecraft:cobweb":18,"minecraft:stone":97,"minecraft:deepslate":2},"minecraft:crafted":{"minecraft:oak_planks":8,"minecraft:crafting_table":1,"minecraft:wooden_pickaxe":1,"minecraft:iron_helmet":1,"minecraft:furnace":1,"minecraft:cooked_salmon":4,"minecraft:bone_meal":6,"minecraft:bucket":1,"minecraft:birch_planks":20,"minecraft:stone_axe":1,"minecraft:air":0,"minecraft:iron_boots":1,"minecraft:iron_chestplate":1,"minecraft:shield":1,"minecraft:stick":16,"minecraft:iron_ingot":36,"minecraft:iron_pickaxe":1,"minecraft:stone_pickaxe":2,"minecraft:stone_sword":1,"minecraft:iron_leggings":1,"minecraft:birch_door":3,"minecraft:torch":40},"minecraft:killed":{"minecraft:cave_spider":1,"minecraft:spider":1,"minecraft:creeper":1,"minecraft:skeleton":2,"minecraft:zombie":1,"minecraft:drowned":1},"minecraft:broken":{"minecraft:stone_pickaxe":1},"minecraft:dropped":{"minecraft:stone_pickaxe":1},"minecraft:used":{"minecraft:wheat_seeds":1,"minecraft:water_bucket":2,"minecraft:stone_sword":18,"minecraft:stone_pickaxe":233,"minecraft:shield":4,"minecraft:wooden_pickaxe":4,"minecraft:cooked_salmon":4,"minecraft:rotten_flesh":2,"minecraft:salmon":2,"minecraft:torch":40,"minecraft:crafting_table":9,"minecraft:birch_door":1,"minecraft:apple":3,"minecraft:iron_pickaxe":1,"minecraft:iron_boots":1,"minecraft:stone_axe":46,"minecraft:cobblestone":12,"minecraft:furnace":5,"minecraft:cooked_porkchop":1,"minecraft:bucket":2,"minecraft:bone_meal":6},"minecraft:killed_by":{"minecraft:enderman":1},"minecraft:custom":{"minecraft:interact_with_furnace":28,"minecraft:mob_kills":8,"minecraft:interact_with_crafting_table":17,"minecraft:open_barrel":2,"minecraft:leave_game":1,"minecraft:time_since_death":41989,"minecraft:time_since_rest":42081,"minecraft:sprint_one_cm":136733,"minecraft:damage_taken":740,"minecraft:walk_one_cm":183890,"minecraft:damage_blocked_by_shield":190,"minecraft:drop":1,"minecraft:damage_dealt":1331,"minecraft:swim_one_cm":38573,"minecraft:fly_one_cm":79805,"minecraft:open_chest":1,"minecraft:crouch_one_cm":14843,"minecraft:play_time":61461,"minecraft:deaths":1,"minecraft:sneak_time":4907,"minecraft:walk_under_water_one_cm":22369,"minecraft:jump":799,"minecraft:walk_on_water_one_cm":16531,"minecraft:total_world_time":61461,"minecraft:fall_one_cm":11697},"minecraft:picked_up":{"minecraft:birch_log":5,"minecraft:crafting_table":10,"minecraft:birch_door":1,"minecraft:salmon":6,"minecraft:wooden_pickaxe":1,"minecraft:birch_planks":9,"minecraft:enchanted_book":1,"minecraft:oak_log":12,"minecraft:gunpowder":2,"minecraft:dirt":4,"minecraft:string":20,"minecraft:cooked_salmon":3,"minecraft:bone":2,"minecraft:apple":3,"minecraft:wheat_seeds":2,"minecraft:cobbled_deepslate":2,"minecraft:raw_gold":1,"minecraft:stone_pickaxe":2,"minecraft:oak_planks":4,"minecraft:furnace":6,"minecraft:stick":5,"minecraft:raw_iron":36,"minecraft:torch":13,"minecraft:spider_eye":1,"minecraft:arrow":1,"minecraft:rotten_flesh":3,"minecraft:stone_axe":1,"minecraft:granite":3,"minecraft:oak_sapling":9,"minecraft:coal":126,"minecraft:cobblestone":136}},"DataVersion":3839}