{"stats":{"minecraft:mined":{"minecraft:crafting_table":8,"minecraft:granite":3,"minecraft:short_grass":3,"minecraft:deepslate_gold_ore":1,"minecraft:oak_planks":4,"minecraft:furnace":4,"minecraft:birch_log":5,"minecraft:iron_ore":14,"minecraft:birch_leaves":1,"minecraft:birch_door":1,"minecraft:coal_ore":88,"minecraft:oak_log":12,"minecraft:deepslate_iron_ore":10,"minecraft:cobweb":18,"minecraft:stone":94,"minecraft:deepslate":2},"minecraft:crafted":{"minecraft:oak_planks":8,"minecraft:crafting_table":1,"minecraft:wooden_pickaxe":1,"minecraft:furnace":1,"minecraft:cooked_salmon":4,"minecraft:bucket":1,"minecraft:birch_planks":20,"minecraft:stone_axe":1,"minecraft:air":0,"minecraft:iron_chestplate":1,"minecraft:shield":1,"minecraft:stick":16,"minecraft:iron_ingot":24,"minecraft:iron_pickaxe":1,"minecraft:stone_pickaxe":2,"minecraft:stone_sword":1,"minecraft:iron_leggings":1,"minecraft:birch_door":3,"minecraft:torch":36},"minecraft:killed":{"minecraft:cave_spider":1,"minecraft:spider":1,"minecraft:creeper":1,"minecraft:skeleton":2,"minecraft:zombie":1},"minecraft:broken":{"minecraft:stone_pickaxe":1},"minecraft:dropped":{"minecraft:stone_pickaxe":1},"minecraft:used":{"minecraft:stone_sword":18,"minecraft:stone_pickaxe":217,"minecraft:shield":3,"minecraft:wooden_pickaxe":4,"minecraft:cooked_salmon":4,"minecraft:salmon":2,"minecraft:torch":32,"minecraft:crafting_table":8,"minecraft:birch_door":1,"minecraft:apple":3,"minecraft:iron_pickaxe":1,"minecraft:stone_axe":40,"minecraft:cobblestone":12,"minecraft:furnace":4,"minecraft:bucket":1},"minecraft:killed_by":{"minecraft:enderman":1},"minecraft:custom":{"minecraft:interact_with_furnace":20,"minecraft:mob_kills":7,"minecraft:interact_with_crafting_table":15,"minecraft:open_barrel":1,"minecraft:leave_game":1,"minecraft:time_since_death":29989,"minecraft:time_since_rest":30081,"minecraft:sprint_one_cm":98402,"minecraft:damage_taken":655,"minecraft:walk_one_cm":153217,"minecraft:damage_blocked_by_shield":110,"minecraft:drop":1,"minecraft:damage_dealt":1130,"minecraft:swim_one_cm":29640,"minecraft:fly_one_cm":58018,"minecraft:open_chest":1,"minecraft:crouch_one_cm":12269,"minecraft:play_time":49461,"minecraft:deaths":1,"minecraft:sneak_time":3981,"minecraft:walk_under_water_one_cm":13009,"minecraft:jump":569,"minecraft:walk_on_water_one_cm":12320,"minecraft:total_world_time":49461,"minecraft:fall_one_cm":8179},"minecraft:picked_up":{"minecraft:birch_log":5,"minecraft:crafting_table":9,"minecraft:birch_door":1,"minecraft:salmon":6,"minecraft:wooden_pickaxe":1,"minecraft:birch_planks":9,"minecraft:enchanted_book":1,"minecraft:oak_log":12,"minecraft:gunpowder":2,"minecraft:string":20,"minecraft:cooked_salmon":3,"minecraft:bone":2,"minecraft:apple":3,"minecraft:wheat_seeds":2,"minecraft:cobbled_deepslate":2,"minecraft:raw_gold":1,"minecraft:stone_pickaxe":2,"minecraft:oak_planks":4,"minecraft:furnace":5,"minecraft:stick":5,"minecraft:raw_iron":24,"minecraft:torch":13,"minecraft:spider_eye":1,"minecraft:arrow":1,"minecraft:rotten_flesh":2,"minecraft:stone_axe":1,"minecraft:granite":3,"minecraft:oak_sapling":9,"minecraft:coal":119,"minecraft:cobblestone":132}},"DataVersion":3839}