{"stats":{"minecraft:mined":{"minecraft:tuff":20,"minecraft:torch":1,"minecraft:crafting_table":10,"minecraft:granite":3,"minecraft:short_grass":5,"minecraft:grass_block":4,"minecraft:cobblestone":10,"minecraft:deepslate_gold_ore":1,"minecraft:oak_planks":64,"minecraft:wall_torch":1,"minecraft:furnace":5,"minecraft:birch_log":5,"minecraft:iron_ore":32,"minecraft:birch_leaves":3,"minecraft:birch_door":1,"minecraft:coal_ore":97,"minecraft:oak_log":22,"minecraft:deepslate_iron_ore":10,"minecraft:gravel":24,"minecraft:cobweb":58,"minecraft:stone":111,"minecraft:oak_leaves":3,"minecraft:deepslate":55},"minecraft:crafted":{"minecraft:oak_planks":8,"minecraft:stone_shovel":1,"minecraft:crafting_table":1,"minecraft:wooden_pickaxe":1,"minecraft:iron_helmet":1,"minecraft:furnace":1,"minecraft:cooked_salmon":4,"minecraft:bone_meal":6,"minecraft:bucket":1,"minecraft:birch_planks":20,"minecraft:stone_axe":2,"minecraft:air":0,"minecraft:iron_boots":1,"minecraft:iron_chestplate":1,"minecraft:shield":1,"minecraft:stick":40,"minecraft:iron_ingot":36,"minecraft:iron_pickaxe":1,"minecraft:stone_pickaxe":2,"minecraft:stone_sword":1,"minecraft:iron_leggings":1,"minecraft:birch_door":3,"minecraft:torch":136},"minecraft:killed":{"minecraft:cave_spider":1,"minecraft:spider":2,"minecraft:creeper":1,"minecraft:skeleton":5,"minecraft:zombie":2,"minecraft:drowned":1,"minecraft:enderman":1},"minecraft:broken":{"minecraft:stone_pickaxe":2,"minecraft:stone_axe":1},"minecraft:dropped":{"minecraft:cobblestone":15,"minecraft:stone_pickaxe":1},"minecraft:used":{"minecraft:wheat_seeds":1,"minecraft:water_bucket":2,"minecraft:stone_sword":73,"minecraft:stone_shovel":19,"minecraft:stone_pickaxe":256,"minecraft:shield":14,"minecraft:wooden_pickaxe":4,"minecraft:cooked_salmon":4,"minecraft:rotten_flesh":16,"minecraft:salmon":2,"minecraft:torch":104,"minecraft:dirt":1,"minecraft:crafting_table":11,"minecraft:birch_door":1,"minecraft:apple":3,"minecraft:bread":1,"minecraft:iron_pickaxe":90,"minecraft:iron_boots":1,"minecraft:stone_axe":126,"minecraft:cobblestone":22,"minecraft:furnace":5,"minecraft:cooked_porkchop":1,"minecraft:bucket":2,"minecraft:bone_meal":6},"minecraft:killed_by":{"minecraft:enderman":1},"minecraft:custom":{"minecraft:interact_with_furnace":28,"minecraft:mob_kills":14,"minecraft:interact_with_crafting_table":19,"minecraft:open_barrel":2,"minecraft:leave_game":1,"minecraft:time_since_death":77989,"minecraft:time_since_rest":78081,"minecraft:sprint_one_cm":221407,"minecraft:damage_taken":789,"minecraft:walk_one_cm":332531,"minecraft:damage_blocked_by_shield":580,"minecraft:drop":2,"minecraft:damage_dealt":2243,"minecraft:swim_one_cm":49200,"minecraft:fly_one_cm":111732,"minecraft:open_chest":12,"minecraft:crouch_one_cm":25847,"minecraft:play_time":97461,"minecraft:deaths":1,"minecraft:sneak_time":8034,"minecraft:walk_under_water_one_cm":24160,"minecraft:jump":1101,"minecraft:walk_on_water_one_cm":18185,"minecraft:total_world_time":97461,"minecraft:fall_one_cm":13346},"minecraft:picked_up":{"minecraft:birch_log":5,"minecraft:crafting_table":11,"minecraft:birch_door":1,"minecraft:salmon":6,"minecraft:wooden_pickaxe":1,"minecraft:birch_planks":9,"minecraft:enchanted_book":1,"minecraft:tuff":20,"minecraft:oak_log":22,"minecraft:gunpowder":2,"minecraft:dirt":4,"minecraft:string":59,"minecraft:cooked_salmon":3,"minecraft:bone":4,"minecraft:apple":3,"minecraft:wheat_seeds":2,"minecraft:cobbled_deepslate":55,"minecraft:raw_gold":1,"minecraft:stone_pickaxe":2,"minecraft:oak_planks":64,"minecraft:furnace":6,"minecraft:stick":11,"minecraft:raw_iron":42,"minecraft:torch":16,"minecraft:gravel":22,"minecraft:spider_eye":1,"minecraft:arrow":1,"minecraft:rotten_flesh":5,"minecraft:stone_axe":1,"minecraft:granite":3,"minecraft:bread":1,"minecraft:oak_sapling":16,"minecraft:coal":135,"minecraft:cobblestone":161,"minecraft:ender_pearl":1}},"DataVersion":3839}