{"stats":{"minecraft:mined":{"minecraft:birch_leaves":2,"minecraft:peony":2,"minecraft:oak_log":12,"minecraft:coal_ore":8,"minecraft:stone":11,"minecraft:oak_leaves":5},"minecraft:crafted":{"minecraft:oak_planks":24,"minecraft:stick":8,"minecraft:stone_pickaxe":1,"minecraft:furnace":1,"minecraft:white_bed":1,"minecraft:stone_axe":1},"minecraft:killed":{"minecraft:sheep":4,"minecraft:zombie":1,"minecraft:pig":5,"minecraft:chicken":3},"minecraft:dropped":{"minecraft:porkchop":8,"minecraft:mutton":6,"minecraft:cooked_porkchop":2,"minecraft:cooked_cod":1,"minecraft:oak_sapling":3,"minecraft:chicken":1,"minecraft:feather":1},"minecraft:used":{"minecraft:peony":2,"minecraft:chicken":2,"minecraft:stone_pickaxe":20,"minecraft:stone_axe":33,"minecraft:furnace":1,"minecraft:oak_sapling":9,"minecraft:cooked_cod":2,"minecraft:white_bed":1},"minecraft:custom":{"minecraft:time_since_rest":38139,"minecraft:interact_with_furnace":2,"minecraft:sprint_one_cm":81660,"minecraft:damage_taken":100,"minecraft:walk_one_cm":202654,"minecraft:mob_kills":13,"minecraft:drop":10,"minecraft:damage_dealt":1280,"minecraft:swim_one_cm":18148,"minecraft:interact_with_crafting_table":5,"minecraft:fly_one_cm":44203,"minecraft:open_chest":1,"minecraft:crouch_one_cm":6574,"minecraft:play_time":38139,"minecraft:sneak_time":2429,"minecraft:walk_under_water_one_cm":1551,"minecraft:jump":526,"minecraft:walk_on_water_one_cm":3803,"minecraft:leave_game":1,"minecraft:time_since_death":38139,"minecraft:total_world_time":38139,"minecraft:fall_one_cm":9353},"minecraft:picked_up":{"minecraft:stick":4,"minecraft:feather":4,"minecraft:chicken":3,"minecraft:cooked_porkchop":2,"minecraft:porkchop":8,"minecraft:oak_log":19,"minecraft:cooked_cod":3,"minecraft:peony":2,"minecraft:oak_sapling":12,"minecraft:mutton":6,"minecraft:coal":8,"minecraft:white_wool":4,"minecraft:cobblestone":14}},"DataVersion":3839}