{"stats":{"minecraft:custom":{"minecraft:jump":75,"minecraft:time_since_rest":5899,"minecraft:crouch_one_cm":975,"minecraft:walk_on_water_one_cm":3105,"minecraft:sprint_one_cm":8504,"minecraft:play_time":5899,"minecraft:damage_taken":20,"minecraft:time_since_death":5899,"minecraft:walk_one_cm":11746,"minecraft:sneak_time":341,"minecraft:total_world_time":5899,"minecraft:walk_under_water_one_cm":1293,"minecraft:swim_one_cm":13986,"minecraft:fall_one_cm":2214,"minecraft:fly_one_cm":5486}},"DataVersion":3839}