{"stats":{"minecraft:mined":{"minecraft:white_bed":1,"minecraft:oak_sapling":11,"minecraft:farmland":20,"minecraft:grass_block":159,"minecraft:spruce_leaves":81,"minecraft:carrots":51,"minecraft:pumpkin":6,"minecraft:stone":487,"minecraft:oak_fence":4,"minecraft:crafting_table":1,"minecraft:torch":1,"minecraft:short_grass":105,"minecraft:melon":2,"minecraft:cobblestone":99,"minecraft:copper_ore":10,"minecraft:tall_grass":2,"minecraft:oak_planks":3,"minecraft:birch_planks":5,"minecraft:cobblestone_wall":36,"minecraft:birch_log":11,"minecraft:wheat":210,"minecraft:spruce_log":61,"minecraft:birch_leaves":25,"minecraft:birch_door":1,"minecraft:oak_log":110,"minecraft:coal_ore":47,"minecraft:beetroots":33,"minecraft:dirt":33,"minecraft:stone_bricks":2,"minecraft:oak_leaves":80},"minecraft:crafted":{"minecraft:redstone":9,"minecraft:oak_planks":240,"minecraft:stone_shovel":3,"minecraft:barrel":1,"minecraft:fishing_rod":1,"minecraft:stone":76,"minecraft:cobblestone_stairs":8,"minecraft:bone_meal":51,"minecraft:oak_trapdoor":10,"minecraft:iron_axe":1,"minecraft:iron_hoe":1,"minecraft:stone_pickaxe":4,"minecraft:cobblestone_wall":72,"minecraft:chest":1,"minecraft:oak_button":14,"minecraft:birch_door":3,"minecraft:stone_hoe":2,"minecraft:stone_bricks":16,"minecraft:oak_fence":63,"minecraft:lead":2,"minecraft:oak_slab":24,"minecraft:crafting_table":1,"minecraft:iron_sword":1,"minecraft:bowl":4,"minecraft:cooked_salmon":2,"minecraft:bucket":2,"minecraft:birch_planks":64,"minecraft:campfire":3,"minecraft:stone_axe":3,"minecraft:bread":58,"minecraft:air":0,"minecraft:dispenser":2,"minecraft:shield":1,"minecraft:stick":92,"minecraft:iron_ingot":8,"minecraft:iron_pickaxe":2,"minecraft:oak_stairs":8,"minecraft:iron_shovel":1,"minecraft:iron_leggings":1,"minecraft:stonecutter":1,"minecraft:torch":52},"minecraft:broken":{"minecraft:stone_hoe":2,"minecraft:stone_pickaxe":3,"minecraft:stone_axe":1,"minecraft:iron_pickaxe":1,"minecraft:stone_shovel":2,"minecraft:iron_hoe":1},"minecraft:killed":{"minecraft:spider":2,"minecraft:skeleton":4,"minecraft:drowned":1,"minecraft:creeper":3,"minecraft:zombie":4,"minecraft:enderman":1},"minecraft:used":{"minecraft:beetroot":6,"minecraft:oak_trapdoor":10,"minecraft:oak_fence":72,"minecraft:iron_shovel":19,"minecraft:stone_shovel":332,"minecraft:dispenser":2,"minecraft:dried_kelp":6,"minecraft:chest":1,"minecraft:shield":10,"minecraft:stone":4,"minecraft:iron_sword":12,"minecraft:cooked_salmon":1,"minecraft:stone_hoe":262,"minecraft:torch":54,"minecraft:dirt":130,"minecraft:cobblestone_wall":72,"minecraft:carrot":141,"minecraft:birch_door":2,"minecraft:iron_hoe":250,"minecraft:iron_axe":64,"minecraft:oak_stairs":6,"minecraft:barrel":1,"minecraft:stone_brick_stairs":11,"minecraft:stone_bricks":16,"minecraft:bow":2,"minecraft:furnace":4,"minecraft:cooked_cod":3,"minecraft:beetroot_seeds":65,"minecraft:pumpkin":1,"minecraft:wheat_seeds":480,"minecraft:cooked_mutton":1,"minecraft:water_bucket":14,"minecraft:cobblestone_stairs":8,"minecraft:birch_planks":30,"minecraft:stone_pickaxe":425,"minecraft:oak_planks":34,"minecraft:wooden_pickaxe":3,"minecraft:stonecutter":1,"minecraft:oak_slab":11,"minecraft:crafting_table":2,"minecraft:blast_furnace":1,"minecraft:campfire":3,"minecraft:stone_brick_wall":32,"minecraft:smoker":1,"minecraft:oak_log":73,"minecraft:bread":25,"minecraft:oak_button":13,"minecraft:iron_pickaxe":255,"minecraft:spruce_sapling":4,"minecraft:stone_axe":171,"minecraft:fishing_rod":22,"minecraft:cobblestone":442,"minecraft:potion":1,"minecraft:cooked_porkchop":4,"minecraft:bucket":15,"minecraft:oak_boat":2,"minecraft:bone_meal":170},"minecraft:dropped":{"minecraft:bread":28,"minecraft:water_bucket":1,"minecraft:wheat_seeds":23,"minecraft:oak_log":10,"minecraft:cooked_porkchop":4,"minecraft:cobblestone":3,"minecraft:apple":2,"minecraft:stick":2,"minecraft:pufferfish":1,"minecraft:cooked_cod":5,"minecraft:beetroot":6,"minecraft:rotten_flesh":4,"minecraft:carrot":25,"minecraft:oak_button":1,"minecraft:gunpowder":1,"minecraft:oak_sapling":16,"minecraft:stone_brick_stairs":10},"minecraft:custom":{"minecraft:mob_kills":15,"minecraft:animals_bred":3,"minecraft:interact_with_crafting_table":99,"minecraft:open_barrel":15,"minecraft:interact_with_campfire":29,"minecraft:leave_game":3,"minecraft:time_since_death":183403,"minecraft:sprint_one_cm":720087,"minecraft:walk_one_cm":666692,"minecraft:damage_blocked_by_shield":680,"minecraft:drop":41,"minecraft:play_time":183403,"minecraft:sneak_time":23007,"minecraft:walk_under_water_one_cm":2649,"minecraft:jump":2925,"minecraft:interact_with_blast_furnace":1,"minecraft:walk_on_water_one_cm":7874,"minecraft:total_world_time":183403,"minecraft:interact_with_furnace":70,"minecraft:interact_with_stonecutter":6,"minecraft:sleep_in_bed":3,"minecraft:time_since_rest":30588,"minecraft:damage_taken":859,"minecraft:damage_dealt":2982,"minecraft:swim_one_cm":2614,"minecraft:fly_one_cm":549786,"minecraft:open_chest":54,"minecraft:crouch_one_cm":97328,"minecraft:fish_caught":14,"minecraft:fall_one_cm":77291,"minecraft:inspect_dispenser":3},"minecraft:picked_up":{"minecraft:birch_door":1,"minecraft:iron_chestplate":1,"minecraft:crafting_table":1,"minecraft:wheat":194,"minecraft:redstone_block":17,"minecraft:lead":6,"minecraft:enchanted_book":1,"minecraft:potion":1,"minecraft:stone_brick_stairs":10,"minecraft:string":3,"minecraft:raw_copper":35,"minecraft:cooked_salmon":1,"minecraft:pufferfish":2,"minecraft:beetroot":32,"minecraft:oak_boat":3,"minecraft:melon_slice":11,"minecraft:birch_sapling":10,"minecraft:iron_boots":1,"minecraft:stick":21,"minecraft:oak_fence":9,"minecraft:torch":5,"minecraft:porkchop":8,"minecraft:dried_kelp":51,"minecraft:carrot":180,"minecraft:arrow":12,"minecraft:rotten_flesh":6,"minecraft:cooked_cod":8,"minecraft:beetroot_seeds":89,"minecraft:mutton":6,"minecraft:cod":11,"minecraft:cobblestone":624,"minecraft:nautilus_shell":1,"minecraft:birch_log":11,"minecraft:salmon":1,"minecraft:smoker":1,"minecraft:birch_planks":5,"minecraft:oak_log":115,"minecraft:gunpowder":2,"minecraft:cobblestone_wall":34,"minecraft:dirt":214,"minecraft:name_tag":1,"minecraft:cooked_mutton":4,"minecraft:bone":10,"minecraft:apple":5,"minecraft:stone_bricks":2,"minecraft:bow":2,"minecraft:wheat_seeds":533,"minecraft:glowstone_dust":28,"minecraft:soul_sand":43,"minecraft:oak_planks":3,"minecraft:cooked_porkchop":14,"minecraft:pumpkin":6,"minecraft:spruce_sapling":5,"minecraft:blast_furnace":1,"minecraft:spruce_log":61,"minecraft:spider_eye":2,"minecraft:diamond":1,"minecraft:iron_helmet":1,"minecraft:bone_meal":119,"minecraft:golden_apple":1,"minecraft:bread":4,"minecraft:oak_sapling":61,"minecraft:netherrack":192,"minecraft:coal":47,"minecraft:ender_pearl":1}},"DataVersion":3839}