{"stats":{"minecraft:mined":{"minecraft:white_bed":1,"minecraft:oak_sapling":11,"minecraft:farmland":20,"minecraft:torch":1,"minecraft:short_grass":105,"minecraft:grass_block":113,"minecraft:copper_ore":10,"minecraft:cobblestone":73,"minecraft:oak_planks":3,"minecraft:birch_planks":5,"minecraft:cobblestone_wall":4,"minecraft:birch_log":11,"minecraft:wheat":40,"minecraft:birch_leaves":8,"minecraft:birch_door":1,"minecraft:pumpkin":6,"minecraft:oak_log":98,"minecraft:coal_ore":47,"minecraft:dirt":14,"minecraft:stone":423,"minecraft:oak_leaves":59},"minecraft:crafted":{"minecraft:oak_slab":24,"minecraft:oak_planks":176,"minecraft:redstone":9,"minecraft:stone_shovel":2,"minecraft:barrel":1,"minecraft:fishing_rod":1,"minecraft:crafting_table":1,"minecraft:cobblestone_stairs":8,"minecraft:stone":4,"minecraft:bucket":1,"minecraft:bone_meal":48,"minecraft:birch_planks":52,"minecraft:campfire":3,"minecraft:stone_axe":3,"minecraft:bread":11,"minecraft:air":0,"minecraft:dispenser":2,"minecraft:shield":1,"minecraft:stick":72,"minecraft:iron_pickaxe":1,"minecraft:iron_ingot":8,"minecraft:oak_stairs":8,"minecraft:stone_pickaxe":3,"minecraft:cobblestone_wall":66,"minecraft:birch_door":3,"minecraft:torch":48,"minecraft:stone_hoe":2,"minecraft:oak_fence":51},"minecraft:killed":{"minecraft:spider":2,"minecraft:creeper":2,"minecraft:skeleton":2,"minecraft:zombie":2},"minecraft:broken":{"minecraft:stone_pickaxe":3,"minecraft:stone_axe":1,"minecraft:stone_shovel":2,"minecraft:stone_hoe":1},"minecraft:used":{"minecraft:oak_fence":49,"minecraft:wheat_seeds":112,"minecraft:cooked_mutton":1,"minecraft:water_bucket":6,"minecraft:cobblestone_stairs":8,"minecraft:dispenser":2,"minecraft:birch_planks":30,"minecraft:stone_shovel":270,"minecraft:stone_pickaxe":393,"minecraft:oak_planks":34,"minecraft:stone":4,"minecraft:cooked_salmon":1,"minecraft:stone_hoe":216,"minecraft:torch":46,"minecraft:dirt":80,"minecraft:oak_slab":11,"minecraft:crafting_table":1,"minecraft:cobblestone_wall":69,"minecraft:campfire":3,"minecraft:birch_door":2,"minecraft:oak_log":73,"minecraft:oak_stairs":6,"minecraft:bread":9,"minecraft:iron_pickaxe":166,"minecraft:barrel":1,"minecraft:stone_axe":145,"minecraft:potion":1,"minecraft:bow":2,"minecraft:fishing_rod":16,"minecraft:cobblestone":427,"minecraft:cooked_cod":3,"minecraft:cooked_porkchop":3,"minecraft:bucket":7,"minecraft:bone_meal":48},"minecraft:dropped":{"minecraft:bread":6,"minecraft:oak_log":10,"minecraft:cooked_porkchop":2,"minecraft:rotten_flesh":4,"minecraft:cobblestone":3,"minecraft:gunpowder":1,"minecraft:cooked_cod":3},"minecraft:custom":{"minecraft:interact_with_furnace":11,"minecraft:mob_kills":8,"minecraft:interact_with_crafting_table":64,"minecraft:open_barrel":9,"minecraft:interact_with_campfire":22,"minecraft:time_since_death":101956,"minecraft:sleep_in_bed":1,"minecraft:time_since_rest":2582,"minecraft:sprint_one_cm":334373,"minecraft:damage_taken":427,"minecraft:walk_one_cm":340933,"minecraft:drop":17,"minecraft:damage_dealt":1394,"minecraft:swim_one_cm":217,"minecraft:fly_one_cm":300058,"minecraft:open_chest":13,"minecraft:crouch_one_cm":75130,"minecraft:play_time":101956,"minecraft:sneak_time":16960,"minecraft:walk_under_water_one_cm":1441,"minecraft:jump":1760,"minecraft:walk_on_water_one_cm":5677,"minecraft:total_world_time":101956,"minecraft:fish_caught":9,"minecraft:fall_one_cm":50860,"minecraft:inspect_dispenser":1},"minecraft:picked_up":{"minecraft:birch_door":1,"minecraft:birch_log":11,"minecraft:iron_chestplate":1,"minecraft:wheat":35,"minecraft:redstone_block":17,"minecraft:salmon":1,"minecraft:birch_planks":5,"minecraft:potion":1,"minecraft:enchanted_book":1,"minecraft:oak_log":103,"minecraft:gunpowder":1,"minecraft:cobblestone_wall":4,"minecraft:dirt":149,"minecraft:string":2,"minecraft:raw_copper":35,"minecraft:cooked_salmon":1,"minecraft:name_tag":1,"minecraft:cooked_mutton":4,"minecraft:pufferfish":1,"minecraft:bone":7,"minecraft:apple":5,"minecraft:bow":2,"minecraft:wheat_seeds":112,"minecraft:birch_sapling":7,"minecraft:oak_planks":3,"minecraft:iron_boots":1,"minecraft:stick":12,"minecraft:cooked_porkchop":11,"minecraft:pumpkin":6,"minecraft:torch":4,"minecraft:porkchop":8,"minecraft:spider_eye":2,"minecraft:arrow":10,"minecraft:rotten_flesh":4,"minecraft:cooked_cod":6,"minecraft:diamond":1,"minecraft:iron_helmet":1,"minecraft:bread":4,"minecraft:oak_sapling":51,"minecraft:coal":47,"minecraft:mutton":6,"minecraft:cod":7,"minecraft:cobblestone":505}},"DataVersion":3839}