{"stats":{"minecraft:custom":{"minecraft:open_barrel":2,"minecraft:time_since_rest":89953,"minecraft:crouch_one_cm":1691,"minecraft:play_time":89953,"minecraft:sprint_one_cm":47685,"minecraft:damage_taken":90,"minecraft:walk_one_cm":37062,"minecraft:sneak_time":1939,"minecraft:walk_under_water_one_cm":476,"minecraft:drop":8,"minecraft:jump":473,"minecraft:damage_dealt":2,"minecraft:time_since_death":89953,"minecraft:walk_on_water_one_cm":1213,"minecraft:total_world_time":89953,"minecraft:swim_one_cm":1763,"minecraft:fall_one_cm":4109,"minecraft:fly_one_cm":582195},"minecraft:picked_up":{"minecraft:spawner":1088,"minecraft:bone":1,"minecraft:arrow":2,"minecraft:wheat_seeds":3,"minecraft:spruce_log":2,"minecraft:dirt":24},"minecraft:dropped":{"minecraft:dark_oak_door":64,"minecraft:spruce_log":128,"minecraft:dark_oak_log":64,"minecraft:diamond_axe":1,"minecraft:dark_oak_fence":64,"minecraft:stone_sword":1,"minecraft:spruce_planks":64},"minecraft:used":{"minecraft:dark_oak_stairs":82,"minecraft:dirt":37,"minecraft:spruce_door":3,"minecraft:command_block":21,"minecraft:oak_stairs":50,"minecraft:grass_block":36,"minecraft:spruce_stairs":3,"minecraft:oak_planks":86,"minecraft:spawner":3,"minecraft:spruce_planks":115,"minecraft:spruce_fence":16,"minecraft:spruce_log":77,"minecraft:birch_stairs":19,"minecraft:barrel":2}},"DataVersion":3839}