{"stats":{"minecraft:custom":{"minecraft:mob_kills":8,"minecraft:open_barrel":2,"minecraft:bell_ring":2,"minecraft:time_since_death":2879,"minecraft:climb_one_cm":469,"minecraft:time_since_rest":2958,"minecraft:sprint_one_cm":96591,"minecraft:damage_taken":90,"minecraft:walk_one_cm":166154,"minecraft:drop":21,"minecraft:damage_dealt":202,"minecraft:swim_one_cm":1763,"minecraft:talked_to_villager":3,"minecraft:target_hit":2,"minecraft:fly_one_cm":2485827,"minecraft:player_kills":1,"minecraft:open_chest":1,"minecraft:crouch_one_cm":14181,"minecraft:play_time":227953,"minecraft:deaths":1,"minecraft:sneak_time":10928,"minecraft:walk_under_water_one_cm":1319,"minecraft:jump":821,"minecraft:walk_on_water_one_cm":11513,"minecraft:total_world_time":227953,"minecraft:interact_with_smoker":2,"minecraft:fall_one_cm":4109},"minecraft:picked_up":{"minecraft:ladder":1,"minecraft:enchanted_book":2,"minecraft:dirt":39,"minecraft:spawner":1478,"minecraft:bone":1,"minecraft:wheat_seeds":4,"minecraft:spruce_log":2,"minecraft:command_block":2,"minecraft:arrow":2,"minecraft:snowball":15},"minecraft:dropped":{"minecraft:enchanted_book":1,"minecraft:dark_oak_door":64,"minecraft:iron_sword":1,"minecraft:wheat_seeds":1,"minecraft:diamond_axe":1,"minecraft:baked_potato":64,"minecraft:stone_sword":1,"minecraft:iron_helmet":1,"minecraft:iron_boots":1,"minecraft:tipped_arrow":64,"minecraft:dark_oak_log":64,"minecraft:golden_carrot":64,"minecraft:dark_oak_fence":64,"minecraft:spruce_planks":64,"minecraft:iron_chestplate":1,"minecraft:snowball":1,"minecraft:iron_leggings":1,"minecraft:writable_book":1,"minecraft:spruce_log":192},"minecraft:killed":{"minecraft:parrot":1,"minecraft:salmon":2,"minecraft:villager":3,"minecraft:cow":2},"minecraft:used":{"minecraft:oak_trapdoor":8,"minecraft:oak_fence":72,"minecraft:wheat_seeds":35,"minecraft:dark_oak_stairs":117,"minecraft:water_bucket":2,"minecraft:cow_spawn_egg":6,"minecraft:iron_bars":7,"minecraft:dirt_path":1,"minecraft:iron_shovel":79,"minecraft:spruce_door":5,"minecraft:lodestone":2,"minecraft:flint_and_steel":5,"minecraft:polished_andesite":12,"minecraft:spruce_slab":49,"minecraft:stone_shovel":39,"minecraft:oak_planks":237,"minecraft:ladder":35,"minecraft:spruce_planks":132,"minecraft:chest":5,"minecraft:composter":2,"minecraft:cauldron":1,"minecraft:spruce_fence_gate":1,"minecraft:fletching_table":2,"minecraft:stonecutter":2,"minecraft:bell":2,"minecraft:snow_golem_spawn_egg":2,"minecraft:white_wool":115,"minecraft:mossy_cobblestone":381,"minecraft:sand":28,"minecraft:dirt":169,"minecraft:target":2,"minecraft:anvil":1,"minecraft:oak_slab":108,"minecraft:crafting_table":1,"minecraft:spruce_stairs":163,"minecraft:cobblestone_wall":89,"minecraft:white_bed":4,"minecraft:campfire":1,"minecraft:spruce_fence":83,"minecraft:snowball":350,"minecraft:spruce_log":170,"minecraft:smoker":1,"minecraft:oak_log":96,"minecraft:dark_oak_planks":38,"minecraft:bookshelf":3,"minecraft:villager_spawn_egg":9,"minecraft:dark_oak_log":60,"minecraft:command_block":22,"minecraft:birch_slab":3,"minecraft:lantern":10,"minecraft:grass_block":169,"minecraft:oak_stairs":83,"minecraft:cyan_bed":4,"minecraft:spawner":9,"minecraft:netherite_hoe":35,"minecraft:dark_oak_slab":16,"minecraft:barrel":3,"minecraft:item_frame":1,"minecraft:diamond_sword":4,"minecraft:cobblestone":242,"minecraft:bow":16,"minecraft:hay_block":16,"minecraft:furnace":2,"minecraft:dark_oak_fence":19,"minecraft:mossy_cobblestone_wall":61,"minecraft:oak_hanging_sign":2,"minecraft:bone_meal":88,"minecraft:light_gray_bed":2,"minecraft:birch_stairs":19}},"DataVersion":3839}