{"stats":{"minecraft:custom":{"minecraft:open_barrel":2,"minecraft:time_since_rest":29953,"minecraft:crouch_one_cm":1093,"minecraft:play_time":29953,"minecraft:sprint_one_cm":33549,"minecraft:damage_taken":90,"minecraft:walk_one_cm":18870,"minecraft:sneak_time":1448,"minecraft:walk_under_water_one_cm":476,"minecraft:drop":3,"minecraft:jump":411,"minecraft:damage_dealt":0,"minecraft:time_since_death":29953,"minecraft:walk_on_water_one_cm":1213,"minecraft:total_world_time":29953,"minecraft:swim_one_cm":1763,"minecraft:fall_one_cm":4109,"minecraft:fly_one_cm":500346},"minecraft:dropped":{"minecraft:spruce_log":64,"minecraft:stone_sword":1,"minecraft:spruce_planks":64},"minecraft:picked_up":{"minecraft:spawner":1088,"minecraft:bone":1,"minecraft:arrow":2,"minecraft:wheat_seeds":1,"minecraft:dirt":24},"minecraft:used":{"minecraft:dirt":26,"minecraft:command_block":21,"minecraft:grass_block":36,"minecraft:spawner":1,"minecraft:spruce_planks":112,"minecraft:spruce_log":25,"minecraft:barrel":2}},"DataVersion":3839}