{"stats":{"minecraft:mined":{"minecraft:oak_sapling":11,"minecraft:farmland":20,"minecraft:torch":1,"minecraft:short_grass":101,"minecraft:grass_block":113,"minecraft:copper_ore":10,"minecraft:cobblestone":71,"minecraft:oak_planks":3,"minecraft:birch_planks":2,"minecraft:cobblestone_wall":3,"minecraft:birch_log":5,"minecraft:wheat":39,"minecraft:birch_leaves":5,"minecraft:pumpkin":6,"minecraft:oak_log":96,"minecraft:coal_ore":47,"minecraft:dirt":14,"minecraft:stone":405,"minecraft:oak_leaves":54},"minecraft:crafted":{"minecraft:oak_slab":24,"minecraft:oak_planks":156,"minecraft:stone_shovel":2,"minecraft:barrel":1,"minecraft:fishing_rod":1,"minecraft:cobblestone_stairs":8,"minecraft:stone":4,"minecraft:bucket":1,"minecraft:bone_meal":48,"minecraft:birch_planks":52,"minecraft:campfire":3,"minecraft:stone_axe":3,"minecraft:bread":11,"minecraft:air":0,"minecraft:shield":1,"minecraft:stick":64,"minecraft:iron_pickaxe":1,"minecraft:iron_ingot":8,"minecraft:oak_stairs":8,"minecraft:stone_pickaxe":3,"minecraft:cobblestone_wall":30,"minecraft:torch":48,"minecraft:stone_hoe":2,"minecraft:oak_fence":33},"minecraft:killed":{"minecraft:spider":2,"minecraft:creeper":2,"minecraft:skeleton":2,"minecraft:zombie":2},"minecraft:broken":{"minecraft:stone_pickaxe":3,"minecraft:stone_axe":1,"minecraft:stone_shovel":2,"minecraft:stone_hoe":1},"minecraft:used":{"minecraft:oak_fence":33,"minecraft:wheat_seeds":109,"minecraft:cooked_mutton":1,"minecraft:water_bucket":6,"minecraft:cobblestone_stairs":8,"minecraft:birch_planks":27,"minecraft:stone_shovel":270,"minecraft:stone_pickaxe":393,"minecraft:oak_planks":10,"minecraft:stone":4,"minecraft:cooked_salmon":1,"minecraft:stone_hoe":216,"minecraft:torch":40,"minecraft:dirt":80,"minecraft:oak_slab":11,"minecraft:cobblestone_wall":33,"minecraft:campfire":3,"minecraft:oak_log":52,"minecraft:oak_stairs":6,"minecraft:bread":7,"minecraft:iron_pickaxe":145,"minecraft:barrel":1,"minecraft:stone_axe":133,"minecraft:potion":1,"minecraft:bow":2,"minecraft:fishing_rod":16,"minecraft:cobblestone":389,"minecraft:cooked_cod":3,"minecraft:cooked_porkchop":3,"minecraft:bucket":7,"minecraft:bone_meal":48},"minecraft:dropped":{"minecraft:bread":6,"minecraft:oak_log":10,"minecraft:cooked_porkchop":2,"minecraft:rotten_flesh":4,"minecraft:cobblestone":3,"minecraft:gunpowder":1,"minecraft:cooked_cod":3},"minecraft:custom":{"minecraft:interact_with_furnace":5,"minecraft:mob_kills":8,"minecraft:interact_with_crafting_table":46,"minecraft:open_barrel":9,"minecraft:interact_with_campfire":22,"minecraft:time_since_death":89956,"minecraft:time_since_rest":89956,"minecraft:sprint_one_cm":277286,"minecraft:damage_taken":387,"minecraft:walk_one_cm":301885,"minecraft:drop":17,"minecraft:damage_dealt":1394,"minecraft:swim_one_cm":217,"minecraft:fly_one_cm":265442,"minecraft:open_chest":8,"minecraft:crouch_one_cm":71572,"minecraft:play_time":89956,"minecraft:sneak_time":16225,"minecraft:walk_under_water_one_cm":1441,"minecraft:jump":1568,"minecraft:walk_on_water_one_cm":5677,"minecraft:total_world_time":89956,"minecraft:fish_caught":9,"minecraft:fall_one_cm":46000},"minecraft:picked_up":{"minecraft:birch_log":5,"minecraft:iron_chestplate":1,"minecraft:wheat":34,"minecraft:redstone_block":17,"minecraft:salmon":1,"minecraft:birch_planks":2,"minecraft:potion":1,"minecraft:enchanted_book":1,"minecraft:oak_log":101,"minecraft:gunpowder":1,"minecraft:cobblestone_wall":3,"minecraft:dirt":149,"minecraft:string":2,"minecraft:raw_copper":35,"minecraft:cooked_salmon":1,"minecraft:name_tag":1,"minecraft:cooked_mutton":4,"minecraft:pufferfish":1,"minecraft:bone":7,"minecraft:apple":4,"minecraft:bow":2,"minecraft:wheat_seeds":109,"minecraft:birch_sapling":7,"minecraft:oak_planks":3,"minecraft:iron_boots":1,"minecraft:stick":11,"minecraft:cooked_porkchop":11,"minecraft:pumpkin":6,"minecraft:torch":4,"minecraft:porkchop":8,"minecraft:spider_eye":2,"minecraft:arrow":10,"minecraft:rotten_flesh":4,"minecraft:cooked_cod":6,"minecraft:diamond":1,"minecraft:iron_helmet":1,"minecraft:bread":4,"minecraft:oak_sapling":44,"minecraft:coal":47,"minecraft:mutton":6,"minecraft:cod":7,"minecraft:cobblestone":485}},"DataVersion":3839}