{"stats":{"minecraft:mined":{"minecraft:deepslate_tiles":5,"minecraft:white_bed":1,"minecraft:oak_sapling":11,"minecraft:farmland":21,"minecraft:deepslate_tile_wall":11,"minecraft:grass_block":394,"minecraft:deepslate_bricks":9,"minecraft:spruce_leaves":156,"minecraft:carrots":257,"minecraft:cobbled_deepslate":7,"minecraft:pumpkin":6,"minecraft:polished_deepslate":7,"minecraft:dirt_path":21,"minecraft:stone":526,"minecraft:melon_stem":4,"minecraft:oak_fence":8,"minecraft:crafting_table":1,"minecraft:torch":15,"minecraft:short_grass":105,"minecraft:poppy":3,"minecraft:melon":5,"minecraft:rose_bush":4,"minecraft:cobblestone":99,"minecraft:copper_ore":10,"minecraft:tall_grass":2,"minecraft:oak_planks":3,"minecraft:birch_planks":5,"minecraft:cobblestone_wall":36,"minecraft:birch_log":11,"minecraft:wheat":266,"minecraft:spruce_log":304,"minecraft:birch_leaves":25,"minecraft:birch_door":1,"minecraft:coal_ore":47,"minecraft:oak_log":159,"minecraft:beetroots":54,"minecraft:sand":2,"minecraft:dirt":213,"minecraft:stone_bricks":2,"minecraft:oak_leaves":139},"minecraft:crafted":{"minecraft:oak_planks":292,"minecraft:redstone":9,"minecraft:stone_shovel":3,"minecraft:barrel":1,"minecraft:fishing_rod":1,"minecraft:stone":124,"minecraft:cobblestone_stairs":8,"minecraft:bone_meal":51,"minecraft:spruce_fence":27,"minecraft:oak_trapdoor":10,"minecraft:bow":1,"minecraft:polished_deepslate":480,"minecraft:iron_axe":2,"minecraft:iron_hoe":1,"minecraft:stone_pickaxe":4,"minecraft:cobblestone_wall":72,"minecraft:chest":1,"minecraft:oak_button":14,"minecraft:birch_door":3,"minecraft:stone_hoe":4,"minecraft:stone_bricks":56,"minecraft:oak_fence":102,"minecraft:lead":2,"minecraft:oak_slab":24,"minecraft:crafting_table":1,"minecraft:spruce_planks":64,"minecraft:iron_sword":1,"minecraft:bowl":4,"minecraft:cooked_salmon":2,"minecraft:bucket":2,"minecraft:birch_planks":64,"minecraft:campfire":3,"minecraft:deepslate_tiles":104,"minecraft:stone_axe":3,"minecraft:bread":70,"minecraft:air":0,"minecraft:dispenser":2,"minecraft:shield":1,"minecraft:stick":140,"minecraft:iron_ingot":8,"minecraft:iron_pickaxe":2,"minecraft:oak_stairs":8,"minecraft:iron_shovel":2,"minecraft:iron_leggings":1,"minecraft:stonecutter":1,"minecraft:torch":88,"minecraft:deepslate_bricks":268},"minecraft:killed":{"minecraft:spider":2,"minecraft:skeleton":7,"minecraft:drowned":1,"minecraft:creeper":3,"minecraft:pillager":3,"minecraft:zombie":12,"minecraft:enderman":1},"minecraft:broken":{"minecraft:iron_shovel":1,"minecraft:stone_hoe":4,"minecraft:stone_pickaxe":3,"minecraft:iron_axe":1,"minecraft:stone_axe":1,"minecraft:iron_pickaxe":1,"minecraft:stone_shovel":3,"minecraft:iron_hoe":1},"minecraft:used":{"minecraft:beetroot":6,"minecraft:oak_fence":110,"minecraft:oak_trapdoor":10,"minecraft:iron_shovel":466,"minecraft:polished_deepslate":211,"minecraft:stone_shovel":401,"minecraft:dispenser":2,"minecraft:dried_kelp":6,"minecraft:poppy":3,"minecraft:chest":1,"minecraft:shield":13,"minecraft:stone":5,"minecraft:iron_sword":39,"minecraft:cooked_salmon":2,"minecraft:stone_hoe":527,"minecraft:torch":108,"minecraft:spyglass":11,"minecraft:dirt":291,"minecraft:cobblestone_wall":72,"minecraft:carrot":507,"minecraft:spruce_fence":22,"minecraft:milk_bucket":1,"minecraft:birch_door":2,"minecraft:iron_hoe":250,"minecraft:iron_axe":382,"minecraft:oak_stairs":6,"minecraft:barrel":1,"minecraft:stone_brick_stairs":11,"minecraft:stone_bricks":22,"minecraft:bow":2,"minecraft:furnace":4,"minecraft:cooked_cod":3,"minecraft:beetroot_seeds":109,"minecraft:cobbled_deepslate":150,"minecraft:pumpkin":1,"minecraft:wheat_seeds":628,"minecraft:cooked_mutton":1,"minecraft:water_bucket":27,"minecraft:cobblestone_stairs":8,"minecraft:birch_planks":30,"minecraft:stone_pickaxe":425,"minecraft:oak_planks":34,"minecraft:wooden_pickaxe":3,"minecraft:stonecutter":1,"minecraft:deepslate_bricks":171,"minecraft:oak_slab":11,"minecraft:crafting_table":2,"minecraft:blast_furnace":1,"minecraft:campfire":3,"minecraft:stone_brick_wall":32,"minecraft:spruce_log":267,"minecraft:smoker":1,"minecraft:deepslate_tile_wall":33,"minecraft:deepslate_tiles":104,"minecraft:oak_log":73,"minecraft:bread":32,"minecraft:oak_button":13,"minecraft:iron_pickaxe":333,"minecraft:spruce_sapling":12,"minecraft:stone_axe":171,"minecraft:fishing_rod":22,"minecraft:potion":1,"minecraft:cobblestone":442,"minecraft:white_banner":1,"minecraft:cooked_porkchop":4,"minecraft:bucket":29,"minecraft:oak_boat":3,"minecraft:bone_meal":170},"minecraft:dropped":{"minecraft:water_bucket":1,"minecraft:wheat_seeds":28,"minecraft:oak_log":10,"minecraft:cooked_porkchop":4,"minecraft:cobblestone":3,"minecraft:apple":2,"minecraft:stick":3,"minecraft:pufferfish":1,"minecraft:cooked_cod":5,"minecraft:beetroot":6,"minecraft:rotten_flesh":4,"minecraft:carrot":25,"minecraft:oak_button":1,"minecraft:gunpowder":1,"minecraft:beetroot_seeds":26,"minecraft:oak_sapling":18,"minecraft:stone_brick_stairs":10,"minecraft:bread":28},"minecraft:custom":{"minecraft:mob_kills":29,"minecraft:animals_bred":23,"minecraft:interact_with_crafting_table":115,"minecraft:open_barrel":21,"minecraft:interact_with_campfire":29,"minecraft:leave_game":4,"minecraft:time_since_death":308179,"minecraft:sprint_one_cm":1223767,"minecraft:walk_one_cm":967682,"minecraft:damage_blocked_by_shield":800,"minecraft:drop":47,"minecraft:play_time":308179,"minecraft:sneak_time":38468,"minecraft:walk_under_water_one_cm":4153,"minecraft:jump":6102,"minecraft:interact_with_blast_furnace":2,"minecraft:walk_on_water_one_cm":8875,"minecraft:total_world_time":308179,"minecraft:interact_with_furnace":82,"minecraft:interact_with_stonecutter":9,"minecraft:sleep_in_bed":4,"minecraft:time_since_rest":41092,"minecraft:damage_taken":2303,"minecraft:damage_dealt":5486,"minecraft:swim_one_cm":2614,"minecraft:fly_one_cm":1085422,"minecraft:open_chest":123,"minecraft:crouch_one_cm":151376,"minecraft:interact_with_smoker":1,"minecraft:fish_caught":14,"minecraft:fall_one_cm":189717,"minecraft:inspect_dispenser":3},"minecraft:picked_up":{"minecraft:birch_door":1,"minecraft:crafting_table":1,"minecraft:iron_chestplate":1,"minecraft:wheat":247,"minecraft:redstone_block":17,"minecraft:lead":6,"minecraft:enchanted_book":1,"minecraft:potion":1,"minecraft:stone_brick_stairs":10,"minecraft:polished_deepslate":7,"minecraft:string":3,"minecraft:raw_copper":35,"minecraft:cooked_salmon":1,"minecraft:pufferfish":2,"minecraft:beetroot":51,"minecraft:deepslate_tiles":4,"minecraft:cobbled_deepslate":71,"minecraft:oak_boat":3,"minecraft:poppy":3,"minecraft:deepslate_tile_wall":10,"minecraft:melon_slice":27,"minecraft:birch_sapling":10,"minecraft:iron_boots":1,"minecraft:stick":31,"minecraft:oak_fence":13,"minecraft:torch":27,"minecraft:porkchop":8,"minecraft:dried_kelp":51,"minecraft:carrot":931,"minecraft:arrow":16,"minecraft:rotten_flesh":14,"minecraft:cooked_cod":8,"minecraft:beetroot_seeds":159,"minecraft:deepslate_bricks":9,"minecraft:mutton":6,"minecraft:cod":11,"minecraft:cobblestone":653,"minecraft:nautilus_shell":1,"minecraft:birch_log":11,"minecraft:salmon":1,"minecraft:smoker":1,"minecraft:birch_planks":5,"minecraft:oak_log":164,"minecraft:gunpowder":2,"minecraft:cobblestone_wall":34,"minecraft:dirt":630,"minecraft:white_banner":1,"minecraft:name_tag":1,"minecraft:cooked_mutton":4,"minecraft:bone":12,"minecraft:apple":6,"minecraft:stone_bricks":2,"minecraft:bow":3,"minecraft:wheat_seeds":679,"minecraft:glowstone_dust":28,"minecraft:soul_sand":43,"minecraft:oak_planks":3,"minecraft:cooked_porkchop":14,"minecraft:pumpkin":6,"minecraft:sand":2,"minecraft:spruce_sapling":19,"minecraft:blast_furnace":1,"minecraft:spruce_log":303,"minecraft:spider_eye":2,"minecraft:diamond":1,"minecraft:iron_helmet":1,"minecraft:bone_meal":119,"minecraft:golden_apple":1,"minecraft:bread":4,"minecraft:oak_sapling":68,"minecraft:netherrack":192,"minecraft:melon_seeds":6,"minecraft:coal":47,"minecraft:ender_pearl":1}},"DataVersion":3839}