{"stats":{"minecraft:custom":{"minecraft:time_since_rest":113953,"minecraft:sprint_one_cm":53532,"minecraft:damage_taken":90,"minecraft:walk_one_cm":54324,"minecraft:drop":11,"minecraft:damage_dealt":2,"minecraft:swim_one_cm":1763,"minecraft:fly_one_cm":885718,"minecraft:open_barrel":2,"minecraft:crouch_one_cm":8064,"minecraft:play_time":113953,"minecraft:sneak_time":3816,"minecraft:walk_under_water_one_cm":476,"minecraft:jump":510,"minecraft:walk_on_water_one_cm":1241,"minecraft:time_since_death":113953,"minecraft:total_world_time":113953,"minecraft:fall_one_cm":4109},"minecraft:picked_up":{"minecraft:spruce_log":2,"minecraft:dirt":24,"minecraft:spawner":1088,"minecraft:arrow":2,"minecraft:bone":1,"minecraft:wheat_seeds":3},"minecraft:dropped":{"minecraft:dark_oak_door":64,"minecraft:dark_oak_log":64,"minecraft:diamond_axe":1,"minecraft:baked_potato":64,"minecraft:stone_sword":1,"minecraft:dark_oak_fence":64,"minecraft:spruce_planks":64,"minecraft:writable_book":1,"minecraft:spruce_log":192},"minecraft:used":{"minecraft:dark_oak_planks":20,"minecraft:dark_oak_stairs":90,"minecraft:dark_oak_log":32,"minecraft:spruce_door":3,"minecraft:flint_and_steel":5,"minecraft:command_block":22,"minecraft:birch_slab":3,"minecraft:ladder":14,"minecraft:grass_block":36,"minecraft:oak_stairs":73,"minecraft:spruce_slab":3,"minecraft:spawner":3,"minecraft:oak_planks":88,"minecraft:spruce_planks":115,"minecraft:barrel":2,"minecraft:mossy_cobblestone":378,"minecraft:dirt":37,"minecraft:cobblestone":242,"minecraft:oak_slab":27,"minecraft:spruce_stairs":3,"minecraft:cobblestone_wall":62,"minecraft:mossy_cobblestone_wall":61,"minecraft:spruce_fence":31,"minecraft:spruce_log":93,"minecraft:birch_stairs":19}},"DataVersion":3839}