{"stats":{"minecraft:custom":{"minecraft:jump":344,"minecraft:time_since_rest":17953,"minecraft:crouch_one_cm":399,"minecraft:walk_on_water_one_cm":1209,"minecraft:sprint_one_cm":30264,"minecraft:play_time":17953,"minecraft:damage_taken":90,"minecraft:time_since_death":17953,"minecraft:walk_one_cm":6193,"minecraft:sneak_time":594,"minecraft:total_world_time":17953,"minecraft:walk_under_water_one_cm":476,"minecraft:swim_one_cm":1763,"minecraft:fall_one_cm":4109,"minecraft:fly_one_cm":360942},"minecraft:picked_up":{"minecraft:arrow":2,"minecraft:bone":1},"minecraft:used":{"minecraft:command_block":21}},"DataVersion":3839}