{"stats":{"minecraft:mined":{"minecraft:white_bed":1,"minecraft:oak_sapling":11,"minecraft:farmland":21,"minecraft:grass_block":347,"minecraft:deepslate_bricks":4,"minecraft:spruce_leaves":156,"minecraft:carrots":155,"minecraft:cobbled_deepslate":2,"minecraft:pumpkin":6,"minecraft:dirt_path":10,"minecraft:stone":526,"minecraft:melon_stem":4,"minecraft:oak_fence":6,"minecraft:crafting_table":1,"minecraft:torch":8,"minecraft:short_grass":105,"minecraft:poppy":3,"minecraft:melon":5,"minecraft:cobblestone":99,"minecraft:copper_ore":10,"minecraft:tall_grass":2,"minecraft:oak_planks":3,"minecraft:birch_planks":5,"minecraft:cobblestone_wall":36,"minecraft:birch_log":11,"minecraft:wheat":260,"minecraft:spruce_log":215,"minecraft:birch_leaves":25,"minecraft:birch_door":1,"minecraft:oak_log":141,"minecraft:coal_ore":47,"minecraft:beetroots":54,"minecraft:sand":2,"minecraft:dirt":170,"minecraft:stone_bricks":2,"minecraft:oak_leaves":123,"minecraft:deepslate_tiles":2},"minecraft:crafted":{"minecraft:redstone":9,"minecraft:oak_planks":264,"minecraft:stone_shovel":3,"minecraft:barrel":1,"minecraft:fishing_rod":1,"minecraft:stone":124,"minecraft:cobblestone_stairs":8,"minecraft:bone_meal":51,"minecraft:oak_trapdoor":10,"minecraft:polished_deepslate":336,"minecraft:iron_axe":1,"minecraft:iron_hoe":1,"minecraft:stone_pickaxe":4,"minecraft:cobblestone_wall":72,"minecraft:chest":1,"minecraft:oak_button":14,"minecraft:birch_door":3,"minecraft:stone_hoe":4,"minecraft:stone_bricks":56,"minecraft:oak_fence":81,"minecraft:lead":2,"minecraft:oak_slab":24,"minecraft:crafting_table":1,"minecraft:spruce_planks":20,"minecraft:iron_sword":1,"minecraft:bowl":4,"minecraft:cooked_salmon":2,"minecraft:bucket":2,"minecraft:birch_planks":64,"minecraft:campfire":3,"minecraft:deepslate_tiles":72,"minecraft:stone_axe":3,"minecraft:bread":70,"minecraft:air":0,"minecraft:dispenser":2,"minecraft:shield":1,"minecraft:stick":132,"minecraft:iron_ingot":8,"minecraft:iron_pickaxe":2,"minecraft:oak_stairs":8,"minecraft:iron_shovel":1,"minecraft:iron_leggings":1,"minecraft:stonecutter":1,"minecraft:torch":60,"minecraft:deepslate_bricks":172},"minecraft:killed":{"minecraft:spider":2,"minecraft:skeleton":4,"minecraft:drowned":1,"minecraft:creeper":3,"minecraft:zombie":9,"minecraft:enderman":1},"minecraft:broken":{"minecraft:iron_shovel":1,"minecraft:stone_hoe":4,"minecraft:stone_pickaxe":3,"minecraft:iron_axe":1,"minecraft:stone_axe":1,"minecraft:iron_pickaxe":1,"minecraft:stone_shovel":3,"minecraft:iron_hoe":1},"minecraft:used":{"minecraft:beetroot":6,"minecraft:oak_trapdoor":10,"minecraft:oak_fence":92,"minecraft:polished_deepslate":137,"minecraft:iron_shovel":251,"minecraft:stone_shovel":401,"minecraft:dispenser":2,"minecraft:dried_kelp":6,"minecraft:poppy":3,"minecraft:chest":1,"minecraft:shield":10,"minecraft:stone":5,"minecraft:iron_sword":30,"minecraft:cooked_salmon":2,"minecraft:stone_hoe":527,"minecraft:torch":65,"minecraft:dirt":237,"minecraft:cobblestone_wall":72,"minecraft:carrot":367,"minecraft:birch_door":2,"minecraft:iron_hoe":250,"minecraft:iron_axe":254,"minecraft:oak_stairs":6,"minecraft:barrel":1,"minecraft:stone_brick_stairs":11,"minecraft:stone_bricks":16,"minecraft:bow":2,"minecraft:furnace":4,"minecraft:cooked_cod":3,"minecraft:beetroot_seeds":109,"minecraft:cobbled_deepslate":93,"minecraft:pumpkin":1,"minecraft:wheat_seeds":622,"minecraft:cooked_mutton":1,"minecraft:water_bucket":24,"minecraft:cobblestone_stairs":8,"minecraft:birch_planks":30,"minecraft:stone_pickaxe":425,"minecraft:oak_planks":34,"minecraft:wooden_pickaxe":3,"minecraft:stonecutter":1,"minecraft:deepslate_bricks":104,"minecraft:oak_slab":11,"minecraft:crafting_table":2,"minecraft:blast_furnace":1,"minecraft:campfire":3,"minecraft:stone_brick_wall":32,"minecraft:spruce_log":209,"minecraft:smoker":1,"minecraft:deepslate_tiles":73,"minecraft:oak_log":73,"minecraft:bread":32,"minecraft:oak_button":13,"minecraft:iron_pickaxe":302,"minecraft:spruce_sapling":12,"minecraft:stone_axe":171,"minecraft:fishing_rod":22,"minecraft:cobblestone":442,"minecraft:potion":1,"minecraft:cooked_porkchop":4,"minecraft:bucket":26,"minecraft:oak_boat":2,"minecraft:bone_meal":170},"minecraft:dropped":{"minecraft:bread":28,"minecraft:water_bucket":1,"minecraft:wheat_seeds":28,"minecraft:oak_log":10,"minecraft:cooked_porkchop":4,"minecraft:cobblestone":3,"minecraft:apple":2,"minecraft:stick":2,"minecraft:pufferfish":1,"minecraft:cooked_cod":5,"minecraft:beetroot":6,"minecraft:rotten_flesh":4,"minecraft:carrot":25,"minecraft:oak_button":1,"minecraft:gunpowder":1,"minecraft:beetroot_seeds":26,"minecraft:oak_sapling":16,"minecraft:stone_brick_stairs":10},"minecraft:custom":{"minecraft:mob_kills":20,"minecraft:animals_bred":8,"minecraft:interact_with_crafting_table":106,"minecraft:open_barrel":17,"minecraft:interact_with_campfire":29,"minecraft:leave_game":3,"minecraft:time_since_death":249403,"minecraft:sprint_one_cm":985565,"minecraft:walk_one_cm":866524,"minecraft:damage_blocked_by_shield":680,"minecraft:drop":44,"minecraft:play_time":249403,"minecraft:sneak_time":32459,"minecraft:walk_under_water_one_cm":3986,"minecraft:jump":4524,"minecraft:interact_with_blast_furnace":2,"minecraft:walk_on_water_one_cm":8475,"minecraft:total_world_time":249403,"minecraft:interact_with_furnace":81,"minecraft:interact_with_stonecutter":6,"minecraft:sleep_in_bed":3,"minecraft:time_since_rest":96588,"minecraft:damage_taken":1585,"minecraft:damage_dealt":3984,"minecraft:swim_one_cm":2614,"minecraft:fly_one_cm":792119,"minecraft:open_chest":92,"minecraft:crouch_one_cm":131434,"minecraft:interact_with_smoker":1,"minecraft:fish_caught":14,"minecraft:fall_one_cm":133944,"minecraft:inspect_dispenser":3},"minecraft:picked_up":{"minecraft:birch_door":1,"minecraft:iron_chestplate":1,"minecraft:crafting_table":1,"minecraft:wheat":241,"minecraft:redstone_block":17,"minecraft:lead":6,"minecraft:enchanted_book":1,"minecraft:potion":1,"minecraft:stone_brick_stairs":10,"minecraft:string":3,"minecraft:raw_copper":35,"minecraft:cooked_salmon":1,"minecraft:pufferfish":2,"minecraft:beetroot":51,"minecraft:deepslate_tiles":1,"minecraft:cobbled_deepslate":66,"minecraft:oak_boat":3,"minecraft:poppy":3,"minecraft:melon_slice":27,"minecraft:birch_sapling":10,"minecraft:iron_boots":1,"minecraft:stick":31,"minecraft:oak_fence":11,"minecraft:torch":14,"minecraft:porkchop":8,"minecraft:dried_kelp":51,"minecraft:carrot":564,"minecraft:arrow":12,"minecraft:rotten_flesh":12,"minecraft:cooked_cod":8,"minecraft:beetroot_seeds":159,"minecraft:deepslate_bricks":4,"minecraft:mutton":6,"minecraft:cod":11,"minecraft:cobblestone":653,"minecraft:nautilus_shell":1,"minecraft:birch_log":11,"minecraft:salmon":1,"minecraft:smoker":1,"minecraft:birch_planks":5,"minecraft:oak_log":146,"minecraft:gunpowder":2,"minecraft:cobblestone_wall":34,"minecraft:dirt":542,"minecraft:name_tag":1,"minecraft:cooked_mutton":4,"minecraft:bone":10,"minecraft:apple":5,"minecraft:stone_bricks":2,"minecraft:bow":2,"minecraft:wheat_seeds":662,"minecraft:glowstone_dust":28,"minecraft:soul_sand":43,"minecraft:oak_planks":3,"minecraft:cooked_porkchop":14,"minecraft:pumpkin":6,"minecraft:sand":2,"minecraft:spruce_sapling":19,"minecraft:blast_furnace":1,"minecraft:spruce_log":214,"minecraft:spider_eye":2,"minecraft:diamond":1,"minecraft:iron_helmet":1,"minecraft:bone_meal":119,"minecraft:golden_apple":1,"minecraft:bread":4,"minecraft:oak_sapling":65,"minecraft:melon_seeds":6,"minecraft:netherrack":192,"minecraft:coal":47,"minecraft:ender_pearl":1}},"DataVersion":3839}