{"stats":{"minecraft:mined":{"minecraft:white_bed":1,"minecraft:oak_sapling":11,"minecraft:farmland":20,"minecraft:grass_block":136,"minecraft:pumpkin":6,"minecraft:stone":482,"minecraft:oak_fence":2,"minecraft:crafting_table":1,"minecraft:torch":1,"minecraft:short_grass":105,"minecraft:cobblestone":99,"minecraft:copper_ore":10,"minecraft:oak_planks":3,"minecraft:birch_planks":5,"minecraft:cobblestone_wall":36,"minecraft:birch_log":11,"minecraft:wheat":61,"minecraft:birch_leaves":8,"minecraft:birch_door":1,"minecraft:coal_ore":47,"minecraft:oak_log":104,"minecraft:beetroots":4,"minecraft:dirt":22,"minecraft:stone_bricks":2,"minecraft:oak_leaves":76},"minecraft:crafted":{"minecraft:oak_planks":220,"minecraft:redstone":9,"minecraft:stone_shovel":3,"minecraft:barrel":1,"minecraft:fishing_rod":1,"minecraft:stone":76,"minecraft:cobblestone_stairs":8,"minecraft:bone_meal":48,"minecraft:oak_trapdoor":10,"minecraft:cobblestone_wall":72,"minecraft:stone_pickaxe":4,"minecraft:birch_door":3,"minecraft:stone_hoe":2,"minecraft:stone_bricks":16,"minecraft:oak_fence":57,"minecraft:oak_slab":24,"minecraft:crafting_table":1,"minecraft:bowl":4,"minecraft:bucket":1,"minecraft:birch_planks":52,"minecraft:campfire":3,"minecraft:stone_axe":3,"minecraft:bread":18,"minecraft:air":0,"minecraft:dispenser":2,"minecraft:shield":1,"minecraft:stick":84,"minecraft:iron_ingot":8,"minecraft:iron_pickaxe":1,"minecraft:oak_stairs":8,"minecraft:stonecutter":1,"minecraft:torch":48},"minecraft:broken":{"minecraft:stone_hoe":1,"minecraft:stone_pickaxe":3,"minecraft:stone_axe":1,"minecraft:iron_pickaxe":1,"minecraft:stone_shovel":2},"minecraft:killed":{"minecraft:spider":2,"minecraft:skeleton":2,"minecraft:creeper":2,"minecraft:zombie":2},"minecraft:dropped":{"minecraft:bread":7,"minecraft:oak_log":10,"minecraft:cooked_porkchop":4,"minecraft:cobblestone":3,"minecraft:apple":2,"minecraft:stick":2,"minecraft:pufferfish":1,"minecraft:cooked_cod":3,"minecraft:beetroot":4,"minecraft:rotten_flesh":4,"minecraft:gunpowder":1,"minecraft:oak_sapling":8,"minecraft:stone_brick_stairs":10},"minecraft:used":{"minecraft:oak_trapdoor":10,"minecraft:oak_fence":59,"minecraft:stone_shovel":308,"minecraft:dispenser":2,"minecraft:shield":2,"minecraft:stone":4,"minecraft:cooked_salmon":1,"minecraft:stone_hoe":218,"minecraft:torch":51,"minecraft:dirt":85,"minecraft:cobblestone_wall":72,"minecraft:birch_door":2,"minecraft:oak_stairs":6,"minecraft:barrel":1,"minecraft:stone_brick_stairs":11,"minecraft:stone_bricks":16,"minecraft:bow":2,"minecraft:cooked_cod":3,"minecraft:beetroot_seeds":13,"minecraft:wheat_seeds":160,"minecraft:cooked_mutton":1,"minecraft:water_bucket":6,"minecraft:cobblestone_stairs":8,"minecraft:birch_planks":30,"minecraft:stone_pickaxe":425,"minecraft:oak_planks":34,"minecraft:wooden_pickaxe":3,"minecraft:stonecutter":1,"minecraft:oak_slab":11,"minecraft:crafting_table":2,"minecraft:campfire":3,"minecraft:stone_brick_wall":32,"minecraft:oak_log":73,"minecraft:bread":13,"minecraft:iron_pickaxe":250,"minecraft:stone_axe":154,"minecraft:fishing_rod":16,"minecraft:cobblestone":442,"minecraft:potion":1,"minecraft:cooked_porkchop":4,"minecraft:bucket":7,"minecraft:bone_meal":48},"minecraft:custom":{"minecraft:mob_kills":8,"minecraft:interact_with_crafting_table":84,"minecraft:open_barrel":11,"minecraft:interact_with_campfire":22,"minecraft:time_since_death":125956,"minecraft:sprint_one_cm":428577,"minecraft:walk_one_cm":428178,"minecraft:damage_blocked_by_shield":160,"minecraft:drop":27,"minecraft:play_time":125956,"minecraft:sneak_time":19749,"minecraft:walk_under_water_one_cm":2258,"minecraft:jump":2088,"minecraft:walk_on_water_one_cm":7176,"minecraft:total_world_time":125956,"minecraft:interact_with_furnace":45,"minecraft:interact_with_stonecutter":3,"minecraft:sleep_in_bed":1,"minecraft:time_since_rest":26582,"minecraft:damage_taken":569,"minecraft:damage_dealt":1394,"minecraft:swim_one_cm":1936,"minecraft:fly_one_cm":371082,"minecraft:open_chest":21,"minecraft:crouch_one_cm":88523,"minecraft:fish_caught":9,"minecraft:fall_one_cm":57944,"minecraft:inspect_dispenser":1},"minecraft:picked_up":{"minecraft:crafting_table":1,"minecraft:iron_chestplate":1,"minecraft:birch_door":1,"minecraft:wheat":55,"minecraft:redstone_block":17,"minecraft:enchanted_book":1,"minecraft:potion":1,"minecraft:stone_brick_stairs":10,"minecraft:string":2,"minecraft:raw_copper":35,"minecraft:cooked_salmon":1,"minecraft:pufferfish":1,"minecraft:beetroot":8,"minecraft:oak_boat":1,"minecraft:birch_sapling":7,"minecraft:iron_boots":1,"minecraft:stick":14,"minecraft:oak_fence":2,"minecraft:torch":5,"minecraft:porkchop":8,"minecraft:arrow":10,"minecraft:rotten_flesh":4,"minecraft:cooked_cod":6,"minecraft:beetroot_seeds":13,"minecraft:mutton":6,"minecraft:cod":7,"minecraft:cobblestone":590,"minecraft:birch_log":11,"minecraft:salmon":1,"minecraft:birch_planks":5,"minecraft:oak_log":109,"minecraft:cobblestone_wall":34,"minecraft:gunpowder":1,"minecraft:dirt":180,"minecraft:name_tag":1,"minecraft:cooked_mutton":4,"minecraft:bone":7,"minecraft:apple":5,"minecraft:stone_bricks":2,"minecraft:bow":2,"minecraft:wheat_seeds":160,"minecraft:oak_planks":3,"minecraft:cooked_porkchop":14,"minecraft:pumpkin":6,"minecraft:spider_eye":2,"minecraft:diamond":1,"minecraft:iron_helmet":1,"minecraft:bread":4,"minecraft:oak_sapling":60,"minecraft:coal":47}},"DataVersion":3839}