{"stats":{"minecraft:mined":{"minecraft:wheat":3,"minecraft:short_grass":25,"minecraft:coal_ore":47,"minecraft:grass_block":25,"minecraft:oak_log":40,"minecraft:copper_ore":10,"minecraft:cobblestone":36,"minecraft:stone":158,"minecraft:oak_planks":2,"minecraft:oak_leaves":10},"minecraft:crafted":{"minecraft:oak_slab":6,"minecraft:oak_planks":32,"minecraft:stone_shovel":1,"minecraft:barrel":1,"minecraft:fishing_rod":1,"minecraft:stick":20,"minecraft:stone_pickaxe":2,"minecraft:oak_stairs":8,"minecraft:bone_meal":9,"minecraft:stone_hoe":1,"minecraft:campfire":3,"minecraft:stone_axe":1,"minecraft:bread":1},"minecraft:killed":{"minecraft:skeleton":2,"minecraft:zombie":1,"minecraft:spider":2,"minecraft:creeper":1},"minecraft:broken":{"minecraft:stone_pickaxe":1},"minecraft:dropped":{"minecraft:cooked_porkchop":2,"minecraft:cooked_cod":3},"minecraft:used":{"minecraft:wheat_seeds":14,"minecraft:stone_shovel":16,"minecraft:oak_stairs":6,"minecraft:bread":1,"minecraft:stone_pickaxe":251,"minecraft:oak_planks":2,"minecraft:barrel":1,"minecraft:cooked_salmon":1,"minecraft:stone_hoe":21,"minecraft:stone_axe":56,"minecraft:fishing_rod":8,"minecraft:dirt":9,"minecraft:cobblestone":38,"minecraft:oak_slab":3,"minecraft:cooked_porkchop":2,"minecraft:campfire":3,"minecraft:bone_meal":9},"minecraft:custom":{"minecraft:time_since_rest":29956,"minecraft:sprint_one_cm":64329,"minecraft:damage_taken":200,"minecraft:walk_one_cm":93256,"minecraft:mob_kills":6,"minecraft:drop":3,"minecraft:damage_dealt":1119,"minecraft:open_barrel":3,"minecraft:interact_with_crafting_table":13,"minecraft:fly_one_cm":54975,"minecraft:crouch_one_cm":29399,"minecraft:play_time":29956,"minecraft:interact_with_campfire":19,"minecraft:sneak_time":7230,"minecraft:jump":358,"minecraft:time_since_death":29956,"minecraft:fish_caught":5,"minecraft:total_world_time":29956,"minecraft:fall_one_cm":12183},"minecraft:picked_up":{"minecraft:stick":2,"minecraft:wheat":3,"minecraft:cooked_porkchop":11,"minecraft:salmon":1,"minecraft:porkchop":8,"minecraft:enchanted_book":1,"minecraft:oak_log":40,"minecraft:cooked_mutton":4,"minecraft:string":2,"minecraft:spider_eye":2,"minecraft:dirt":28,"minecraft:raw_copper":35,"minecraft:name_tag":1,"minecraft:cooked_salmon":1,"minecraft:arrow":6,"minecraft:bone":5,"minecraft:rotten_flesh":1,"minecraft:cooked_cod":3,"minecraft:bow":1,"minecraft:wheat_seeds":14,"minecraft:oak_planks":2,"minecraft:oak_sapling":3,"minecraft:mutton":6,"minecraft:cod":4,"minecraft:coal":47,"minecraft:cobblestone":207}},"DataVersion":3839}