{"stats":{"minecraft:mined":{"minecraft:deepslate_tiles":5,"minecraft:spruce_planks":5,"minecraft:white_bed":1,"minecraft:oak_sapling":11,"minecraft:farmland":21,"minecraft:deepslate_tile_wall":11,"minecraft:spruce_fence":2,"minecraft:grass_block":407,"minecraft:deepslate_bricks":9,"minecraft:spruce_leaves":156,"minecraft:carrots":309,"minecraft:iron_ore":10,"minecraft:cobbled_deepslate":7,"minecraft:pumpkin":6,"minecraft:polished_deepslate":7,"minecraft:oak_sign":1,"minecraft:oak_stairs":6,"minecraft:dirt_path":21,"minecraft:stone":908,"minecraft:podzol":4,"minecraft:oak_slab":3,"minecraft:melon_stem":4,"minecraft:oak_fence":8,"minecraft:crafting_table":3,"minecraft:torch":17,"minecraft:short_grass":105,"minecraft:poppy":3,"minecraft:melon":5,"minecraft:rose_bush":4,"minecraft:campfire":3,"minecraft:cobblestone":100,"minecraft:copper_ore":10,"minecraft:tall_grass":2,"minecraft:sugar_cane":18,"minecraft:oak_planks":6,"minecraft:wall_torch":1,"minecraft:birch_planks":5,"minecraft:cobblestone_wall":36,"minecraft:birch_log":11,"minecraft:wheat":266,"minecraft:spruce_log":312,"minecraft:birch_leaves":25,"minecraft:birch_door":1,"minecraft:coal_ore":47,"minecraft:oak_log":159,"minecraft:beetroots":54,"minecraft:sand":2,"minecraft:dirt":218,"minecraft:stone_bricks":2,"minecraft:oak_leaves":139},"minecraft:crafted":{"minecraft:oak_planks":424,"minecraft:redstone":9,"minecraft:stone_shovel":3,"minecraft:barrel":1,"minecraft:fishing_rod":1,"minecraft:stone":124,"minecraft:cobblestone_stairs":8,"minecraft:bone_meal":51,"minecraft:spruce_fence":81,"minecraft:oak_trapdoor":10,"minecraft:bow":1,"minecraft:polished_deepslate":480,"minecraft:iron_axe":2,"minecraft:iron_hoe":1,"minecraft:stone_pickaxe":5,"minecraft:cobblestone_wall":72,"minecraft:chest":1,"minecraft:oak_button":14,"minecraft:birch_door":3,"minecraft:stone_hoe":4,"minecraft:stone_bricks":56,"minecraft:oak_fence":102,"minecraft:lead":2,"minecraft:oak_slab":72,"minecraft:crafting_table":1,"minecraft:spruce_planks":176,"minecraft:iron_sword":1,"minecraft:bowl":4,"minecraft:cooked_salmon":2,"minecraft:bucket":2,"minecraft:birch_planks":64,"minecraft:campfire":3,"minecraft:deepslate_tiles":104,"minecraft:stone_axe":3,"minecraft:bread":70,"minecraft:air":0,"minecraft:dispenser":2,"minecraft:shield":1,"minecraft:stick":188,"minecraft:iron_ingot":8,"minecraft:iron_pickaxe":3,"minecraft:oak_stairs":8,"minecraft:iron_shovel":2,"minecraft:iron_leggings":1,"minecraft:stonecutter":1,"minecraft:spruce_fence_gate":1,"minecraft:torch":96,"minecraft:deepslate_bricks":268},"minecraft:killed":{"minecraft:spider":2,"minecraft:skeleton":7,"minecraft:drowned":7,"minecraft:creeper":3,"minecraft:pillager":3,"minecraft:zombie":13,"minecraft:enderman":1},"minecraft:broken":{"minecraft:iron_shovel":2,"minecraft:stone_hoe":4,"minecraft:stone_pickaxe":3,"minecraft:iron_axe":1,"minecraft:stone_axe":1,"minecraft:iron_pickaxe":2,"minecraft:stone_shovel":3,"minecraft:iron_hoe":1},"minecraft:used":{"minecraft:beetroot":6,"minecraft:oak_fence":110,"minecraft:oak_trapdoor":10,"minecraft:iron_shovel":501,"minecraft:polished_deepslate":211,"minecraft:stone_shovel":401,"minecraft:dispenser":2,"minecraft:dried_kelp":6,"minecraft:poppy":3,"minecraft:spruce_planks":43,"minecraft:chest":1,"minecraft:shield":13,"minecraft:stone":5,"minecraft:iron_sword":39,"minecraft:cooked_salmon":2,"minecraft:stone_hoe":527,"minecraft:torch":126,"minecraft:spyglass":11,"minecraft:dirt":361,"minecraft:cobblestone_wall":72,"minecraft:carrot":573,"minecraft:spruce_fence":83,"minecraft:milk_bucket":1,"minecraft:birch_door":2,"minecraft:iron_hoe":250,"minecraft:iron_axe":434,"minecraft:oak_stairs":6,"minecraft:barrel":1,"minecraft:stone_brick_stairs":11,"minecraft:stone_bricks":22,"minecraft:bow":2,"minecraft:furnace":4,"minecraft:cooked_cod":3,"minecraft:beetroot_seeds":109,"minecraft:cobbled_deepslate":152,"minecraft:pumpkin":1,"minecraft:wheat_seeds":628,"minecraft:cooked_mutton":1,"minecraft:water_bucket":28,"minecraft:cobblestone_stairs":8,"minecraft:birch_planks":30,"minecraft:stone_pickaxe":432,"minecraft:oak_planks":122,"minecraft:wooden_pickaxe":3,"minecraft:spruce_fence_gate":1,"minecraft:stonecutter":1,"minecraft:sugar_cane":31,"minecraft:deepslate_bricks":171,"minecraft:oak_slab":47,"minecraft:crafting_table":3,"minecraft:blast_furnace":1,"minecraft:campfire":3,"minecraft:stone_brick_wall":32,"minecraft:spruce_log":267,"minecraft:smoker":1,"minecraft:deepslate_tile_wall":33,"minecraft:deepslate_tiles":104,"minecraft:oak_log":73,"minecraft:bread":32,"minecraft:oak_button":13,"minecraft:iron_pickaxe":720,"minecraft:spruce_sapling":12,"minecraft:stone_axe":171,"minecraft:fishing_rod":22,"minecraft:potion":1,"minecraft:cobblestone":730,"minecraft:white_banner":1,"minecraft:cooked_porkchop":4,"minecraft:bucket":30,"minecraft:oak_boat":3,"minecraft:bone_meal":170},"minecraft:dropped":{"minecraft:water_bucket":1,"minecraft:wheat_seeds":39,"minecraft:oak_log":10,"minecraft:cooked_porkchop":4,"minecraft:cobblestone":3,"minecraft:apple":2,"minecraft:stick":3,"minecraft:pufferfish":1,"minecraft:dirt":8,"minecraft:cooked_cod":5,"minecraft:sand":2,"minecraft:sugar_cane":4,"minecraft:beetroot":6,"minecraft:rotten_flesh":4,"minecraft:carrot":25,"minecraft:oak_button":1,"minecraft:gunpowder":1,"minecraft:beetroot_seeds":26,"minecraft:oak_sapling":18,"minecraft:stone_bricks":36,"minecraft:stone_brick_stairs":10,"minecraft:bread":28},"minecraft:custom":{"minecraft:mob_kills":36,"minecraft:animals_bred":31,"minecraft:interact_with_crafting_table":124,"minecraft:open_barrel":23,"minecraft:interact_with_campfire":29,"minecraft:leave_game":4,"minecraft:time_since_death":350179,"minecraft:climb_one_cm":823,"minecraft:sprint_one_cm":1329795,"minecraft:walk_one_cm":1049048,"minecraft:damage_blocked_by_shield":800,"minecraft:drop":53,"minecraft:play_time":350179,"minecraft:sneak_time":50107,"minecraft:walk_under_water_one_cm":6304,"minecraft:jump":6869,"minecraft:interact_with_blast_furnace":3,"minecraft:walk_on_water_one_cm":17625,"minecraft:total_world_time":350179,"minecraft:interact_with_furnace":86,"minecraft:interact_with_stonecutter":9,"minecraft:sleep_in_bed":4,"minecraft:time_since_rest":83092,"minecraft:damage_taken":2547,"minecraft:damage_dealt":6890,"minecraft:swim_one_cm":11258,"minecraft:fly_one_cm":1224452,"minecraft:open_chest":149,"minecraft:crouch_one_cm":212442,"minecraft:interact_with_smoker":1,"minecraft:fish_caught":14,"minecraft:fall_one_cm":207779,"minecraft:inspect_dispenser":3},"minecraft:picked_up":{"minecraft:birch_door":1,"minecraft:crafting_table":3,"minecraft:iron_chestplate":1,"minecraft:wheat":248,"minecraft:redstone_block":17,"minecraft:lead":6,"minecraft:oak_stairs":6,"minecraft:enchanted_book":1,"minecraft:potion":1,"minecraft:stone_brick_stairs":10,"minecraft:polished_deepslate":7,"minecraft:string":3,"minecraft:raw_copper":35,"minecraft:cooked_salmon":1,"minecraft:pufferfish":2,"minecraft:beetroot":51,"minecraft:deepslate_tiles":4,"minecraft:cobbled_deepslate":71,"minecraft:spruce_planks":5,"minecraft:oak_boat":3,"minecraft:poppy":3,"minecraft:deepslate_tile_wall":10,"minecraft:melon_slice":27,"minecraft:sugar_cane":39,"minecraft:birch_sapling":10,"minecraft:iron_boots":1,"minecraft:raw_iron":10,"minecraft:stick":31,"minecraft:oak_fence":13,"minecraft:torch":33,"minecraft:spruce_fence":2,"minecraft:porkchop":8,"minecraft:dried_kelp":51,"minecraft:carrot":1089,"minecraft:arrow":16,"minecraft:rotten_flesh":19,"minecraft:cooked_cod":8,"minecraft:beetroot_seeds":159,"minecraft:deepslate_bricks":9,"minecraft:mutton":6,"minecraft:cod":11,"minecraft:cobblestone":1036,"minecraft:nautilus_shell":1,"minecraft:birch_log":11,"minecraft:salmon":1,"minecraft:smoker":1,"minecraft:birch_planks":5,"minecraft:oak_log":164,"minecraft:gunpowder":2,"minecraft:cobblestone_wall":34,"minecraft:dirt":644,"minecraft:white_banner":1,"minecraft:name_tag":1,"minecraft:cooked_mutton":4,"minecraft:bone":12,"minecraft:apple":6,"minecraft:stone_bricks":38,"minecraft:bow":3,"minecraft:wheat_seeds":690,"minecraft:glowstone_dust":28,"minecraft:soul_sand":43,"minecraft:oak_planks":6,"minecraft:oak_slab":3,"minecraft:cooked_porkchop":14,"minecraft:pumpkin":6,"minecraft:sand":4,"minecraft:spruce_sapling":19,"minecraft:blast_furnace":1,"minecraft:spruce_log":311,"minecraft:spider_eye":2,"minecraft:diamond":1,"minecraft:iron_helmet":1,"minecraft:bone_meal":119,"minecraft:golden_apple":1,"minecraft:bread":4,"minecraft:charcoal":6,"minecraft:oak_sapling":68,"minecraft:netherrack":192,"minecraft:melon_seeds":6,"minecraft:coal":47,"minecraft:ender_pearl":1}},"DataVersion":3839}