{"stats":{"minecraft:mined":{"minecraft:oak_sapling":8,"minecraft:short_grass":30,"minecraft:grass_block":76,"minecraft:copper_ore":10,"minecraft:cobblestone":61,"minecraft:oak_planks":2,"minecraft:cobblestone_wall":3,"minecraft:wheat":3,"minecraft:pumpkin":6,"minecraft:oak_log":86,"minecraft:coal_ore":47,"minecraft:dirt":4,"minecraft:stone":312,"minecraft:oak_leaves":41},"minecraft:crafted":{"minecraft:oak_slab":6,"minecraft:oak_planks":68,"minecraft:stone_shovel":2,"minecraft:barrel":1,"minecraft:fishing_rod":1,"minecraft:stone":4,"minecraft:bucket":1,"minecraft:bone_meal":9,"minecraft:campfire":3,"minecraft:stone_axe":1,"minecraft:bread":1,"minecraft:air":0,"minecraft:shield":1,"minecraft:stick":40,"minecraft:iron_pickaxe":1,"minecraft:iron_ingot":8,"minecraft:oak_stairs":8,"minecraft:stone_pickaxe":3,"minecraft:cobblestone_wall":30,"minecraft:torch":48,"minecraft:stone_hoe":1,"minecraft:oak_fence":9},"minecraft:killed":{"minecraft:spider":2,"minecraft:creeper":2,"minecraft:skeleton":2,"minecraft:zombie":1},"minecraft:broken":{"minecraft:stone_pickaxe":3,"minecraft:stone_shovel":1},"minecraft:dropped":{"minecraft:oak_log":10,"minecraft:cooked_porkchop":2,"minecraft:cobblestone":3,"minecraft:cooked_cod":3},"minecraft:used":{"minecraft:oak_fence":5,"minecraft:wheat_seeds":14,"minecraft:stone_shovel":226,"minecraft:stone_pickaxe":393,"minecraft:oak_planks":2,"minecraft:stone":4,"minecraft:cooked_salmon":1,"minecraft:stone_hoe":21,"minecraft:torch":21,"minecraft:dirt":9,"minecraft:oak_slab":3,"minecraft:cobblestone_wall":33,"minecraft:campfire":3,"minecraft:oak_log":43,"minecraft:oak_stairs":6,"minecraft:bread":1,"minecraft:iron_pickaxe":41,"minecraft:barrel":1,"minecraft:stone_axe":109,"minecraft:bow":2,"minecraft:fishing_rod":13,"minecraft:cobblestone":297,"minecraft:cooked_cod":2,"minecraft:cooked_porkchop":3,"minecraft:bone_meal":9},"minecraft:custom":{"minecraft:interact_with_furnace":4,"minecraft:mob_kills":7,"minecraft:interact_with_crafting_table":24,"minecraft:open_barrel":6,"minecraft:interact_with_campfire":21,"minecraft:time_since_death":53956,"minecraft:time_since_rest":53956,"minecraft:sprint_one_cm":137474,"minecraft:damage_taken":270,"minecraft:walk_one_cm":162000,"minecraft:drop":7,"minecraft:damage_dealt":1159,"minecraft:fly_one_cm":110235,"minecraft:crouch_one_cm":56450,"minecraft:play_time":53956,"minecraft:sneak_time":12756,"minecraft:walk_under_water_one_cm":435,"minecraft:jump":813,"minecraft:walk_on_water_one_cm":254,"minecraft:total_world_time":53956,"minecraft:fish_caught":8,"minecraft:fall_one_cm":26362},"minecraft:picked_up":{"minecraft:wheat":3,"minecraft:salmon":1,"minecraft:enchanted_book":1,"minecraft:oak_log":91,"minecraft:gunpowder":1,"minecraft:cobblestone_wall":3,"minecraft:dirt":83,"minecraft:string":2,"minecraft:raw_copper":35,"minecraft:cooked_salmon":1,"minecraft:name_tag":1,"minecraft:cooked_mutton":4,"minecraft:pufferfish":1,"minecraft:bone":5,"minecraft:apple":3,"minecraft:bow":1,"minecraft:wheat_seeds":15,"minecraft:oak_planks":2,"minecraft:stick":6,"minecraft:cooked_porkchop":11,"minecraft:pumpkin":6,"minecraft:porkchop":8,"minecraft:spider_eye":2,"minecraft:arrow":6,"minecraft:rotten_flesh":1,"minecraft:cooked_cod":5,"minecraft:diamond":1,"minecraft:oak_sapling":30,"minecraft:coal":47,"minecraft:mutton":6,"minecraft:cod":6,"minecraft:cobblestone":383}},"DataVersion":3839}