{"stats":{"minecraft:custom":{"minecraft:time_since_rest":149953,"minecraft:sprint_one_cm":65364,"minecraft:damage_taken":90,"minecraft:walk_one_cm":95925,"minecraft:mob_kills":2,"minecraft:drop":11,"minecraft:damage_dealt":202,"minecraft:swim_one_cm":1763,"minecraft:talked_to_villager":3,"minecraft:fly_one_cm":1284737,"minecraft:open_barrel":2,"minecraft:crouch_one_cm":9558,"minecraft:play_time":149953,"minecraft:sneak_time":5770,"minecraft:walk_under_water_one_cm":476,"minecraft:jump":586,"minecraft:walk_on_water_one_cm":9620,"minecraft:time_since_death":149953,"minecraft:interact_with_smoker":2,"minecraft:total_world_time":149953,"minecraft:fall_one_cm":4109},"minecraft:picked_up":{"minecraft:spruce_log":2,"minecraft:dirt":24,"minecraft:spawner":1088,"minecraft:arrow":2,"minecraft:bone":1,"minecraft:wheat_seeds":3},"minecraft:dropped":{"minecraft:dark_oak_door":64,"minecraft:dark_oak_log":64,"minecraft:diamond_axe":1,"minecraft:baked_potato":64,"minecraft:stone_sword":1,"minecraft:dark_oak_fence":64,"minecraft:spruce_planks":64,"minecraft:writable_book":1,"minecraft:spruce_log":192},"minecraft:killed":{"minecraft:cow":2},"minecraft:used":{"minecraft:oak_log":25,"minecraft:wheat_seeds":35,"minecraft:oak_fence":70,"minecraft:dark_oak_planks":38,"minecraft:dark_oak_stairs":117,"minecraft:water_bucket":2,"minecraft:lantern":10,"minecraft:bookshelf":3,"minecraft:iron_shovel":79,"minecraft:cow_spawn_egg":6,"minecraft:villager_spawn_egg":9,"minecraft:cyan_bed":4,"minecraft:dark_oak_log":32,"minecraft:spruce_door":5,"minecraft:flint_and_steel":5,"minecraft:command_block":22,"minecraft:birch_slab":3,"minecraft:ladder":28,"minecraft:grass_block":43,"minecraft:oak_stairs":82,"minecraft:spruce_slab":19,"minecraft:spawner":3,"minecraft:oak_planks":138,"minecraft:netherite_hoe":35,"minecraft:spruce_planks":132,"minecraft:dark_oak_slab":6,"minecraft:composter":2,"minecraft:cauldron":1,"minecraft:fletching_table":2,"minecraft:stonecutter":2,"minecraft:barrel":3,"minecraft:anvil":1,"minecraft:white_wool":43,"minecraft:diamond_sword":4,"minecraft:mossy_cobblestone":380,"minecraft:target":2,"minecraft:dirt":37,"minecraft:cobblestone":242,"minecraft:hay_block":3,"minecraft:oak_slab":108,"minecraft:crafting_table":1,"minecraft:furnace":2,"minecraft:dark_oak_fence":19,"minecraft:spruce_stairs":29,"minecraft:cobblestone_wall":62,"minecraft:campfire":1,"minecraft:white_bed":4,"minecraft:mossy_cobblestone_wall":61,"minecraft:spruce_fence":33,"minecraft:light_gray_bed":2,"minecraft:smoker":1,"minecraft:spruce_log":128,"minecraft:bone_meal":88,"minecraft:birch_stairs":19}},"DataVersion":3839}