{"stats":{"minecraft:mined":{"minecraft:wheat":3,"minecraft:short_grass":25,"minecraft:coal_ore":47,"minecraft:grass_block":9,"minecraft:oak_log":20,"minecraft:copper_ore":10,"minecraft:stone":6,"minecraft:oak_leaves":2},"minecraft:crafted":{"minecraft:oak_planks":20,"minecraft:fishing_rod":1,"minecraft:stick":12,"minecraft:stone_pickaxe":1,"minecraft:bone_meal":9,"minecraft:stone_hoe":1,"minecraft:campfire":1,"minecraft:stone_axe":1,"minecraft:bread":1},"minecraft:killed":{"minecraft:skeleton":1,"minecraft:spider":1,"minecraft:creeper":1},"minecraft:dropped":{"minecraft:cooked_porkchop":2},"minecraft:used":{"minecraft:wheat_seeds":14,"minecraft:bread":1,"minecraft:stone_pickaxe":63,"minecraft:stone_hoe":21,"minecraft:stone_axe":25,"minecraft:fishing_rod":5,"minecraft:dirt":9,"minecraft:cooked_porkchop":1,"minecraft:campfire":1,"minecraft:bone_meal":9},"minecraft:custom":{"minecraft:time_since_rest":17956,"minecraft:sprint_one_cm":43530,"minecraft:damage_taken":130,"minecraft:walk_one_cm":62951,"minecraft:mob_kills":3,"minecraft:drop":2,"minecraft:damage_dealt":559,"minecraft:interact_with_crafting_table":8,"minecraft:fly_one_cm":33993,"minecraft:crouch_one_cm":7870,"minecraft:play_time":17956,"minecraft:interact_with_campfire":3,"minecraft:sneak_time":2804,"minecraft:jump":241,"minecraft:time_since_death":17956,"minecraft:fish_caught":4,"minecraft:total_world_time":17956,"minecraft:fall_one_cm":7551},"minecraft:picked_up":{"minecraft:stick":2,"minecraft:wheat":3,"minecraft:cooked_porkchop":3,"minecraft:salmon":1,"minecraft:enchanted_book":1,"minecraft:oak_log":20,"minecraft:string":2,"minecraft:spider_eye":1,"minecraft:dirt":12,"minecraft:raw_copper":35,"minecraft:arrow":6,"minecraft:bone":5,"minecraft:wheat_seeds":14,"minecraft:oak_sapling":1,"minecraft:cod":3,"minecraft:coal":47,"minecraft:cobblestone":19}},"DataVersion":3839}