{"stats":{"minecraft:mined":{"minecraft:spruce_planks":14,"minecraft:granite":2,"minecraft:ladder":5,"minecraft:grass_block":23,"minecraft:spruce_leaves":174,"minecraft:oak_wall_sign":1,"minecraft:furnace":5,"minecraft:carrots":13,"minecraft:iron_ore":86,"minecraft:barrel":1,"minecraft:stripped_spruce_log":1,"minecraft:rail":157,"minecraft:stone":199,"minecraft:spruce_slab":6,"minecraft:oak_slab":4,"minecraft:blackstone":2,"minecraft:basalt":8,"minecraft:torch":1,"minecraft:crafting_table":5,"minecraft:short_grass":1,"minecraft:chest":2,"minecraft:cobblestone":30,"minecraft:copper_ore":7,"minecraft:lapis_ore":8,"minecraft:oak_planks":8,"minecraft:diorite":1,"minecraft:birch_log":19,"minecraft:spruce_log":119,"minecraft:birch_leaves":11,"minecraft:oak_log":40,"minecraft:coal_ore":103,"minecraft:gravel":16,"minecraft:sand":38,"minecraft:dirt":1,"minecraft:cobweb":1,"minecraft:gold_ore":2,"minecraft:mossy_stone_bricks":1,"minecraft:oak_leaves":15},"minecraft:crafted":{"minecraft:oak_door":3,"minecraft:oak_planks":132,"minecraft:barrel":4,"minecraft:oak_sign":6,"minecraft:furnace":6,"minecraft:bone_meal":15,"minecraft:glass":38,"minecraft:iron_boots":1,"minecraft:iron_axe":1,"minecraft:ladder":12,"minecraft:spruce_slab":36,"minecraft:stone_pickaxe":1,"minecraft:stone_hoe":1,"minecraft:oak_slab":24,"minecraft:crafting_table":6,"minecraft:spruce_planks":132,"minecraft:wooden_pickaxe":1,"minecraft:iron_helmet":1,"minecraft:spruce_door":3,"minecraft:blue_bed":1,"minecraft:copper_ingot":27,"minecraft:bucket":1,"minecraft:birch_planks":20,"minecraft:campfire":4,"minecraft:stone_axe":1,"minecraft:air":0,"minecraft:blue_dye":1,"minecraft:spruce_trapdoor":2,"minecraft:white_wool":6,"minecraft:iron_chestplate":1,"minecraft:golden_leggings":1,"minecraft:shield":1,"minecraft:stick":72,"minecraft:iron_ingot":35,"minecraft:iron_pickaxe":4,"minecraft:stone_sword":1,"minecraft:iron_shovel":1,"minecraft:white_bed":2,"minecraft:torch":88,"minecraft:shears":1},"minecraft:killed":{"minecraft:spider":1,"minecraft:skeleton":1,"minecraft:drowned":3,"minecraft:magma_cube":12,"minecraft:zombie":3},"minecraft:used":{"minecraft:stone_sword":50,"minecraft:iron_shovel":69,"minecraft:spruce_slab":29,"minecraft:ladder":16,"minecraft:oak_sign":6,"minecraft:spruce_planks":13,"minecraft:chest":2,"minecraft:shield":12,"minecraft:cooked_salmon":3,"minecraft:stone_hoe":59,"minecraft:oak_door":1,"minecraft:spruce_leaves":53,"minecraft:torch":90,"minecraft:dirt":24,"minecraft:spyglass":17,"minecraft:carrot":29,"minecraft:granite":1,"minecraft:glass":38,"minecraft:iron_axe":209,"minecraft:iron_boots":1,"minecraft:barrel":5,"minecraft:oak_sapling":1,"minecraft:furnace":10,"minecraft:cooked_cod":5,"minecraft:spruce_door":1,"minecraft:stone_pickaxe":25,"minecraft:oak_planks":59,"minecraft:wooden_pickaxe":21,"minecraft:blue_bed":1,"minecraft:oak_slab":8,"minecraft:crafting_table":11,"minecraft:white_bed":1,"minecraft:campfire":4,"minecraft:shears":80,"minecraft:spruce_log":62,"minecraft:apple":4,"minecraft:iron_pickaxe":586,"minecraft:spruce_trapdoor":2,"minecraft:spruce_sapling":16,"minecraft:stone_axe":54,"minecraft:cobblestone":134,"minecraft:bucket":1,"minecraft:bone_meal":17},"minecraft:dropped":{"minecraft:stone_hoe":1,"minecraft:lapis_lazuli":12,"minecraft:oak_log":5,"minecraft:cobblestone":28,"minecraft:chest_minecart":1,"minecraft:activator_rail":6,"minecraft:diorite":1,"minecraft:iron_pickaxe":1,"minecraft:paper":24,"minecraft:bone":2,"minecraft:oak_door":2,"minecraft:gravel":7,"minecraft:stone_axe":1,"minecraft:birch_sapling":3,"minecraft:rotten_flesh":6,"minecraft:oak_sign":1,"minecraft:filled_map":1,"minecraft:leather_chestplate":2,"minecraft:spruce_planks":1,"minecraft:mossy_stone_bricks":1,"minecraft:oak_sapling":3,"minecraft:wooden_pickaxe":1,"minecraft:stone_pickaxe":1},"minecraft:custom":{"minecraft:mob_kills":21,"minecraft:interact_with_crafting_table":32,"minecraft:open_barrel":29,"minecraft:leave_game":5,"minecraft:time_since_death":180889,"minecraft:climb_one_cm":10918,"minecraft:sprint_one_cm":359820,"minecraft:walk_one_cm":417082,"minecraft:damage_blocked_by_shield":518,"minecraft:drop":41,"minecraft:play_time":180889,"minecraft:walk_under_water_one_cm":24020,"minecraft:sneak_time":27851,"minecraft:boat_one_cm":615665,"minecraft:jump":1553,"minecraft:walk_on_water_one_cm":7039,"minecraft:total_world_time":180889,"minecraft:interact_with_furnace":41,"minecraft:sleep_in_bed":3,"minecraft:time_since_rest":19856,"minecraft:damage_taken":651,"minecraft:damage_dealt":2120,"minecraft:fly_one_cm":139675,"minecraft:swim_one_cm":56803,"minecraft:open_chest":50,"minecraft:crouch_one_cm":95299,"minecraft:fall_one_cm":32422},"minecraft:picked_up":{"minecraft:spruce_leaves":77,"minecraft:crafting_table":6,"minecraft:ladder":5,"minecraft:chest_minecart":1,"minecraft:oak_stairs":2,"minecraft:raw_copper":27,"minecraft:blackstone":2,"minecraft:oak_sign":3,"minecraft:spruce_planks":14,"minecraft:iron_nugget":14,"minecraft:spruce_slab":6,"minecraft:chest":2,"minecraft:birch_sapling":6,"minecraft:phantom_membrane":1,"minecraft:furnace":5,"minecraft:stick":22,"minecraft:raw_iron":86,"minecraft:torch":2,"minecraft:diorite":1,"minecraft:carrot":97,"minecraft:tnt":2,"minecraft:rotten_flesh":6,"minecraft:cooked_cod":3,"minecraft:gold_ingot":4,"minecraft:rail":219,"minecraft:cobblestone":220,"minecraft:birch_log":38,"minecraft:leather_chestplate":1,"minecraft:feather":1,"minecraft:basalt":8,"minecraft:magma_cream":1,"minecraft:flint":1,"minecraft:oak_log":38,"minecraft:lapis_lazuli":138,"minecraft:dirt":24,"minecraft:paper":24,"minecraft:bone":2,"minecraft:apple":1,"minecraft:raw_gold":2,"minecraft:iron_ingot":9,"minecraft:mossy_stone_bricks":1,"minecraft:oak_planks":8,"minecraft:oak_slab":4,"minecraft:gravel":15,"minecraft:sand":38,"minecraft:stripped_spruce_log":1,"minecraft:spruce_sapling":27,"minecraft:spruce_log":164,"minecraft:spider_eye":1,"minecraft:barrel":1,"minecraft:granite":2,"minecraft:oak_sapling":5,"minecraft:coal":161,"minecraft:oak_leaves":3}},"DataVersion":3839}