{"stats":{"minecraft:mined":{"minecraft:crafting_table":1,"minecraft:short_grass":1,"minecraft:oak_log":35,"minecraft:gravel":4,"minecraft:dirt":1,"minecraft:stone":25,"minecraft:oak_leaves":6},"minecraft:crafted":{"minecraft:oak_planks":112,"minecraft:crafting_table":1,"minecraft:stick":8,"minecraft:wooden_pickaxe":1,"minecraft:stone_pickaxe":1,"minecraft:stone_sword":1,"minecraft:stone_axe":1},"minecraft:dropped":{"minecraft:oak_log":5,"minecraft:oak_sapling":2,"minecraft:wooden_pickaxe":1},"minecraft:used":{"minecraft:apple":1,"minecraft:stone_pickaxe":9,"minecraft:oak_planks":2,"minecraft:wooden_pickaxe":21,"minecraft:stone_axe":34,"minecraft:dirt":1,"minecraft:crafting_table":1,"minecraft:oak_sapling":1},"minecraft:custom":{"minecraft:time_since_rest":14632,"minecraft:sprint_one_cm":8124,"minecraft:damage_taken":60,"minecraft:walk_one_cm":28457,"minecraft:drop":4,"minecraft:interact_with_crafting_table":2,"minecraft:fly_one_cm":2917,"minecraft:crouch_one_cm":10902,"minecraft:play_time":14632,"minecraft:sneak_time":3665,"minecraft:jump":86,"minecraft:leave_game":1,"minecraft:time_since_death":14632,"minecraft:total_world_time":14632,"minecraft:fall_one_cm":1776},"minecraft:picked_up":{"minecraft:stick":1,"minecraft:crafting_table":1,"minecraft:feather":1,"minecraft:gravel":4,"minecraft:oak_log":33,"minecraft:dirt":1,"minecraft:apple":1,"minecraft:cooked_cod":1,"minecraft:oak_sapling":3,"minecraft:cobblestone":25}},"DataVersion":3839}