{"stats":{"minecraft:mined":{"minecraft:spruce_planks":1,"minecraft:crafting_table":3,"minecraft:torch":1,"minecraft:granite":2,"minecraft:short_grass":1,"minecraft:grass_block":23,"minecraft:chest":1,"minecraft:cobblestone":6,"minecraft:spruce_leaves":23,"minecraft:lapis_ore":8,"minecraft:oak_planks":8,"minecraft:oak_wall_sign":1,"minecraft:diorite":1,"minecraft:furnace":2,"minecraft:birch_log":19,"minecraft:iron_ore":86,"minecraft:spruce_log":46,"minecraft:birch_leaves":9,"minecraft:oak_log":40,"minecraft:coal_ore":100,"minecraft:rail":157,"minecraft:gravel":16,"minecraft:dirt":1,"minecraft:cobweb":1,"minecraft:stone":107,"minecraft:gold_ore":2,"minecraft:mossy_stone_bricks":1,"minecraft:oak_leaves":12},"minecraft:crafted":{"minecraft:oak_door":3,"minecraft:oak_planks":132,"minecraft:oak_sign":6,"minecraft:crafting_table":5,"minecraft:wooden_pickaxe":1,"minecraft:iron_helmet":1,"minecraft:blue_bed":1,"minecraft:furnace":2,"minecraft:bone_meal":15,"minecraft:bucket":1,"minecraft:stone_axe":1,"minecraft:air":0,"minecraft:blue_dye":1,"minecraft:white_wool":6,"minecraft:iron_boots":1,"minecraft:iron_chestplate":1,"minecraft:golden_leggings":1,"minecraft:shield":1,"minecraft:iron_axe":1,"minecraft:stick":32,"minecraft:iron_ingot":35,"minecraft:iron_pickaxe":3,"minecraft:stone_pickaxe":1,"minecraft:stone_sword":1,"minecraft:iron_shovel":1,"minecraft:white_bed":2,"minecraft:torch":88},"minecraft:killed":{"minecraft:skeleton":1,"minecraft:zombie":3},"minecraft:used":{"minecraft:stone_sword":26,"minecraft:iron_shovel":31,"minecraft:stone_pickaxe":25,"minecraft:oak_planks":59,"minecraft:oak_sign":5,"minecraft:chest":1,"minecraft:shield":12,"minecraft:wooden_pickaxe":21,"minecraft:cooked_salmon":3,"minecraft:oak_door":1,"minecraft:torch":89,"minecraft:dirt":24,"minecraft:crafting_table":7,"minecraft:carrot":5,"minecraft:white_bed":1,"minecraft:granite":1,"minecraft:spruce_log":1,"minecraft:apple":4,"minecraft:iron_axe":83,"minecraft:iron_pickaxe":439,"minecraft:iron_boots":1,"minecraft:spruce_sapling":8,"minecraft:stone_axe":54,"minecraft:cobblestone":33,"minecraft:furnace":2,"minecraft:oak_sapling":1,"minecraft:cooked_cod":5,"minecraft:bucket":1,"minecraft:bone_meal":8},"minecraft:dropped":{"minecraft:oak_door":2,"minecraft:gravel":7,"minecraft:stone_axe":1,"minecraft:oak_log":5,"minecraft:rotten_flesh":3,"minecraft:chest_minecart":1,"minecraft:activator_rail":6,"minecraft:filled_map":1,"minecraft:leather_chestplate":2,"minecraft:diorite":1,"minecraft:spruce_planks":1,"minecraft:mossy_stone_bricks":1,"minecraft:oak_sapling":2,"minecraft:wooden_pickaxe":1,"minecraft:stone_pickaxe":1,"minecraft:bone":2},"minecraft:custom":{"minecraft:interact_with_furnace":22,"minecraft:mob_kills":5,"minecraft:interact_with_crafting_table":18,"minecraft:leave_game":4,"minecraft:time_since_death":110816,"minecraft:sleep_in_bed":1,"minecraft:time_since_rest":6834,"minecraft:sprint_one_cm":270159,"minecraft:damage_taken":398,"minecraft:walk_one_cm":274294,"minecraft:damage_blocked_by_shield":518,"minecraft:drop":21,"minecraft:damage_dealt":930,"minecraft:swim_one_cm":55807,"minecraft:fly_one_cm":86007,"minecraft:open_chest":31,"minecraft:crouch_one_cm":24860,"minecraft:play_time":110816,"minecraft:sneak_time":8670,"minecraft:walk_under_water_one_cm":22159,"minecraft:boat_one_cm":615665,"minecraft:jump":897,"minecraft:walk_on_water_one_cm":6376,"minecraft:total_world_time":110816,"minecraft:fall_one_cm":16334},"minecraft:picked_up":{"minecraft:birch_log":19,"minecraft:crafting_table":3,"minecraft:leather_chestplate":1,"minecraft:feather":1,"minecraft:chest_minecart":1,"minecraft:flint":1,"minecraft:oak_log":38,"minecraft:lapis_lazuli":72,"minecraft:dirt":24,"minecraft:bone":2,"minecraft:oak_sign":1,"minecraft:apple":1,"minecraft:raw_gold":2,"minecraft:spruce_planks":1,"minecraft:iron_ingot":9,"minecraft:iron_nugget":14,"minecraft:mossy_stone_bricks":1,"minecraft:birch_sapling":3,"minecraft:chest":1,"minecraft:oak_planks":8,"minecraft:phantom_membrane":1,"minecraft:furnace":2,"minecraft:stick":9,"minecraft:raw_iron":86,"minecraft:torch":1,"minecraft:gravel":15,"minecraft:spruce_sapling":8,"minecraft:carrot":51,"minecraft:diorite":1,"minecraft:spruce_log":46,"minecraft:rotten_flesh":3,"minecraft:cooked_cod":3,"minecraft:granite":2,"minecraft:gold_ingot":4,"minecraft:oak_sapling":4,"minecraft:coal":100,"minecraft:rail":155,"minecraft:cobblestone":113}},"DataVersion":3839}