{"stats":{"minecraft:mined":{"minecraft:spruce_planks":10,"minecraft:crafting_table":4,"minecraft:torch":1,"minecraft:granite":2,"minecraft:short_grass":1,"minecraft:grass_block":23,"minecraft:chest":2,"minecraft:cobblestone":20,"minecraft:spruce_leaves":174,"minecraft:lapis_ore":8,"minecraft:oak_planks":8,"minecraft:oak_wall_sign":1,"minecraft:diorite":1,"minecraft:furnace":3,"minecraft:birch_log":19,"minecraft:iron_ore":86,"minecraft:barrel":1,"minecraft:stripped_spruce_log":1,"minecraft:spruce_log":95,"minecraft:birch_leaves":11,"minecraft:oak_log":40,"minecraft:coal_ore":100,"minecraft:rail":157,"minecraft:gravel":16,"minecraft:dirt":1,"minecraft:cobweb":1,"minecraft:stone":107,"minecraft:gold_ore":2,"minecraft:mossy_stone_bricks":1,"minecraft:oak_leaves":15},"minecraft:crafted":{"minecraft:oak_door":3,"minecraft:oak_slab":24,"minecraft:oak_planks":132,"minecraft:barrel":4,"minecraft:oak_sign":6,"minecraft:crafting_table":5,"minecraft:spruce_planks":100,"minecraft:wooden_pickaxe":1,"minecraft:iron_helmet":1,"minecraft:blue_bed":1,"minecraft:furnace":2,"minecraft:bone_meal":15,"minecraft:bucket":1,"minecraft:stone_axe":1,"minecraft:air":0,"minecraft:blue_dye":1,"minecraft:white_wool":6,"minecraft:iron_boots":1,"minecraft:iron_chestplate":1,"minecraft:golden_leggings":1,"minecraft:shield":1,"minecraft:iron_axe":1,"minecraft:stick":32,"minecraft:iron_ingot":35,"minecraft:iron_pickaxe":3,"minecraft:stone_pickaxe":1,"minecraft:stone_sword":1,"minecraft:iron_shovel":1,"minecraft:white_bed":2,"minecraft:torch":88,"minecraft:stone_hoe":1,"minecraft:shears":1},"minecraft:killed":{"minecraft:spider":1,"minecraft:skeleton":1,"minecraft:zombie":3},"minecraft:used":{"minecraft:stone_sword":26,"minecraft:iron_shovel":31,"minecraft:stone_pickaxe":25,"minecraft:oak_planks":59,"minecraft:oak_sign":5,"minecraft:spruce_planks":9,"minecraft:chest":1,"minecraft:shield":12,"minecraft:wooden_pickaxe":21,"minecraft:cooked_salmon":3,"minecraft:stone_hoe":59,"minecraft:oak_door":1,"minecraft:spruce_leaves":2,"minecraft:torch":89,"minecraft:dirt":24,"minecraft:crafting_table":8,"minecraft:carrot":8,"minecraft:white_bed":1,"minecraft:shears":80,"minecraft:granite":1,"minecraft:spruce_log":1,"minecraft:apple":4,"minecraft:iron_axe":162,"minecraft:iron_pickaxe":454,"minecraft:iron_boots":1,"minecraft:spruce_sapling":14,"minecraft:barrel":1,"minecraft:stone_axe":54,"minecraft:cobblestone":57,"minecraft:furnace":3,"minecraft:oak_sapling":1,"minecraft:cooked_cod":5,"minecraft:bucket":1,"minecraft:bone_meal":12},"minecraft:dropped":{"minecraft:oak_door":2,"minecraft:stone_hoe":1,"minecraft:gravel":7,"minecraft:stone_axe":1,"minecraft:oak_log":5,"minecraft:birch_sapling":3,"minecraft:rotten_flesh":3,"minecraft:chest_minecart":1,"minecraft:activator_rail":6,"minecraft:filled_map":1,"minecraft:leather_chestplate":2,"minecraft:diorite":1,"minecraft:spruce_planks":1,"minecraft:mossy_stone_bricks":1,"minecraft:oak_sapling":3,"minecraft:wooden_pickaxe":1,"minecraft:stone_pickaxe":1,"minecraft:bone":2},"minecraft:custom":{"minecraft:interact_with_furnace":22,"minecraft:mob_kills":6,"minecraft:interact_with_crafting_table":20,"minecraft:leave_game":4,"minecraft:time_since_death":122816,"minecraft:sleep_in_bed":1,"minecraft:time_since_rest":18834,"minecraft:sprint_one_cm":279474,"minecraft:damage_taken":468,"minecraft:walk_one_cm":294064,"minecraft:damage_blocked_by_shield":518,"minecraft:drop":24,"minecraft:damage_dealt":1090,"minecraft:swim_one_cm":55807,"minecraft:fly_one_cm":89091,"minecraft:open_chest":34,"minecraft:crouch_one_cm":34951,"minecraft:play_time":122816,"minecraft:sneak_time":12158,"minecraft:walk_under_water_one_cm":22159,"minecraft:boat_one_cm":615665,"minecraft:jump":992,"minecraft:walk_on_water_one_cm":6376,"minecraft:total_world_time":122816,"minecraft:fall_one_cm":19872},"minecraft:picked_up":{"minecraft:birch_log":38,"minecraft:crafting_table":5,"minecraft:leather_chestplate":1,"minecraft:feather":1,"minecraft:chest_minecart":1,"minecraft:oak_stairs":2,"minecraft:flint":1,"minecraft:oak_log":38,"minecraft:paper":24,"minecraft:lapis_lazuli":135,"minecraft:dirt":24,"minecraft:bone":2,"minecraft:oak_sign":3,"minecraft:apple":1,"minecraft:raw_gold":2,"minecraft:spruce_planks":10,"minecraft:iron_ingot":9,"minecraft:iron_nugget":14,"minecraft:mossy_stone_bricks":1,"minecraft:birch_sapling":6,"minecraft:chest":2,"minecraft:oak_planks":8,"minecraft:phantom_membrane":1,"minecraft:furnace":3,"minecraft:stick":22,"minecraft:raw_iron":86,"minecraft:torch":1,"minecraft:gravel":15,"minecraft:stripped_spruce_log":1,"minecraft:spruce_sapling":27,"minecraft:carrot":51,"minecraft:diorite":1,"minecraft:spruce_log":140,"minecraft:spider_eye":1,"minecraft:barrel":1,"minecraft:tnt":2,"minecraft:rotten_flesh":3,"minecraft:cooked_cod":3,"minecraft:granite":2,"minecraft:gold_ingot":4,"minecraft:oak_sapling":5,"minecraft:coal":158,"minecraft:rail":219,"minecraft:cobblestone":126,"minecraft:spruce_leaves":66}},"DataVersion":3839}