{"stats":{"minecraft:mined":{"minecraft:crafting_table":1,"minecraft:short_grass":1,"minecraft:oak_log":35,"minecraft:dirt":1,"minecraft:gravel":5,"minecraft:stone":25,"minecraft:mossy_stone_bricks":1,"minecraft:oak_leaves":6},"minecraft:crafted":{"minecraft:oak_planks":112,"minecraft:crafting_table":1,"minecraft:stick":8,"minecraft:wooden_pickaxe":1,"minecraft:stone_pickaxe":1,"minecraft:stone_sword":1,"minecraft:stone_axe":1},"minecraft:dropped":{"minecraft:oak_log":5,"minecraft:oak_sapling":2,"minecraft:wooden_pickaxe":1},"minecraft:used":{"minecraft:apple":1,"minecraft:stone_pickaxe":11,"minecraft:oak_planks":2,"minecraft:wooden_pickaxe":21,"minecraft:stone_axe":34,"minecraft:dirt":1,"minecraft:crafting_table":1,"minecraft:oak_sapling":1},"minecraft:custom":{"minecraft:time_since_rest":20583,"minecraft:sprint_one_cm":10801,"minecraft:damage_taken":140,"minecraft:walk_one_cm":30974,"minecraft:drop":4,"minecraft:swim_one_cm":31584,"minecraft:interact_with_crafting_table":2,"minecraft:fly_one_cm":5355,"minecraft:open_chest":3,"minecraft:crouch_one_cm":10902,"minecraft:play_time":20583,"minecraft:walk_under_water_one_cm":5746,"minecraft:sneak_time":3973,"minecraft:boat_one_cm":63641,"minecraft:jump":108,"minecraft:leave_game":1,"minecraft:walk_on_water_one_cm":2067,"minecraft:time_since_death":20583,"minecraft:total_world_time":20583,"minecraft:fall_one_cm":2730},"minecraft:picked_up":{"minecraft:stick":1,"minecraft:crafting_table":1,"minecraft:feather":1,"minecraft:gravel":5,"minecraft:oak_log":33,"minecraft:dirt":1,"minecraft:apple":1,"minecraft:cooked_cod":1,"minecraft:mossy_stone_bricks":1,"minecraft:oak_sapling":3,"minecraft:cobblestone":25}},"DataVersion":3839}