{"stats":{"minecraft:mined":{"minecraft:spruce_planks":1,"minecraft:crafting_table":3,"minecraft:granite":2,"minecraft:short_grass":1,"minecraft:chest":1,"minecraft:cobblestone":2,"minecraft:lapis_ore":6,"minecraft:oak_planks":6,"minecraft:oak_wall_sign":1,"minecraft:diorite":1,"minecraft:furnace":2,"minecraft:iron_ore":45,"minecraft:oak_log":35,"minecraft:coal_ore":29,"minecraft:rail":139,"minecraft:gravel":16,"minecraft:dirt":1,"minecraft:stone":61,"minecraft:mossy_stone_bricks":1,"minecraft:oak_leaves":6},"minecraft:crafted":{"minecraft:oak_door":3,"minecraft:oak_planks":112,"minecraft:oak_sign":3,"minecraft:crafting_table":3,"minecraft:wooden_pickaxe":1,"minecraft:iron_helmet":1,"minecraft:furnace":2,"minecraft:bucket":1,"minecraft:stone_axe":1,"minecraft:air":0,"minecraft:iron_boots":1,"minecraft:iron_chestplate":1,"minecraft:golden_leggings":1,"minecraft:shield":1,"minecraft:stick":32,"minecraft:iron_ingot":28,"minecraft:iron_pickaxe":3,"minecraft:stone_pickaxe":1,"minecraft:stone_sword":1,"minecraft:iron_shovel":1,"minecraft:torch":64},"minecraft:killed":{"minecraft:skeleton":1,"minecraft:zombie":1},"minecraft:used":{"minecraft:stone_sword":10,"minecraft:iron_shovel":8,"minecraft:stone_pickaxe":25,"minecraft:oak_planks":34,"minecraft:oak_sign":4,"minecraft:shield":10,"minecraft:wooden_pickaxe":21,"minecraft:cooked_salmon":3,"minecraft:oak_door":1,"minecraft:torch":49,"minecraft:dirt":1,"minecraft:crafting_table":5,"minecraft:granite":1,"minecraft:apple":1,"minecraft:iron_pickaxe":251,"minecraft:iron_boots":1,"minecraft:stone_axe":45,"minecraft:cobblestone":22,"minecraft:furnace":2,"minecraft:oak_sapling":1,"minecraft:cooked_cod":3,"minecraft:bucket":1},"minecraft:dropped":{"minecraft:oak_door":2,"minecraft:gravel":7,"minecraft:oak_log":5,"minecraft:rotten_flesh":2,"minecraft:chest_minecart":1,"minecraft:activator_rail":6,"minecraft:filled_map":1,"minecraft:leather_chestplate":2,"minecraft:diorite":1,"minecraft:spruce_planks":1,"minecraft:mossy_stone_bricks":1,"minecraft:oak_sapling":2,"minecraft:wooden_pickaxe":1,"minecraft:stone_pickaxe":1,"minecraft:bone":2},"minecraft:custom":{"minecraft:interact_with_furnace":15,"minecraft:mob_kills":2,"minecraft:interact_with_crafting_table":13,"minecraft:leave_game":1,"minecraft:time_since_death":68583,"minecraft:time_since_rest":68583,"minecraft:sprint_one_cm":123179,"minecraft:damage_taken":252,"minecraft:walk_one_cm":137611,"minecraft:damage_blocked_by_shield":370,"minecraft:drop":19,"minecraft:damage_dealt":429,"minecraft:swim_one_cm":52001,"minecraft:fly_one_cm":17549,"minecraft:open_chest":8,"minecraft:crouch_one_cm":20309,"minecraft:play_time":68583,"minecraft:sneak_time":6690,"minecraft:walk_under_water_one_cm":21702,"minecraft:boat_one_cm":615665,"minecraft:jump":344,"minecraft:walk_on_water_one_cm":6011,"minecraft:total_world_time":68583,"minecraft:fall_one_cm":5795},"minecraft:picked_up":{"minecraft:crafting_table":3,"minecraft:leather_chestplate":1,"minecraft:feather":1,"minecraft:chest_minecart":1,"minecraft:flint":1,"minecraft:oak_log":33,"minecraft:lapis_lazuli":60,"minecraft:dirt":1,"minecraft:bone":2,"minecraft:oak_sign":1,"minecraft:apple":1,"minecraft:spruce_planks":1,"minecraft:iron_ingot":9,"minecraft:mossy_stone_bricks":1,"minecraft:iron_nugget":14,"minecraft:chest":1,"minecraft:oak_planks":6,"minecraft:furnace":2,"minecraft:stick":1,"minecraft:raw_iron":45,"minecraft:gravel":15,"minecraft:diorite":1,"minecraft:cooked_cod":1,"minecraft:rotten_flesh":2,"minecraft:granite":2,"minecraft:gold_ingot":4,"minecraft:oak_sapling":3,"minecraft:coal":29,"minecraft:rail":139,"minecraft:cobblestone":63}},"DataVersion":3839}