{"stats":{"minecraft:mined":{"minecraft:spruce_planks":14,"minecraft:ladder":5,"minecraft:granite":2,"minecraft:grass_block":23,"minecraft:spruce_leaves":174,"minecraft:oak_wall_sign":1,"minecraft:furnace":5,"minecraft:iron_ore":86,"minecraft:barrel":1,"minecraft:stripped_spruce_log":1,"minecraft:rail":157,"minecraft:stone":199,"minecraft:spruce_slab":4,"minecraft:oak_slab":4,"minecraft:torch":1,"minecraft:crafting_table":4,"minecraft:short_grass":1,"minecraft:chest":2,"minecraft:copper_ore":7,"minecraft:cobblestone":29,"minecraft:lapis_ore":8,"minecraft:oak_planks":8,"minecraft:diorite":1,"minecraft:birch_log":19,"minecraft:spruce_log":119,"minecraft:birch_leaves":11,"minecraft:coal_ore":103,"minecraft:oak_log":40,"minecraft:sand":38,"minecraft:dirt":1,"minecraft:gravel":16,"minecraft:cobweb":1,"minecraft:mossy_stone_bricks":1,"minecraft:gold_ore":2,"minecraft:oak_leaves":15},"minecraft:crafted":{"minecraft:oak_door":3,"minecraft:oak_planks":132,"minecraft:oak_sign":6,"minecraft:barrel":4,"minecraft:furnace":6,"minecraft:bone_meal":15,"minecraft:glass":38,"minecraft:iron_boots":1,"minecraft:iron_axe":1,"minecraft:ladder":12,"minecraft:spruce_slab":36,"minecraft:stone_pickaxe":1,"minecraft:stone_hoe":1,"minecraft:oak_slab":24,"minecraft:crafting_table":6,"minecraft:spruce_planks":132,"minecraft:wooden_pickaxe":1,"minecraft:iron_helmet":1,"minecraft:spruce_door":3,"minecraft:blue_bed":1,"minecraft:bucket":1,"minecraft:birch_planks":20,"minecraft:campfire":4,"minecraft:stone_axe":1,"minecraft:air":0,"minecraft:blue_dye":1,"minecraft:spruce_trapdoor":2,"minecraft:iron_chestplate":1,"minecraft:white_wool":6,"minecraft:golden_leggings":1,"minecraft:shield":1,"minecraft:stick":72,"minecraft:iron_ingot":35,"minecraft:iron_pickaxe":4,"minecraft:stone_sword":1,"minecraft:iron_shovel":1,"minecraft:white_bed":2,"minecraft:torch":88,"minecraft:shears":1},"minecraft:killed":{"minecraft:spider":1,"minecraft:skeleton":1,"minecraft:drowned":3,"minecraft:zombie":3},"minecraft:used":{"minecraft:stone_sword":38,"minecraft:iron_shovel":69,"minecraft:spruce_slab":29,"minecraft:ladder":16,"minecraft:oak_sign":6,"minecraft:chest":2,"minecraft:spruce_planks":13,"minecraft:shield":12,"minecraft:cooked_salmon":3,"minecraft:stone_hoe":59,"minecraft:oak_door":1,"minecraft:spruce_leaves":2,"minecraft:torch":90,"minecraft:dirt":24,"minecraft:spyglass":6,"minecraft:carrot":12,"minecraft:granite":1,"minecraft:glass":36,"minecraft:iron_axe":203,"minecraft:iron_boots":1,"minecraft:barrel":2,"minecraft:oak_sapling":1,"minecraft:furnace":10,"minecraft:cooked_cod":5,"minecraft:spruce_door":1,"minecraft:stone_pickaxe":25,"minecraft:oak_planks":59,"minecraft:wooden_pickaxe":21,"minecraft:blue_bed":1,"minecraft:oak_slab":8,"minecraft:crafting_table":10,"minecraft:campfire":4,"minecraft:white_bed":1,"minecraft:shears":80,"minecraft:spruce_log":62,"minecraft:apple":4,"minecraft:iron_pickaxe":567,"minecraft:spruce_trapdoor":2,"minecraft:spruce_sapling":16,"minecraft:stone_axe":54,"minecraft:cobblestone":66,"minecraft:bucket":1,"minecraft:bone_meal":17},"minecraft:dropped":{"minecraft:stone_hoe":1,"minecraft:oak_log":5,"minecraft:cobblestone":28,"minecraft:chest_minecart":1,"minecraft:activator_rail":6,"minecraft:diorite":1,"minecraft:iron_pickaxe":1,"minecraft:bone":2,"minecraft:oak_door":2,"minecraft:gravel":7,"minecraft:stone_axe":1,"minecraft:birch_sapling":3,"minecraft:rotten_flesh":6,"minecraft:oak_sign":1,"minecraft:filled_map":1,"minecraft:leather_chestplate":2,"minecraft:spruce_planks":1,"minecraft:mossy_stone_bricks":1,"minecraft:oak_sapling":3,"minecraft:stone_pickaxe":1,"minecraft:wooden_pickaxe":1},"minecraft:custom":{"minecraft:mob_kills":9,"minecraft:interact_with_crafting_table":32,"minecraft:open_barrel":2,"minecraft:leave_game":5,"minecraft:time_since_death":150925,"minecraft:climb_one_cm":5525,"minecraft:sprint_one_cm":318007,"minecraft:walk_one_cm":358510,"minecraft:damage_blocked_by_shield":518,"minecraft:drop":28,"minecraft:play_time":150925,"minecraft:walk_under_water_one_cm":24020,"minecraft:sneak_time":18930,"minecraft:boat_one_cm":615665,"minecraft:jump":1249,"minecraft:walk_on_water_one_cm":7039,"minecraft:total_world_time":150925,"minecraft:interact_with_furnace":36,"minecraft:sleep_in_bed":2,"minecraft:time_since_rest":5212,"minecraft:damage_taken":540,"minecraft:damage_dealt":1670,"minecraft:fly_one_cm":116092,"minecraft:swim_one_cm":56803,"minecraft:open_chest":44,"minecraft:crouch_one_cm":59428,"minecraft:fall_one_cm":25186},"minecraft:picked_up":{"minecraft:spruce_leaves":77,"minecraft:crafting_table":5,"minecraft:ladder":5,"minecraft:chest_minecart":1,"minecraft:oak_stairs":2,"minecraft:raw_copper":27,"minecraft:oak_sign":3,"minecraft:spruce_planks":14,"minecraft:iron_nugget":14,"minecraft:spruce_slab":4,"minecraft:chest":2,"minecraft:birch_sapling":6,"minecraft:phantom_membrane":1,"minecraft:furnace":5,"minecraft:raw_iron":86,"minecraft:stick":22,"minecraft:torch":2,"minecraft:diorite":1,"minecraft:carrot":51,"minecraft:tnt":2,"minecraft:rotten_flesh":6,"minecraft:cooked_cod":3,"minecraft:gold_ingot":4,"minecraft:rail":219,"minecraft:cobblestone":219,"minecraft:birch_log":38,"minecraft:leather_chestplate":1,"minecraft:feather":1,"minecraft:flint":1,"minecraft:oak_log":38,"minecraft:lapis_lazuli":135,"minecraft:dirt":24,"minecraft:paper":24,"minecraft:bone":2,"minecraft:apple":1,"minecraft:raw_gold":2,"minecraft:iron_ingot":9,"minecraft:mossy_stone_bricks":1,"minecraft:oak_planks":8,"minecraft:oak_slab":4,"minecraft:gravel":15,"minecraft:sand":38,"minecraft:stripped_spruce_log":1,"minecraft:spruce_sapling":27,"minecraft:spruce_log":164,"minecraft:spider_eye":1,"minecraft:barrel":1,"minecraft:granite":2,"minecraft:oak_sapling":5,"minecraft:coal":161,"minecraft:oak_leaves":3}},"DataVersion":3839}