{"stats":{"minecraft:mined":{"minecraft:spruce_planks":1,"minecraft:crafting_table":3,"minecraft:torch":1,"minecraft:granite":2,"minecraft:short_grass":1,"minecraft:chest":1,"minecraft:cobblestone":6,"minecraft:spruce_leaves":23,"minecraft:lapis_ore":8,"minecraft:oak_planks":8,"minecraft:oak_wall_sign":1,"minecraft:diorite":1,"minecraft:furnace":2,"minecraft:iron_ore":86,"minecraft:spruce_log":46,"minecraft:birch_leaves":1,"minecraft:oak_log":40,"minecraft:coal_ore":100,"minecraft:rail":157,"minecraft:gravel":16,"minecraft:dirt":1,"minecraft:cobweb":1,"minecraft:stone":107,"minecraft:gold_ore":2,"minecraft:mossy_stone_bricks":1,"minecraft:oak_leaves":12},"minecraft:crafted":{"minecraft:oak_door":3,"minecraft:oak_planks":132,"minecraft:oak_sign":6,"minecraft:crafting_table":5,"minecraft:wooden_pickaxe":1,"minecraft:iron_helmet":1,"minecraft:furnace":2,"minecraft:bucket":1,"minecraft:stone_axe":1,"minecraft:air":0,"minecraft:iron_boots":1,"minecraft:iron_chestplate":1,"minecraft:golden_leggings":1,"minecraft:shield":1,"minecraft:iron_axe":1,"minecraft:stick":32,"minecraft:iron_ingot":35,"minecraft:iron_pickaxe":3,"minecraft:stone_pickaxe":1,"minecraft:stone_sword":1,"minecraft:iron_shovel":1,"minecraft:torch":64},"minecraft:killed":{"minecraft:skeleton":1,"minecraft:zombie":1},"minecraft:used":{"minecraft:stone_sword":16,"minecraft:iron_shovel":8,"minecraft:stone_pickaxe":25,"minecraft:oak_planks":59,"minecraft:oak_sign":5,"minecraft:chest":1,"minecraft:shield":10,"minecraft:wooden_pickaxe":21,"minecraft:cooked_salmon":3,"minecraft:oak_door":1,"minecraft:torch":63,"minecraft:dirt":1,"minecraft:crafting_table":7,"minecraft:granite":1,"minecraft:spruce_log":1,"minecraft:apple":4,"minecraft:iron_axe":64,"minecraft:iron_pickaxe":439,"minecraft:iron_boots":1,"minecraft:stone_axe":54,"minecraft:cobblestone":26,"minecraft:furnace":2,"minecraft:oak_sapling":1,"minecraft:cooked_cod":4,"minecraft:bucket":1},"minecraft:dropped":{"minecraft:oak_door":2,"minecraft:gravel":7,"minecraft:stone_axe":1,"minecraft:oak_log":5,"minecraft:rotten_flesh":2,"minecraft:chest_minecart":1,"minecraft:activator_rail":6,"minecraft:filled_map":1,"minecraft:leather_chestplate":2,"minecraft:diorite":1,"minecraft:spruce_planks":1,"minecraft:mossy_stone_bricks":1,"minecraft:oak_sapling":2,"minecraft:wooden_pickaxe":1,"minecraft:stone_pickaxe":1,"minecraft:bone":2},"minecraft:custom":{"minecraft:interact_with_furnace":20,"minecraft:mob_kills":2,"minecraft:interact_with_crafting_table":16,"minecraft:leave_game":4,"minecraft:time_since_death":98816,"minecraft:time_since_rest":98816,"minecraft:sprint_one_cm":216168,"minecraft:damage_taken":292,"minecraft:walk_one_cm":232103,"minecraft:damage_blocked_by_shield":370,"minecraft:drop":20,"minecraft:damage_dealt":429,"minecraft:swim_one_cm":55807,"minecraft:fly_one_cm":66036,"minecraft:open_chest":15,"minecraft:crouch_one_cm":24329,"minecraft:play_time":98816,"minecraft:sneak_time":8442,"minecraft:walk_under_water_one_cm":22159,"minecraft:boat_one_cm":615665,"minecraft:jump":764,"minecraft:walk_on_water_one_cm":6376,"minecraft:total_world_time":98816,"minecraft:fall_one_cm":14604},"minecraft:picked_up":{"minecraft:crafting_table":3,"minecraft:leather_chestplate":1,"minecraft:feather":1,"minecraft:chest_minecart":1,"minecraft:flint":1,"minecraft:oak_log":38,"minecraft:lapis_lazuli":72,"minecraft:dirt":1,"minecraft:bone":2,"minecraft:oak_sign":1,"minecraft:apple":1,"minecraft:raw_gold":2,"minecraft:spruce_planks":1,"minecraft:iron_ingot":9,"minecraft:iron_nugget":14,"minecraft:mossy_stone_bricks":1,"minecraft:chest":1,"minecraft:oak_planks":8,"minecraft:furnace":2,"minecraft:stick":7,"minecraft:raw_iron":86,"minecraft:torch":1,"minecraft:gravel":15,"minecraft:spruce_sapling":8,"minecraft:diorite":1,"minecraft:spruce_log":46,"minecraft:rotten_flesh":2,"minecraft:cooked_cod":3,"minecraft:granite":2,"minecraft:gold_ingot":4,"minecraft:oak_sapling":4,"minecraft:coal":100,"minecraft:rail":155,"minecraft:cobblestone":113}},"DataVersion":3839}