{"stats":{"minecraft:mined":{"minecraft:spruce_planks":17,"minecraft:spruce_trapdoor":1,"minecraft:nether_bricks":6,"minecraft:ladder":12,"minecraft:granite":2,"minecraft:grass_block":23,"minecraft:spruce_leaves":174,"minecraft:oak_wall_sign":1,"minecraft:furnace":10,"minecraft:carrots":27,"minecraft:iron_ore":86,"minecraft:fire":5,"minecraft:barrel":4,"minecraft:pumpkin":10,"minecraft:stripped_spruce_log":1,"minecraft:rail":157,"minecraft:stone":199,"minecraft:spruce_slab":19,"minecraft:brown_mushroom":1,"minecraft:oak_slab":8,"minecraft:soul_sand":10,"minecraft:blackstone":24,"minecraft:soul_fire":1,"minecraft:basalt":120,"minecraft:torch":2,"minecraft:crafting_table":11,"minecraft:short_grass":2,"minecraft:chest":2,"minecraft:campfire":4,"minecraft:glass":38,"minecraft:cobblestone":31,"minecraft:copper_ore":7,"minecraft:lapis_ore":8,"minecraft:oak_planks":8,"minecraft:blue_bed":1,"minecraft:wall_torch":3,"minecraft:diorite":1,"minecraft:birch_log":19,"minecraft:spruce_log":149,"minecraft:birch_leaves":11,"minecraft:coal_ore":103,"minecraft:oak_log":40,"minecraft:gravel":16,"minecraft:sand":38,"minecraft:dirt":1,"minecraft:cobweb":1,"minecraft:netherrack":72,"minecraft:gold_ore":2,"minecraft:mossy_stone_bricks":1,"minecraft:oak_leaves":15},"minecraft:crafted":{"minecraft:oak_door":3,"minecraft:oak_planks":132,"minecraft:barrel":4,"minecraft:oak_sign":6,"minecraft:furnace":6,"minecraft:bone_meal":15,"minecraft:glass":38,"minecraft:iron_boots":1,"minecraft:iron_axe":3,"minecraft:ladder":48,"minecraft:spruce_slab":36,"minecraft:stone_pickaxe":1,"minecraft:spruce_boat":2,"minecraft:stone_hoe":1,"minecraft:oak_slab":24,"minecraft:crafting_table":8,"minecraft:spruce_planks":156,"minecraft:wooden_pickaxe":1,"minecraft:iron_helmet":1,"minecraft:iron_sword":1,"minecraft:spruce_door":3,"minecraft:blue_bed":1,"minecraft:copper_ingot":27,"minecraft:bucket":1,"minecraft:birch_planks":76,"minecraft:campfire":4,"minecraft:stone_axe":1,"minecraft:air":0,"minecraft:blue_dye":1,"minecraft:spruce_trapdoor":2,"minecraft:white_wool":6,"minecraft:iron_chestplate":1,"minecraft:gold_nugget":9,"minecraft:golden_leggings":1,"minecraft:shield":2,"minecraft:stick":176,"minecraft:iron_ingot":35,"minecraft:iron_pickaxe":6,"minecraft:stone_sword":1,"minecraft:iron_shovel":1,"minecraft:white_bed":2,"minecraft:torch":148,"minecraft:shears":1},"minecraft:killed":{"minecraft:spider":1,"minecraft:skeleton":7,"minecraft:drowned":3,"minecraft:magma_cube":35,"minecraft:zombie":3,"minecraft:ghast":1,"minecraft:wither_skeleton":7,"minecraft:blaze":18,"minecraft:enderman":1},"minecraft:used":{"minecraft:stone_sword":93,"minecraft:iron_shovel":79,"minecraft:flint_and_steel":1,"minecraft:spruce_slab":29,"minecraft:ladder":52,"minecraft:oak_sign":6,"minecraft:chest":2,"minecraft:spruce_planks":27,"minecraft:shield":32,"minecraft:iron_sword":45,"minecraft:cooked_salmon":3,"minecraft:stone_hoe":59,"minecraft:netherrack":89,"minecraft:oak_door":1,"minecraft:spruce_leaves":66,"minecraft:torch":154,"minecraft:dirt":24,"minecraft:spyglass":36,"minecraft:nether_bricks":6,"minecraft:carrot":95,"minecraft:granite":1,"minecraft:spruce_boat":3,"minecraft:glass":38,"minecraft:iron_axe":356,"minecraft:iron_boots":1,"minecraft:barrel":5,"minecraft:basalt":119,"minecraft:furnace":10,"minecraft:oak_sapling":1,"minecraft:cooked_cod":5,"minecraft:spruce_door":1,"minecraft:birch_planks":6,"minecraft:stone_pickaxe":25,"minecraft:oak_planks":59,"minecraft:blackstone":2,"minecraft:wooden_pickaxe":21,"minecraft:brown_mushroom":1,"minecraft:blue_bed":1,"minecraft:oak_slab":8,"minecraft:crafting_table":17,"minecraft:campfire":4,"minecraft:white_bed":1,"minecraft:shears":80,"minecraft:spruce_log":63,"minecraft:apple":4,"minecraft:iron_pickaxe":823,"minecraft:spruce_trapdoor":2,"minecraft:spruce_sapling":16,"minecraft:golden_leggings":1,"minecraft:stone_axe":54,"minecraft:cobblestone":135,"minecraft:bucket":1,"minecraft:bone_meal":17},"minecraft:dropped":{"minecraft:enchanted_book":1,"minecraft:stone_hoe":1,"minecraft:iron_sword":1,"minecraft:soul_sand":12,"minecraft:lapis_lazuli":12,"minecraft:cooked_beef":8,"minecraft:oak_log":7,"minecraft:ender_pearl":1,"minecraft:golden_horse_armor":1,"minecraft:crafting_table":1,"minecraft:cooked_porkchop":5,"minecraft:iron_helmet":1,"minecraft:cobblestone":29,"minecraft:chest_minecart":1,"minecraft:activator_rail":6,"minecraft:coal":45,"minecraft:diorite":1,"minecraft:iron_leggings":1,"minecraft:gold_nugget":9,"minecraft:iron_pickaxe":2,"minecraft:paper":24,"minecraft:gold_ingot":3,"minecraft:bone":7,"minecraft:oak_door":2,"minecraft:gravel":7,"minecraft:stone_axe":1,"minecraft:blackstone":4,"minecraft:soul_soil":29,"minecraft:nether_wart":6,"minecraft:stone_sword":2,"minecraft:wheat":11,"minecraft:birch_sapling":3,"minecraft:rotten_flesh":6,"minecraft:iron_boots":1,"minecraft:cooked_mutton":4,"minecraft:oak_sign":1,"minecraft:carrot":7,"minecraft:filled_map":1,"minecraft:leather_chestplate":2,"minecraft:deepslate_tiles":1,"minecraft:spruce_boat":1,"minecraft:shield":3,"minecraft:spruce_planks":1,"minecraft:diamond_pickaxe":1,"minecraft:iron_chestplate":1,"minecraft:golden_leggings":1,"minecraft:mossy_stone_bricks":1,"minecraft:oak_sapling":3,"minecraft:basalt":11,"minecraft:bow":1,"minecraft:wooden_pickaxe":1,"minecraft:arrow":7,"minecraft:stone_pickaxe":1,"minecraft:raw_gold":2,"minecraft:magma_cream":4,"minecraft:magma_block":1,"minecraft:quartz":8},"minecraft:custom":{"minecraft:mob_kills":77,"minecraft:interact_with_crafting_table":41,"minecraft:open_barrel":34,"minecraft:leave_game":6,"minecraft:time_since_death":280325,"minecraft:climb_one_cm":20632,"minecraft:sprint_one_cm":621479,"minecraft:walk_one_cm":694014,"minecraft:damage_blocked_by_shield":1488,"minecraft:drop":96,"minecraft:play_time":280325,"minecraft:sneak_time":44133,"minecraft:walk_under_water_one_cm":24591,"minecraft:boat_one_cm":626612,"minecraft:jump":2677,"minecraft:walk_on_water_one_cm":7243,"minecraft:total_world_time":280325,"minecraft:interact_with_furnace":42,"minecraft:sleep_in_bed":3,"minecraft:time_since_rest":119292,"minecraft:damage_taken":2010,"minecraft:damage_dealt":9197,"minecraft:player_kills":1,"minecraft:swim_one_cm":58754,"minecraft:fly_one_cm":241382,"minecraft:open_chest":66,"minecraft:crouch_one_cm":149489,"minecraft:fall_one_cm":45204},"minecraft:picked_up":{"minecraft:spruce_leaves":88,"minecraft:charcoal":8,"minecraft:crafting_table":12,"minecraft:iron_chestplate":1,"minecraft:wheat":11,"minecraft:nether_wart":3,"minecraft:ladder":13,"minecraft:chest_minecart":1,"minecraft:brown_mushroom":1,"minecraft:oak_stairs":4,"minecraft:enchanted_book":1,"minecraft:shield":2,"minecraft:raw_copper":27,"minecraft:soul_soil":29,"minecraft:flint_and_steel":1,"minecraft:iron_leggings":1,"minecraft:blackstone":28,"minecraft:oak_sign":4,"minecraft:deepslate_tiles":1,"minecraft:spruce_planks":27,"minecraft:iron_nugget":14,"minecraft:iron_pickaxe":1,"minecraft:spruce_slab":32,"minecraft:chest":2,"minecraft:birch_sapling":6,"minecraft:spruce_trapdoor":1,"minecraft:phantom_membrane":1,"minecraft:iron_boots":1,"minecraft:furnace":10,"minecraft:stick":33,"minecraft:raw_iron":86,"minecraft:copper_ingot":27,"minecraft:torch":6,"minecraft:diorite":1,"minecraft:carrot":150,"minecraft:tnt":2,"minecraft:stone_sword":1,"minecraft:arrow":8,"minecraft:cooked_cod":3,"minecraft:rotten_flesh":6,"minecraft:shears":1,"minecraft:nether_bricks":6,"minecraft:gold_ingot":4,"minecraft:blaze_rod":8,"minecraft:rail":283,"minecraft:cobblestone":222,"minecraft:birch_log":52,"minecraft:magma_block":1,"minecraft:leather_chestplate":1,"minecraft:basalt":213,"minecraft:feather":1,"minecraft:cooked_beef":8,"minecraft:magma_cream":4,"minecraft:water_bucket":1,"minecraft:golden_leggings":1,"minecraft:flint":1,"minecraft:oak_log":40,"minecraft:blue_bed":1,"minecraft:lapis_lazuli":192,"minecraft:dirt":24,"minecraft:paper":24,"minecraft:cooked_mutton":4,"minecraft:bone":20,"minecraft:apple":1,"minecraft:bow":1,"minecraft:raw_gold":2,"minecraft:iron_ingot":9,"minecraft:mossy_stone_bricks":1,"minecraft:oak_planks":8,"minecraft:iron_sword":1,"minecraft:soul_sand":12,"minecraft:oak_slab":20,"minecraft:pumpkin":10,"minecraft:cooked_porkchop":5,"minecraft:quartz":8,"minecraft:spruce_door":3,"minecraft:gravel":15,"minecraft:sand":38,"minecraft:stripped_spruce_log":1,"minecraft:spruce_sapling":38,"minecraft:spruce_log":201,"minecraft:barrel":4,"minecraft:spider_eye":2,"minecraft:spruce_boat":2,"minecraft:iron_helmet":1,"minecraft:granite":2,"minecraft:oak_sapling":5,"minecraft:netherrack":129,"minecraft:coal":208,"minecraft:oak_leaves":3,"minecraft:ender_pearl":1,"minecraft:diamond_pickaxe":1}},"DataVersion":3839}