[{"login":"TheBusyBiscuit","id":3967898,"node_id":"MDQ6VXNlcjM5Njc4OTg=","avatar_url":"https://avatars.githubusercontent.com/u/3967898?v=4","gravatar_id":"","url":"https://api.github.com/users/TheBusyBiscuit","html_url":"https://github.com/TheBusyBiscuit","followers_url":"https://api.github.com/users/TheBusyBiscuit/followers","following_url":"https://api.github.com/users/TheBusyBiscuit/following{/other_user}","gists_url":"https://api.github.com/users/TheBusyBiscuit/gists{/gist_id}","starred_url":"https://api.github.com/users/TheBusyBiscuit/starred{/owner}{/repo}","subscriptions_url":"https://api.github.com/users/TheBusyBiscuit/subscriptions","organizations_url":"https://api.github.com/users/TheBusyBiscuit/orgs","repos_url":"https://api.github.com/users/TheBusyBiscuit/repos","events_url":"https://api.github.com/users/TheBusyBiscuit/events{/privacy}","received_events_url":"https://api.github.com/users/TheBusyBiscuit/received_events","type":"User","site_admin":false,"contributions":314},{"login":"pentabulge","id":19417929,"node_id":"MDQ6VXNlcjE5NDE3OTI5","avatar_url":"https://avatars.githubusercontent.com/u/19417929?v=4","gravatar_id":"","url":"https://api.github.com/users/pentabulge","html_url":"https://github.com/pentabulge","followers_url":"https://api.github.com/users/pentabulge/followers","following_url":"https://api.github.com/users/pentabulge/following{/other_user}","gists_url":"https://api.github.com/users/pentabulge/gists{/gist_id}","starred_url":"https://api.github.com/users/pentabulge/starred{/owner}{/repo}","subscriptions_url":"https://api.github.com/users/pentabulge/subscriptions","organizations_url":"https://api.github.com/users/pentabulge/orgs","repos_url":"https://api.github.com/users/pentabulge/repos","events_url":"https://api.github.com/users/pentabulge/events{/privacy}","received_events_url":"https://api.github.com/users/pentabulge/received_events","type":"User","site_admin":false,"contributions":40},{"login":"renovate[bot]","id":29139614,"node_id":"MDM6Qm90MjkxMzk2MTQ=","avatar_url":"https://avatars.githubusercontent.com/in/2740?v=4","gravatar_id":"","url":"https://api.github.com/users/renovate%5Bbot%5D","html_url":"https://github.com/apps/renovate","followers_url":"https://api.github.com/users/renovate%5Bbot%5D/followers","following_url":"https://api.github.com/users/renovate%5Bbot%5D/following{/other_user}","gists_url":"https://api.github.com/users/renovate%5Bbot%5D/gists{/gist_id}","starred_url":"https://api.github.com/users/renovate%5Bbot%5D/starred{/owner}{/repo}","subscriptions_url":"https://api.github.com/users/renovate%5Bbot%5D/subscriptions","organizations_url":"https://api.github.com/users/renovate%5Bbot%5D/orgs","repos_url":"https://api.github.com/users/renovate%5Bbot%5D/repos","events_url":"https://api.github.com/users/renovate%5Bbot%5D/events{/privacy}","received_events_url":"https://api.github.com/users/renovate%5Bbot%5D/received_events","type":"Bot","site_admin":false,"contributions":31},{"login":"svr333","id":35664724,"node_id":"MDQ6VXNlcjM1NjY0NzI0","avatar_url":"https://avatars.githubusercontent.com/u/35664724?v=4","gravatar_id":"","url":"https://api.github.com/users/svr333","html_url":"https://github.com/svr333","followers_url":"https://api.github.com/users/svr333/followers","following_url":"https://api.github.com/users/svr333/following{/other_user}","gists_url":"https://api.github.com/users/svr333/gists{/gist_id}","starred_url":"https://api.github.com/users/svr333/starred{/owner}{/repo}","subscriptions_url":"https://api.github.com/users/svr333/subscriptions","organizations_url":"https://api.github.com/users/svr333/orgs","repos_url":"https://api.github.com/users/svr333/repos","events_url":"https://api.github.com/users/svr333/events{/privacy}","received_events_url":"https://api.github.com/users/svr333/received_events","type":"User","site_admin":false,"contributions":28},{"login":"Phoenix-Starlight","id":64714532,"node_id":"MDQ6VXNlcjY0NzE0NTMy","avatar_url":"https://avatars.githubusercontent.com/u/64714532?v=4","gravatar_id":"","url":"https://api.github.com/users/Phoenix-Starlight","html_url":"https://github.com/Phoenix-Starlight","followers_url":"https://api.github.com/users/Phoenix-Starlight/followers","following_url":"https://api.github.com/users/Phoenix-Starlight/following{/other_user}","gists_url":"https://api.github.com/users/Phoenix-Starlight/gists{/gist_id}","starred_url":"https://api.github.com/users/Phoenix-Starlight/starred{/owner}{/repo}","subscriptions_url":"https://api.github.com/users/Phoenix-Starlight/subscriptions","organizations_url":"https://api.github.com/users/Phoenix-Starlight/orgs","repos_url":"https://api.github.com/users/Phoenix-Starlight/repos","events_url":"https://api.github.com/users/Phoenix-Starlight/events{/privacy}","received_events_url":"https://api.github.com/users/Phoenix-Starlight/received_events","type":"User","site_admin":false,"contributions":12},{"login":"Sefiraat","id":20646323,"node_id":"MDQ6VXNlcjIwNjQ2MzIz","avatar_url":"https://avatars.githubusercontent.com/u/20646323?v=4","gravatar_id":"","url":"https://api.github.com/users/Sefiraat","html_url":"https://github.com/Sefiraat","followers_url":"https://api.github.com/users/Sefiraat/followers","following_url":"https://api.github.com/users/Sefiraat/following{/other_user}","gists_url":"https://api.github.com/users/Sefiraat/gists{/gist_id}","starred_url":"https://api.github.com/users/Sefiraat/starred{/owner}{/repo}","subscriptions_url":"https://api.github.com/users/Sefiraat/subscriptions","organizations_url":"https://api.github.com/users/Sefiraat/orgs","repos_url":"https://api.github.com/users/Sefiraat/repos","events_url":"https://api.github.com/users/Sefiraat/events{/privacy}","received_events_url":"https://api.github.com/users/Sefiraat/received_events","type":"User","site_admin":false,"contributions":12},{"login":"imgbot[bot]","id":31301654,"node_id":"MDM6Qm90MzEzMDE2NTQ=","avatar_url":"https://avatars.githubusercontent.com/in/4706?v=4","gravatar_id":"","url":"https://api.github.com/users/imgbot%5Bbot%5D","html_url":"https://github.com/apps/imgbot","followers_url":"https://api.github.com/users/imgbot%5Bbot%5D/followers","following_url":"https://api.github.com/users/imgbot%5Bbot%5D/following{/other_user}","gists_url":"https://api.github.com/users/imgbot%5Bbot%5D/gists{/gist_id}","starred_url":"https://api.github.com/users/imgbot%5Bbot%5D/starred{/owner}{/repo}","subscriptions_url":"https://api.github.com/users/imgbot%5Bbot%5D/subscriptions","organizations_url":"https://api.github.com/users/imgbot%5Bbot%5D/orgs","repos_url":"https://api.github.com/users/imgbot%5Bbot%5D/repos","events_url":"https://api.github.com/users/imgbot%5Bbot%5D/events{/privacy}","received_events_url":"https://api.github.com/users/imgbot%5Bbot%5D/received_events","type":"Bot","site_admin":false,"contributions":10},{"login":"WalshyDev","id":8492901,"node_id":"MDQ6VXNlcjg0OTI5MDE=","avatar_url":"https://avatars.githubusercontent.com/u/8492901?v=4","gravatar_id":"","url":"https://api.github.com/users/WalshyDev","html_url":"https://github.com/WalshyDev","followers_url":"https://api.github.com/users/WalshyDev/followers","following_url":"https://api.github.com/users/WalshyDev/following{/other_user}","gists_url":"https://api.github.com/users/WalshyDev/gists{/gist_id}","starred_url":"https://api.github.com/users/WalshyDev/starred{/owner}{/repo}","subscriptions_url":"https://api.github.com/users/WalshyDev/subscriptions","organizations_url":"https://api.github.com/users/WalshyDev/orgs","repos_url":"https://api.github.com/users/WalshyDev/repos","events_url":"https://api.github.com/users/WalshyDev/events{/privacy}","received_events_url":"https://api.github.com/users/WalshyDev/received_events","type":"User","site_admin":false,"contributions":7},{"login":"ImgBotApp","id":31427850,"node_id":"MDQ6VXNlcjMxNDI3ODUw","avatar_url":"https://avatars.githubusercontent.com/u/31427850?v=4","gravatar_id":"","url":"https://api.github.com/users/ImgBotApp","html_url":"https://github.com/ImgBotApp","followers_url":"https://api.github.com/users/ImgBotApp/followers","following_url":"https://api.github.com/users/ImgBotApp/following{/other_user}","gists_url":"https://api.github.com/users/ImgBotApp/gists{/gist_id}","starred_url":"https://api.github.com/users/ImgBotApp/starred{/owner}{/repo}","subscriptions_url":"https://api.github.com/users/ImgBotApp/subscriptions","organizations_url":"https://api.github.com/users/ImgBotApp/orgs","repos_url":"https://api.github.com/users/ImgBotApp/repos","events_url":"https://api.github.com/users/ImgBotApp/events{/privacy}","received_events_url":"https://api.github.com/users/ImgBotApp/received_events","type":"User","site_admin":false,"contributions":7},{"login":"ybw0014","id":7105953,"node_id":"MDQ6VXNlcjcxMDU5NTM=","avatar_url":"https://avatars.githubusercontent.com/u/7105953?v=4","gravatar_id":"","url":"https://api.github.com/users/ybw0014","html_url":"https://github.com/ybw0014","followers_url":"https://api.github.com/users/ybw0014/followers","following_url":"https://api.github.com/users/ybw0014/following{/other_user}","gists_url":"https://api.github.com/users/ybw0014/gists{/gist_id}","starred_url":"https://api.github.com/users/ybw0014/starred{/owner}{/repo}","subscriptions_url":"https://api.github.com/users/ybw0014/subscriptions","organizations_url":"https://api.github.com/users/ybw0014/orgs","repos_url":"https://api.github.com/users/ybw0014/repos","events_url":"https://api.github.com/users/ybw0014/events{/privacy}","received_events_url":"https://api.github.com/users/ybw0014/received_events","type":"User","site_admin":false,"contributions":7},{"login":"NCBPFluffyBear","id":31554056,"node_id":"MDQ6VXNlcjMxNTU0MDU2","avatar_url":"https://avatars.githubusercontent.com/u/31554056?v=4","gravatar_id":"","url":"https://api.github.com/users/NCBPFluffyBear","html_url":"https://github.com/NCBPFluffyBear","followers_url":"https://api.github.com/users/NCBPFluffyBear/followers","following_url":"https://api.github.com/users/NCBPFluffyBear/following{/other_user}","gists_url":"https://api.github.com/users/NCBPFluffyBear/gists{/gist_id}","starred_url":"https://api.github.com/users/NCBPFluffyBear/starred{/owner}{/repo}","subscriptions_url":"https://api.github.com/users/NCBPFluffyBear/subscriptions","organizations_url":"https://api.github.com/users/NCBPFluffyBear/orgs","repos_url":"https://api.github.com/users/NCBPFluffyBear/repos","events_url":"https://api.github.com/users/NCBPFluffyBear/events{/privacy}","received_events_url":"https://api.github.com/users/NCBPFluffyBear/received_events","type":"User","site_admin":false,"contributions":5},{"login":"char3210","id":45241413,"node_id":"MDQ6VXNlcjQ1MjQxNDEz","avatar_url":"https://avatars.githubusercontent.com/u/45241413?v=4","gravatar_id":"","url":"https://api.github.com/users/char3210","html_url":"https://github.com/char3210","followers_url":"https://api.github.com/users/char3210/followers","following_url":"https://api.github.com/users/char3210/following{/other_user}","gists_url":"https://api.github.com/users/char3210/gists{/gist_id}","starred_url":"https://api.github.com/users/char3210/starred{/owner}{/repo}","subscriptions_url":"https://api.github.com/users/char3210/subscriptions","organizations_url":"https://api.github.com/users/char3210/orgs","repos_url":"https://api.github.com/users/char3210/repos","events_url":"https://api.github.com/users/char3210/events{/privacy}","received_events_url":"https://api.github.com/users/char3210/received_events","type":"User","site_admin":false,"contributions":5},{"login":"FN-FAL113","id":88238718,"node_id":"MDQ6VXNlcjg4MjM4NzE4","avatar_url":"https://avatars.githubusercontent.com/u/88238718?v=4","gravatar_id":"","url":"https://api.github.com/users/FN-FAL113","html_url":"https://github.com/FN-FAL113","followers_url":"https://api.github.com/users/FN-FAL113/followers","following_url":"https://api.github.com/users/FN-FAL113/following{/other_user}","gists_url":"https://api.github.com/users/FN-FAL113/gists{/gist_id}","starred_url":"https://api.github.com/users/FN-FAL113/starred{/owner}{/repo}","subscriptions_url":"https://api.github.com/users/FN-FAL113/subscriptions","organizations_url":"https://api.github.com/users/FN-FAL113/orgs","repos_url":"https://api.github.com/users/FN-FAL113/repos","events_url":"https://api.github.com/users/FN-FAL113/events{/privacy}","received_events_url":"https://api.github.com/users/FN-FAL113/received_events","type":"User","site_admin":false,"contributions":5},{"login":"Seggan","id":49963543,"node_id":"MDQ6VXNlcjQ5OTYzNTQz","avatar_url":"https://avatars.githubusercontent.com/u/49963543?v=4","gravatar_id":"","url":"https://api.github.com/users/Seggan","html_url":"https://github.com/Seggan","followers_url":"https://api.github.com/users/Seggan/followers","following_url":"https://api.github.com/users/Seggan/following{/other_user}","gists_url":"https://api.github.com/users/Seggan/gists{/gist_id}","starred_url":"https://api.github.com/users/Seggan/starred{/owner}{/repo}","subscriptions_url":"https://api.github.com/users/Seggan/subscriptions","organizations_url":"https://api.github.com/users/Seggan/orgs","repos_url":"https://api.github.com/users/Seggan/repos","events_url":"https://api.github.com/users/Seggan/events{/privacy}","received_events_url":"https://api.github.com/users/Seggan/received_events","type":"User","site_admin":false,"contributions":4},{"login":"taydeo","id":18338009,"node_id":"MDQ6VXNlcjE4MzM4MDA5","avatar_url":"https://avatars.githubusercontent.com/u/18338009?v=4","gravatar_id":"","url":"https://api.github.com/users/taydeo","html_url":"https://github.com/taydeo","followers_url":"https://api.github.com/users/taydeo/followers","following_url":"https://api.github.com/users/taydeo/following{/other_user}","gists_url":"https://api.github.com/users/taydeo/gists{/gist_id}","starred_url":"https://api.github.com/users/taydeo/starred{/owner}{/repo}","subscriptions_url":"https://api.github.com/users/taydeo/subscriptions","organizations_url":"https://api.github.com/users/taydeo/orgs","repos_url":"https://api.github.com/users/taydeo/repos","events_url":"https://api.github.com/users/taydeo/events{/privacy}","received_events_url":"https://api.github.com/users/taydeo/received_events","type":"User","site_admin":false,"contributions":4},{"login":"Sfiguz7","id":37039432,"node_id":"MDQ6VXNlcjM3MDM5NDMy","avatar_url":"https://avatars.githubusercontent.com/u/37039432?v=4","gravatar_id":"","url":"https://api.github.com/users/Sfiguz7","html_url":"https://github.com/Sfiguz7","followers_url":"https://api.github.com/users/Sfiguz7/followers","following_url":"https://api.github.com/users/Sfiguz7/following{/other_user}","gists_url":"https://api.github.com/users/Sfiguz7/gists{/gist_id}","starred_url":"https://api.github.com/users/Sfiguz7/starred{/owner}{/repo}","subscriptions_url":"https://api.github.com/users/Sfiguz7/subscriptions","organizations_url":"https://api.github.com/users/Sfiguz7/orgs","repos_url":"https://api.github.com/users/Sfiguz7/repos","events_url":"https://api.github.com/users/Sfiguz7/events{/privacy}","received_events_url":"https://api.github.com/users/Sfiguz7/received_events","type":"User","site_admin":false,"contributions":4},{"login":"JasperChaseTOQ","id":103849596,"node_id":"U_kgDOBjCefA","avatar_url":"https://avatars.githubusercontent.com/u/103849596?v=4","gravatar_id":"","url":"https://api.github.com/users/JasperChaseTOQ","html_url":"https://github.com/JasperChaseTOQ","followers_url":"https://api.github.com/users/JasperChaseTOQ/followers","following_url":"https://api.github.com/users/JasperChaseTOQ/following{/other_user}","gists_url":"https://api.github.com/users/JasperChaseTOQ/gists{/gist_id}","starred_url":"https://api.github.com/users/JasperChaseTOQ/starred{/owner}{/repo}","subscriptions_url":"https://api.github.com/users/JasperChaseTOQ/subscriptions","organizations_url":"https://api.github.com/users/JasperChaseTOQ/orgs","repos_url":"https://api.github.com/users/JasperChaseTOQ/repos","events_url":"https://api.github.com/users/JasperChaseTOQ/events{/privacy}","received_events_url":"https://api.github.com/users/JasperChaseTOQ/received_events","type":"User","site_admin":false,"contributions":4},{"login":"CAPS123987","id":87692752,"node_id":"MDQ6VXNlcjg3NjkyNzUy","avatar_url":"https://avatars.githubusercontent.com/u/87692752?v=4","gravatar_id":"","url":"https://api.github.com/users/CAPS123987","html_url":"https://github.com/CAPS123987","followers_url":"https://api.github.com/users/CAPS123987/followers","following_url":"https://api.github.com/users/CAPS123987/following{/other_user}","gists_url":"https://api.github.com/users/CAPS123987/gists{/gist_id}","starred_url":"https://api.github.com/users/CAPS123987/starred{/owner}{/repo}","subscriptions_url":"https://api.github.com/users/CAPS123987/subscriptions","organizations_url":"https://api.github.com/users/CAPS123987/orgs","repos_url":"https://api.github.com/users/CAPS123987/repos","events_url":"https://api.github.com/users/CAPS123987/events{/privacy}","received_events_url":"https://api.github.com/users/CAPS123987/received_events","type":"User","site_admin":false,"contributions":3},{"login":"GallowsDove","id":71831019,"node_id":"MDQ6VXNlcjcxODMxMDE5","avatar_url":"https://avatars.githubusercontent.com/u/71831019?v=4","gravatar_id":"","url":"https://api.github.com/users/GallowsDove","html_url":"https://github.com/GallowsDove","followers_url":"https://api.github.com/users/GallowsDove/followers","following_url":"https://api.github.com/users/GallowsDove/following{/other_user}","gists_url":"https://api.github.com/users/GallowsDove/gists{/gist_id}","starred_url":"https://api.github.com/users/GallowsDove/starred{/owner}{/repo}","subscriptions_url":"https://api.github.com/users/GallowsDove/subscriptions","organizations_url":"https://api.github.com/users/GallowsDove/orgs","repos_url":"https://api.github.com/users/GallowsDove/repos","events_url":"https://api.github.com/users/GallowsDove/events{/privacy}","received_events_url":"https://api.github.com/users/GallowsDove/received_events","type":"User","site_admin":false,"contributions":3},{"login":"LinoxGH","id":54643600,"node_id":"MDQ6VXNlcjU0NjQzNjAw","avatar_url":"https://avatars.githubusercontent.com/u/54643600?v=4","gravatar_id":"","url":"https://api.github.com/users/LinoxGH","html_url":"https://github.com/LinoxGH","followers_url":"https://api.github.com/users/LinoxGH/followers","following_url":"https://api.github.com/users/LinoxGH/following{/other_user}","gists_url":"https://api.github.com/users/LinoxGH/gists{/gist_id}","starred_url":"https://api.github.com/users/LinoxGH/starred{/owner}{/repo}","subscriptions_url":"https://api.github.com/users/LinoxGH/subscriptions","organizations_url":"https://api.github.com/users/LinoxGH/orgs","repos_url":"https://api.github.com/users/LinoxGH/repos","events_url":"https://api.github.com/users/LinoxGH/events{/privacy}","received_events_url":"https://api.github.com/users/LinoxGH/received_events","type":"User","site_admin":false,"contributions":3},{"login":"SchnTgaiSpock","id":101147426,"node_id":"U_kgDOBgdjIg","avatar_url":"https://avatars.githubusercontent.com/u/101147426?v=4","gravatar_id":"","url":"https://api.github.com/users/SchnTgaiSpock","html_url":"https://github.com/SchnTgaiSpock","followers_url":"https://api.github.com/users/SchnTgaiSpock/followers","following_url":"https://api.github.com/users/SchnTgaiSpock/following{/other_user}","gists_url":"https://api.github.com/users/SchnTgaiSpock/gists{/gist_id}","starred_url":"https://api.github.com/users/SchnTgaiSpock/starred{/owner}{/repo}","subscriptions_url":"https://api.github.com/users/SchnTgaiSpock/subscriptions","organizations_url":"https://api.github.com/users/SchnTgaiSpock/orgs","repos_url":"https://api.github.com/users/SchnTgaiSpock/repos","events_url":"https://api.github.com/users/SchnTgaiSpock/events{/privacy}","received_events_url":"https://api.github.com/users/SchnTgaiSpock/received_events","type":"User","site_admin":false,"contributions":3},{"login":"siaynoq","id":127255,"node_id":"MDQ6VXNlcjEyNzI1NQ==","avatar_url":"https://avatars.githubusercontent.com/u/127255?v=4","gravatar_id":"","url":"https://api.github.com/users/siaynoq","html_url":"https://github.com/siaynoq","followers_url":"https://api.github.com/users/siaynoq/followers","following_url":"https://api.github.com/users/siaynoq/following{/other_user}","gists_url":"https://api.github.com/users/siaynoq/gists{/gist_id}","starred_url":"https://api.github.com/users/siaynoq/starred{/owner}{/repo}","subscriptions_url":"https://api.github.com/users/siaynoq/subscriptions","organizations_url":"https://api.github.com/users/siaynoq/orgs","repos_url":"https://api.github.com/users/siaynoq/repos","events_url":"https://api.github.com/users/siaynoq/events{/privacy}","received_events_url":"https://api.github.com/users/siaynoq/received_events","type":"User","site_admin":false,"contributions":3},{"login":"variananora","id":34732414,"node_id":"MDQ6VXNlcjM0NzMyNDE0","avatar_url":"https://avatars.githubusercontent.com/u/34732414?v=4","gravatar_id":"","url":"https://api.github.com/users/variananora","html_url":"https://github.com/variananora","followers_url":"https://api.github.com/users/variananora/followers","following_url":"https://api.github.com/users/variananora/following{/other_user}","gists_url":"https://api.github.com/users/variananora/gists{/gist_id}","starred_url":"https://api.github.com/users/variananora/starred{/owner}{/repo}","subscriptions_url":"https://api.github.com/users/variananora/subscriptions","organizations_url":"https://api.github.com/users/variananora/orgs","repos_url":"https://api.github.com/users/variananora/repos","events_url":"https://api.github.com/users/variananora/events{/privacy}","received_events_url":"https://api.github.com/users/variananora/received_events","type":"User","site_admin":false,"contributions":3},{"login":"Mooy1","id":69326411,"node_id":"MDQ6VXNlcjY5MzI2NDEx","avatar_url":"https://avatars.githubusercontent.com/u/69326411?v=4","gravatar_id":"","url":"https://api.github.com/users/Mooy1","html_url":"https://github.com/Mooy1","followers_url":"https://api.github.com/users/Mooy1/followers","following_url":"https://api.github.com/users/Mooy1/following{/other_user}","gists_url":"https://api.github.com/users/Mooy1/gists{/gist_id}","starred_url":"https://api.github.com/users/Mooy1/starred{/owner}{/repo}","subscriptions_url":"https://api.github.com/users/Mooy1/subscriptions","organizations_url":"https://api.github.com/users/Mooy1/orgs","repos_url":"https://api.github.com/users/Mooy1/repos","events_url":"https://api.github.com/users/Mooy1/events{/privacy}","received_events_url":"https://api.github.com/users/Mooy1/received_events","type":"User","site_admin":false,"contributions":2},{"login":"smyaknti","id":13618933,"node_id":"MDQ6VXNlcjEzNjE4OTMz","avatar_url":"https://avatars.githubusercontent.com/u/13618933?v=4","gravatar_id":"","url":"https://api.github.com/users/smyaknti","html_url":"https://github.com/smyaknti","followers_url":"https://api.github.com/users/smyaknti/followers","following_url":"https://api.github.com/users/smyaknti/following{/other_user}","gists_url":"https://api.github.com/users/smyaknti/gists{/gist_id}","starred_url":"https://api.github.com/users/smyaknti/starred{/owner}{/repo}","subscriptions_url":"https://api.github.com/users/smyaknti/subscriptions","organizations_url":"https://api.github.com/users/smyaknti/orgs","repos_url":"https://api.github.com/users/smyaknti/repos","events_url":"https://api.github.com/users/smyaknti/events{/privacy}","received_events_url":"https://api.github.com/users/smyaknti/received_events","type":"User","site_admin":false,"contributions":2},{"login":"Apeiros-46B","id":61390942,"node_id":"MDQ6VXNlcjYxMzkwOTQy","avatar_url":"https://avatars.githubusercontent.com/u/61390942?v=4","gravatar_id":"","url":"https://api.github.com/users/Apeiros-46B","html_url":"https://github.com/Apeiros-46B","followers_url":"https://api.github.com/users/Apeiros-46B/followers","following_url":"https://api.github.com/users/Apeiros-46B/following{/other_user}","gists_url":"https://api.github.com/users/Apeiros-46B/gists{/gist_id}","starred_url":"https://api.github.com/users/Apeiros-46B/starred{/owner}{/repo}","subscriptions_url":"https://api.github.com/users/Apeiros-46B/subscriptions","organizations_url":"https://api.github.com/users/Apeiros-46B/orgs","repos_url":"https://api.github.com/users/Apeiros-46B/repos","events_url":"https://api.github.com/users/Apeiros-46B/events{/privacy}","received_events_url":"https://api.github.com/users/Apeiros-46B/received_events","type":"User","site_admin":false,"contributions":2},{"login":"poma123","id":25465545,"node_id":"MDQ6VXNlcjI1NDY1NTQ1","avatar_url":"https://avatars.githubusercontent.com/u/25465545?v=4","gravatar_id":"","url":"https://api.github.com/users/poma123","html_url":"https://github.com/poma123","followers_url":"https://api.github.com/users/poma123/followers","following_url":"https://api.github.com/users/poma123/following{/other_user}","gists_url":"https://api.github.com/users/poma123/gists{/gist_id}","starred_url":"https://api.github.com/users/poma123/starred{/owner}{/repo}","subscriptions_url":"https://api.github.com/users/poma123/subscriptions","organizations_url":"https://api.github.com/users/poma123/orgs","repos_url":"https://api.github.com/users/poma123/repos","events_url":"https://api.github.com/users/poma123/events{/privacy}","received_events_url":"https://api.github.com/users/poma123/received_events","type":"User","site_admin":false,"contributions":2},{"login":"lucasGithuber","id":91435998,"node_id":"MDQ6VXNlcjkxNDM1OTk4","avatar_url":"https://avatars.githubusercontent.com/u/91435998?v=4","gravatar_id":"","url":"https://api.github.com/users/lucasGithuber","html_url":"https://github.com/lucasGithuber","followers_url":"https://api.github.com/users/lucasGithuber/followers","following_url":"https://api.github.com/users/lucasGithuber/following{/other_user}","gists_url":"https://api.github.com/users/lucasGithuber/gists{/gist_id}","starred_url":"https://api.github.com/users/lucasGithuber/starred{/owner}{/repo}","subscriptions_url":"https://api.github.com/users/lucasGithuber/subscriptions","organizations_url":"https://api.github.com/users/lucasGithuber/orgs","repos_url":"https://api.github.com/users/lucasGithuber/repos","events_url":"https://api.github.com/users/lucasGithuber/events{/privacy}","received_events_url":"https://api.github.com/users/lucasGithuber/received_events","type":"User","site_admin":false,"contributions":2},{"login":"Boomer-1","id":75179680,"node_id":"MDQ6VXNlcjc1MTc5Njgw","avatar_url":"https://avatars.githubusercontent.com/u/75179680?v=4","gravatar_id":"","url":"https://api.github.com/users/Boomer-1","html_url":"https://github.com/Boomer-1","followers_url":"https://api.github.com/users/Boomer-1/followers","following_url":"https://api.github.com/users/Boomer-1/following{/other_user}","gists_url":"https://api.github.com/users/Boomer-1/gists{/gist_id}","starred_url":"https://api.github.com/users/Boomer-1/starred{/owner}{/repo}","subscriptions_url":"https://api.github.com/users/Boomer-1/subscriptions","organizations_url":"https://api.github.com/users/Boomer-1/orgs","repos_url":"https://api.github.com/users/Boomer-1/repos","events_url":"https://api.github.com/users/Boomer-1/events{/privacy}","received_events_url":"https://api.github.com/users/Boomer-1/received_events","type":"User","site_admin":false,"contributions":2},{"login":"j-tai","id":45131430,"node_id":"MDQ6VXNlcjQ1MTMxNDMw","avatar_url":"https://avatars.githubusercontent.com/u/45131430?v=4","gravatar_id":"","url":"https://api.github.com/users/j-tai","html_url":"https://github.com/j-tai","followers_url":"https://api.github.com/users/j-tai/followers","following_url":"https://api.github.com/users/j-tai/following{/other_user}","gists_url":"https://api.github.com/users/j-tai/gists{/gist_id}","starred_url":"https://api.github.com/users/j-tai/starred{/owner}{/repo}","subscriptions_url":"https://api.github.com/users/j-tai/subscriptions","organizations_url":"https://api.github.com/users/j-tai/orgs","repos_url":"https://api.github.com/users/j-tai/repos","events_url":"https://api.github.com/users/j-tai/events{/privacy}","received_events_url":"https://api.github.com/users/j-tai/received_events","type":"User","site_admin":false,"contributions":2},{"login":"JustAHuman-xD","id":65748158,"node_id":"MDQ6VXNlcjY1NzQ4MTU4","avatar_url":"https://avatars.githubusercontent.com/u/65748158?v=4","gravatar_id":"","url":"https://api.github.com/users/JustAHuman-xD","html_url":"https://github.com/JustAHuman-xD","followers_url":"https://api.github.com/users/JustAHuman-xD/followers","following_url":"https://api.github.com/users/JustAHuman-xD/following{/other_user}","gists_url":"https://api.github.com/users/JustAHuman-xD/gists{/gist_id}","starred_url":"https://api.github.com/users/JustAHuman-xD/starred{/owner}{/repo}","subscriptions_url":"https://api.github.com/users/JustAHuman-xD/subscriptions","organizations_url":"https://api.github.com/users/JustAHuman-xD/orgs","repos_url":"https://api.github.com/users/JustAHuman-xD/repos","events_url":"https://api.github.com/users/JustAHuman-xD/events{/privacy}","received_events_url":"https://api.github.com/users/JustAHuman-xD/received_events","type":"User","site_admin":false,"contributions":2},{"login":"PhoenixCodingStuff","id":97077949,"node_id":"U_kgDOBclKvQ","avatar_url":"https://avatars.githubusercontent.com/u/97077949?v=4","gravatar_id":"","url":"https://api.github.com/users/PhoenixCodingStuff","html_url":"https://github.com/PhoenixCodingStuff","followers_url":"https://api.github.com/users/PhoenixCodingStuff/followers","following_url":"https://api.github.com/users/PhoenixCodingStuff/following{/other_user}","gists_url":"https://api.github.com/users/PhoenixCodingStuff/gists{/gist_id}","starred_url":"https://api.github.com/users/PhoenixCodingStuff/starred{/owner}{/repo}","subscriptions_url":"https://api.github.com/users/PhoenixCodingStuff/subscriptions","organizations_url":"https://api.github.com/users/PhoenixCodingStuff/orgs","repos_url":"https://api.github.com/users/PhoenixCodingStuff/repos","events_url":"https://api.github.com/users/PhoenixCodingStuff/events{/privacy}","received_events_url":"https://api.github.com/users/PhoenixCodingStuff/received_events","type":"User","site_admin":false,"contributions":2},{"login":"RelativoBR","id":36118424,"node_id":"MDQ6VXNlcjM2MTE4NDI0","avatar_url":"https://avatars.githubusercontent.com/u/36118424?v=4","gravatar_id":"","url":"https://api.github.com/users/RelativoBR","html_url":"https://github.com/RelativoBR","followers_url":"https://api.github.com/users/RelativoBR/followers","following_url":"https://api.github.com/users/RelativoBR/following{/other_user}","gists_url":"https://api.github.com/users/RelativoBR/gists{/gist_id}","starred_url":"https://api.github.com/users/RelativoBR/starred{/owner}{/repo}","subscriptions_url":"https://api.github.com/users/RelativoBR/subscriptions","organizations_url":"https://api.github.com/users/RelativoBR/orgs","repos_url":"https://api.github.com/users/RelativoBR/repos","events_url":"https://api.github.com/users/RelativoBR/events{/privacy}","received_events_url":"https://api.github.com/users/RelativoBR/received_events","type":"User","site_admin":false,"contributions":2},{"login":"lvoz2","id":65639555,"node_id":"MDQ6VXNlcjY1NjM5NTU1","avatar_url":"https://avatars.githubusercontent.com/u/65639555?v=4","gravatar_id":"","url":"https://api.github.com/users/lvoz2","html_url":"https://github.com/lvoz2","followers_url":"https://api.github.com/users/lvoz2/followers","following_url":"https://api.github.com/users/lvoz2/following{/other_user}","gists_url":"https://api.github.com/users/lvoz2/gists{/gist_id}","starred_url":"https://api.github.com/users/lvoz2/starred{/owner}{/repo}","subscriptions_url":"https://api.github.com/users/lvoz2/subscriptions","organizations_url":"https://api.github.com/users/lvoz2/orgs","repos_url":"https://api.github.com/users/lvoz2/repos","events_url":"https://api.github.com/users/lvoz2/events{/privacy}","received_events_url":"https://api.github.com/users/lvoz2/received_events","type":"User","site_admin":false,"contributions":1},{"login":"waleks647","id":78630612,"node_id":"MDQ6VXNlcjc4NjMwNjEy","avatar_url":"https://avatars.githubusercontent.com/u/78630612?v=4","gravatar_id":"","url":"https://api.github.com/users/waleks647","html_url":"https://github.com/waleks647","followers_url":"https://api.github.com/users/waleks647/followers","following_url":"https://api.github.com/users/waleks647/following{/other_user}","gists_url":"https://api.github.com/users/waleks647/gists{/gist_id}","starred_url":"https://api.github.com/users/waleks647/starred{/owner}{/repo}","subscriptions_url":"https://api.github.com/users/waleks647/subscriptions","organizations_url":"https://api.github.com/users/waleks647/orgs","repos_url":"https://api.github.com/users/waleks647/repos","events_url":"https://api.github.com/users/waleks647/events{/privacy}","received_events_url":"https://api.github.com/users/waleks647/received_events","type":"User","site_admin":false,"contributions":1},{"login":"koiboi-dev","id":63368980,"node_id":"MDQ6VXNlcjYzMzY4OTgw","avatar_url":"https://avatars.githubusercontent.com/u/63368980?v=4","gravatar_id":"","url":"https://api.github.com/users/koiboi-dev","html_url":"https://github.com/koiboi-dev","followers_url":"https://api.github.com/users/koiboi-dev/followers","following_url":"https://api.github.com/users/koiboi-dev/following{/other_user}","gists_url":"https://api.github.com/users/koiboi-dev/gists{/gist_id}","starred_url":"https://api.github.com/users/koiboi-dev/starred{/owner}{/repo}","subscriptions_url":"https://api.github.com/users/koiboi-dev/subscriptions","organizations_url":"https://api.github.com/users/koiboi-dev/orgs","repos_url":"https://api.github.com/users/koiboi-dev/repos","events_url":"https://api.github.com/users/koiboi-dev/events{/privacy}","received_events_url":"https://api.github.com/users/koiboi-dev/received_events","type":"User","site_admin":false,"contributions":1},{"login":"hex8F","id":68379779,"node_id":"MDQ6VXNlcjY4Mzc5Nzc5","avatar_url":"https://avatars.githubusercontent.com/u/68379779?v=4","gravatar_id":"","url":"https://api.github.com/users/hex8F","html_url":"https://github.com/hex8F","followers_url":"https://api.github.com/users/hex8F/followers","following_url":"https://api.github.com/users/hex8F/following{/other_user}","gists_url":"https://api.github.com/users/hex8F/gists{/gist_id}","starred_url":"https://api.github.com/users/hex8F/starred{/owner}{/repo}","subscriptions_url":"https://api.github.com/users/hex8F/subscriptions","organizations_url":"https://api.github.com/users/hex8F/orgs","repos_url":"https://api.github.com/users/hex8F/repos","events_url":"https://api.github.com/users/hex8F/events{/privacy}","received_events_url":"https://api.github.com/users/hex8F/received_events","type":"User","site_admin":false,"contributions":1},{"login":"VoperAD","id":92862848,"node_id":"U_kgDOBYj5gA","avatar_url":"https://avatars.githubusercontent.com/u/92862848?v=4","gravatar_id":"","url":"https://api.github.com/users/VoperAD","html_url":"https://github.com/VoperAD","followers_url":"https://api.github.com/users/VoperAD/followers","following_url":"https://api.github.com/users/VoperAD/following{/other_user}","gists_url":"https://api.github.com/users/VoperAD/gists{/gist_id}","starred_url":"https://api.github.com/users/VoperAD/starred{/owner}{/repo}","subscriptions_url":"https://api.github.com/users/VoperAD/subscriptions","organizations_url":"https://api.github.com/users/VoperAD/orgs","repos_url":"https://api.github.com/users/VoperAD/repos","events_url":"https://api.github.com/users/VoperAD/events{/privacy}","received_events_url":"https://api.github.com/users/VoperAD/received_events","type":"User","site_admin":false,"contributions":1},{"login":"Techdude404Gaming","id":25909830,"node_id":"MDQ6VXNlcjI1OTA5ODMw","avatar_url":"https://avatars.githubusercontent.com/u/25909830?v=4","gravatar_id":"","url":"https://api.github.com/users/Techdude404Gaming","html_url":"https://github.com/Techdude404Gaming","followers_url":"https://api.github.com/users/Techdude404Gaming/followers","following_url":"https://api.github.com/users/Techdude404Gaming/following{/other_user}","gists_url":"https://api.github.com/users/Techdude404Gaming/gists{/gist_id}","starred_url":"https://api.github.com/users/Techdude404Gaming/starred{/owner}{/repo}","subscriptions_url":"https://api.github.com/users/Techdude404Gaming/subscriptions","organizations_url":"https://api.github.com/users/Techdude404Gaming/orgs","repos_url":"https://api.github.com/users/Techdude404Gaming/repos","events_url":"https://api.github.com/users/Techdude404Gaming/events{/privacy}","received_events_url":"https://api.github.com/users/Techdude404Gaming/received_events","type":"User","site_admin":false,"contributions":1},{"login":"gw2princeps","id":21026467,"node_id":"MDQ6VXNlcjIxMDI2NDY3","avatar_url":"https://avatars.githubusercontent.com/u/21026467?v=4","gravatar_id":"","url":"https://api.github.com/users/gw2princeps","html_url":"https://github.com/gw2princeps","followers_url":"https://api.github.com/users/gw2princeps/followers","following_url":"https://api.github.com/users/gw2princeps/following{/other_user}","gists_url":"https://api.github.com/users/gw2princeps/gists{/gist_id}","starred_url":"https://api.github.com/users/gw2princeps/starred{/owner}{/repo}","subscriptions_url":"https://api.github.com/users/gw2princeps/subscriptions","organizations_url":"https://api.github.com/users/gw2princeps/orgs","repos_url":"https://api.github.com/users/gw2princeps/repos","events_url":"https://api.github.com/users/gw2princeps/events{/privacy}","received_events_url":"https://api.github.com/users/gw2princeps/received_events","type":"User","site_admin":false,"contributions":1},{"login":"ItsTheSky","id":50667548,"node_id":"MDQ6VXNlcjUwNjY3NTQ4","avatar_url":"https://avatars.githubusercontent.com/u/50667548?v=4","gravatar_id":"","url":"https://api.github.com/users/ItsTheSky","html_url":"https://github.com/ItsTheSky","followers_url":"https://api.github.com/users/ItsTheSky/followers","following_url":"https://api.github.com/users/ItsTheSky/following{/other_user}","gists_url":"https://api.github.com/users/ItsTheSky/gists{/gist_id}","starred_url":"https://api.github.com/users/ItsTheSky/starred{/owner}{/repo}","subscriptions_url":"https://api.github.com/users/ItsTheSky/subscriptions","organizations_url":"https://api.github.com/users/ItsTheSky/orgs","repos_url":"https://api.github.com/users/ItsTheSky/repos","events_url":"https://api.github.com/users/ItsTheSky/events{/privacy}","received_events_url":"https://api.github.com/users/ItsTheSky/received_events","type":"User","site_admin":false,"contributions":1},{"login":"Skizzles","id":30563757,"node_id":"MDQ6VXNlcjMwNTYzNzU3","avatar_url":"https://avatars.githubusercontent.com/u/30563757?v=4","gravatar_id":"","url":"https://api.github.com/users/Skizzles","html_url":"https://github.com/Skizzles","followers_url":"https://api.github.com/users/Skizzles/followers","following_url":"https://api.github.com/users/Skizzles/following{/other_user}","gists_url":"https://api.github.com/users/Skizzles/gists{/gist_id}","starred_url":"https://api.github.com/users/Skizzles/starred{/owner}{/repo}","subscriptions_url":"https://api.github.com/users/Skizzles/subscriptions","organizations_url":"https://api.github.com/users/Skizzles/orgs","repos_url":"https://api.github.com/users/Skizzles/repos","events_url":"https://api.github.com/users/Skizzles/events{/privacy}","received_events_url":"https://api.github.com/users/Skizzles/received_events","type":"User","site_admin":false,"contributions":1},{"login":"ProfElements","id":43350117,"node_id":"MDQ6VXNlcjQzMzUwMTE3","avatar_url":"https://avatars.githubusercontent.com/u/43350117?v=4","gravatar_id":"","url":"https://api.github.com/users/ProfElements","html_url":"https://github.com/ProfElements","followers_url":"https://api.github.com/users/ProfElements/followers","following_url":"https://api.github.com/users/ProfElements/following{/other_user}","gists_url":"https://api.github.com/users/ProfElements/gists{/gist_id}","starred_url":"https://api.github.com/users/ProfElements/starred{/owner}{/repo}","subscriptions_url":"https://api.github.com/users/ProfElements/subscriptions","organizations_url":"https://api.github.com/users/ProfElements/orgs","repos_url":"https://api.github.com/users/ProfElements/repos","events_url":"https://api.github.com/users/ProfElements/events{/privacy}","received_events_url":"https://api.github.com/users/ProfElements/received_events","type":"User","site_admin":false,"contributions":1},{"login":"PranavVerma-droid","id":73458565,"node_id":"MDQ6VXNlcjczNDU4NTY1","avatar_url":"https://avatars.githubusercontent.com/u/73458565?v=4","gravatar_id":"","url":"https://api.github.com/users/PranavVerma-droid","html_url":"https://github.com/PranavVerma-droid","followers_url":"https://api.github.com/users/PranavVerma-droid/followers","following_url":"https://api.github.com/users/PranavVerma-droid/following{/other_user}","gists_url":"https://api.github.com/users/PranavVerma-droid/gists{/gist_id}","starred_url":"https://api.github.com/users/PranavVerma-droid/starred{/owner}{/repo}","subscriptions_url":"https://api.github.com/users/PranavVerma-droid/subscriptions","organizations_url":"https://api.github.com/users/PranavVerma-droid/orgs","repos_url":"https://api.github.com/users/PranavVerma-droid/repos","events_url":"https://api.github.com/users/PranavVerma-droid/events{/privacy}","received_events_url":"https://api.github.com/users/PranavVerma-droid/received_events","type":"User","site_admin":false,"contributions":1},{"login":"mohkamfer","id":12324385,"node_id":"MDQ6VXNlcjEyMzI0Mzg1","avatar_url":"https://avatars.githubusercontent.com/u/12324385?v=4","gravatar_id":"","url":"https://api.github.com/users/mohkamfer","html_url":"https://github.com/mohkamfer","followers_url":"https://api.github.com/users/mohkamfer/followers","following_url":"https://api.github.com/users/mohkamfer/following{/other_user}","gists_url":"https://api.github.com/users/mohkamfer/gists{/gist_id}","starred_url":"https://api.github.com/users/mohkamfer/starred{/owner}{/repo}","subscriptions_url":"https://api.github.com/users/mohkamfer/subscriptions","organizations_url":"https://api.github.com/users/mohkamfer/orgs","repos_url":"https://api.github.com/users/mohkamfer/repos","events_url":"https://api.github.com/users/mohkamfer/events{/privacy}","received_events_url":"https://api.github.com/users/mohkamfer/received_events","type":"User","site_admin":false,"contributions":1},{"login":"priyam1234-spec","id":76897482,"node_id":"MDQ6VXNlcjc2ODk3NDgy","avatar_url":"https://avatars.githubusercontent.com/u/76897482?v=4","gravatar_id":"","url":"https://api.github.com/users/priyam1234-spec","html_url":"https://github.com/priyam1234-spec","followers_url":"https://api.github.com/users/priyam1234-spec/followers","following_url":"https://api.github.com/users/priyam1234-spec/following{/other_user}","gists_url":"https://api.github.com/users/priyam1234-spec/gists{/gist_id}","starred_url":"https://api.github.com/users/priyam1234-spec/starred{/owner}{/repo}","subscriptions_url":"https://api.github.com/users/priyam1234-spec/subscriptions","organizations_url":"https://api.github.com/users/priyam1234-spec/orgs","repos_url":"https://api.github.com/users/priyam1234-spec/repos","events_url":"https://api.github.com/users/priyam1234-spec/events{/privacy}","received_events_url":"https://api.github.com/users/priyam1234-spec/received_events","type":"User","site_admin":false,"contributions":1},{"login":"AtomicKeith","id":30805331,"node_id":"MDQ6VXNlcjMwODA1MzMx","avatar_url":"https://avatars.githubusercontent.com/u/30805331?v=4","gravatar_id":"","url":"https://api.github.com/users/AtomicKeith","html_url":"https://github.com/AtomicKeith","followers_url":"https://api.github.com/users/AtomicKeith/followers","following_url":"https://api.github.com/users/AtomicKeith/following{/other_user}","gists_url":"https://api.github.com/users/AtomicKeith/gists{/gist_id}","starred_url":"https://api.github.com/users/AtomicKeith/starred{/owner}{/repo}","subscriptions_url":"https://api.github.com/users/AtomicKeith/subscriptions","organizations_url":"https://api.github.com/users/AtomicKeith/orgs","repos_url":"https://api.github.com/users/AtomicKeith/repos","events_url":"https://api.github.com/users/AtomicKeith/events{/privacy}","received_events_url":"https://api.github.com/users/AtomicKeith/received_events","type":"User","site_admin":false,"contributions":1},{"login":"kii-chan-reloaded","id":15570802,"node_id":"MDQ6VXNlcjE1NTcwODAy","avatar_url":"https://avatars.githubusercontent.com/u/15570802?v=4","gravatar_id":"","url":"https://api.github.com/users/kii-chan-reloaded","html_url":"https://github.com/kii-chan-reloaded","followers_url":"https://api.github.com/users/kii-chan-reloaded/followers","following_url":"https://api.github.com/users/kii-chan-reloaded/following{/other_user}","gists_url":"https://api.github.com/users/kii-chan-reloaded/gists{/gist_id}","starred_url":"https://api.github.com/users/kii-chan-reloaded/starred{/owner}{/repo}","subscriptions_url":"https://api.github.com/users/kii-chan-reloaded/subscriptions","organizations_url":"https://api.github.com/users/kii-chan-reloaded/orgs","repos_url":"https://api.github.com/users/kii-chan-reloaded/repos","events_url":"https://api.github.com/users/kii-chan-reloaded/events{/privacy}","received_events_url":"https://api.github.com/users/kii-chan-reloaded/received_events","type":"User","site_admin":false,"contributions":1},{"login":"IvanMishin1","id":88932074,"node_id":"MDQ6VXNlcjg4OTMyMDc0","avatar_url":"https://avatars.githubusercontent.com/u/88932074?v=4","gravatar_id":"","url":"https://api.github.com/users/IvanMishin1","html_url":"https://github.com/IvanMishin1","followers_url":"https://api.github.com/users/IvanMishin1/followers","following_url":"https://api.github.com/users/IvanMishin1/following{/other_user}","gists_url":"https://api.github.com/users/IvanMishin1/gists{/gist_id}","starred_url":"https://api.github.com/users/IvanMishin1/starred{/owner}{/repo}","subscriptions_url":"https://api.github.com/users/IvanMishin1/subscriptions","organizations_url":"https://api.github.com/users/IvanMishin1/orgs","repos_url":"https://api.github.com/users/IvanMishin1/repos","events_url":"https://api.github.com/users/IvanMishin1/events{/privacy}","received_events_url":"https://api.github.com/users/IvanMishin1/received_events","type":"User","site_admin":false,"contributions":1},{"login":"LordIdra","id":35176119,"node_id":"MDQ6VXNlcjM1MTc2MTE5","avatar_url":"https://avatars.githubusercontent.com/u/35176119?v=4","gravatar_id":"","url":"https://api.github.com/users/LordIdra","html_url":"https://github.com/LordIdra","followers_url":"https://api.github.com/users/LordIdra/followers","following_url":"https://api.github.com/users/LordIdra/following{/other_user}","gists_url":"https://api.github.com/users/LordIdra/gists{/gist_id}","starred_url":"https://api.github.com/users/LordIdra/starred{/owner}{/repo}","subscriptions_url":"https://api.github.com/users/LordIdra/subscriptions","organizations_url":"https://api.github.com/users/LordIdra/orgs","repos_url":"https://api.github.com/users/LordIdra/repos","events_url":"https://api.github.com/users/LordIdra/events{/privacy}","received_events_url":"https://api.github.com/users/LordIdra/received_events","type":"User","site_admin":false,"contributions":1},{"login":"Hahaa13","id":108379326,"node_id":"U_kgDOBnW8vg","avatar_url":"https://avatars.githubusercontent.com/u/108379326?v=4","gravatar_id":"","url":"https://api.github.com/users/Hahaa13","html_url":"https://github.com/Hahaa13","followers_url":"https://api.github.com/users/Hahaa13/followers","following_url":"https://api.github.com/users/Hahaa13/following{/other_user}","gists_url":"https://api.github.com/users/Hahaa13/gists{/gist_id}","starred_url":"https://api.github.com/users/Hahaa13/starred{/owner}{/repo}","subscriptions_url":"https://api.github.com/users/Hahaa13/subscriptions","organizations_url":"https://api.github.com/users/Hahaa13/orgs","repos_url":"https://api.github.com/users/Hahaa13/repos","events_url":"https://api.github.com/users/Hahaa13/events{/privacy}","received_events_url":"https://api.github.com/users/Hahaa13/received_events","type":"User","site_admin":false,"contributions":1},{"login":"iae-st","id":82239215,"node_id":"MDQ6VXNlcjgyMjM5MjE1","avatar_url":"https://avatars.githubusercontent.com/u/82239215?v=4","gravatar_id":"","url":"https://api.github.com/users/iae-st","html_url":"https://github.com/iae-st","followers_url":"https://api.github.com/users/iae-st/followers","following_url":"https://api.github.com/users/iae-st/following{/other_user}","gists_url":"https://api.github.com/users/iae-st/gists{/gist_id}","starred_url":"https://api.github.com/users/iae-st/starred{/owner}{/repo}","subscriptions_url":"https://api.github.com/users/iae-st/subscriptions","organizations_url":"https://api.github.com/users/iae-st/orgs","repos_url":"https://api.github.com/users/iae-st/repos","events_url":"https://api.github.com/users/iae-st/events{/privacy}","received_events_url":"https://api.github.com/users/iae-st/received_events","type":"User","site_admin":false,"contributions":1},{"login":"EpicPlayerA10","id":62206933,"node_id":"MDQ6VXNlcjYyMjA2OTMz","avatar_url":"https://avatars.githubusercontent.com/u/62206933?v=4","gravatar_id":"","url":"https://api.github.com/users/EpicPlayerA10","html_url":"https://github.com/EpicPlayerA10","followers_url":"https://api.github.com/users/EpicPlayerA10/followers","following_url":"https://api.github.com/users/EpicPlayerA10/following{/other_user}","gists_url":"https://api.github.com/users/EpicPlayerA10/gists{/gist_id}","starred_url":"https://api.github.com/users/EpicPlayerA10/starred{/owner}{/repo}","subscriptions_url":"https://api.github.com/users/EpicPlayerA10/subscriptions","organizations_url":"https://api.github.com/users/EpicPlayerA10/orgs","repos_url":"https://api.github.com/users/EpicPlayerA10/repos","events_url":"https://api.github.com/users/EpicPlayerA10/events{/privacy}","received_events_url":"https://api.github.com/users/EpicPlayerA10/received_events","type":"User","site_admin":false,"contributions":1},{"login":"cravend","id":7117993,"node_id":"MDQ6VXNlcjcxMTc5OTM=","avatar_url":"https://avatars.githubusercontent.com/u/7117993?v=4","gravatar_id":"","url":"https://api.github.com/users/cravend","html_url":"https://github.com/cravend","followers_url":"https://api.github.com/users/cravend/followers","following_url":"https://api.github.com/users/cravend/following{/other_user}","gists_url":"https://api.github.com/users/cravend/gists{/gist_id}","starred_url":"https://api.github.com/users/cravend/starred{/owner}{/repo}","subscriptions_url":"https://api.github.com/users/cravend/subscriptions","organizations_url":"https://api.github.com/users/cravend/orgs","repos_url":"https://api.github.com/users/cravend/repos","events_url":"https://api.github.com/users/cravend/events{/privacy}","received_events_url":"https://api.github.com/users/cravend/received_events","type":"User","site_admin":false,"contributions":1},{"login":"cfrikke","id":143611879,"node_id":"U_kgDOCI9X5w","avatar_url":"https://avatars.githubusercontent.com/u/143611879?v=4","gravatar_id":"","url":"https://api.github.com/users/cfrikke","html_url":"https://github.com/cfrikke","followers_url":"https://api.github.com/users/cfrikke/followers","following_url":"https://api.github.com/users/cfrikke/following{/other_user}","gists_url":"https://api.github.com/users/cfrikke/gists{/gist_id}","starred_url":"https://api.github.com/users/cfrikke/starred{/owner}{/repo}","subscriptions_url":"https://api.github.com/users/cfrikke/subscriptions","organizations_url":"https://api.github.com/users/cfrikke/orgs","repos_url":"https://api.github.com/users/cfrikke/repos","events_url":"https://api.github.com/users/cfrikke/events{/privacy}","received_events_url":"https://api.github.com/users/cfrikke/received_events","type":"User","site_admin":false,"contributions":1},{"login":"BurningBrimstone","id":58698520,"node_id":"MDQ6VXNlcjU4Njk4NTIw","avatar_url":"https://avatars.githubusercontent.com/u/58698520?v=4","gravatar_id":"","url":"https://api.github.com/users/BurningBrimstone","html_url":"https://github.com/BurningBrimstone","followers_url":"https://api.github.com/users/BurningBrimstone/followers","following_url":"https://api.github.com/users/BurningBrimstone/following{/other_user}","gists_url":"https://api.github.com/users/BurningBrimstone/gists{/gist_id}","starred_url":"https://api.github.com/users/BurningBrimstone/starred{/owner}{/repo}","subscriptions_url":"https://api.github.com/users/BurningBrimstone/subscriptions","organizations_url":"https://api.github.com/users/BurningBrimstone/orgs","repos_url":"https://api.github.com/users/BurningBrimstone/repos","events_url":"https://api.github.com/users/BurningBrimstone/events{/privacy}","received_events_url":"https://api.github.com/users/BurningBrimstone/received_events","type":"User","site_admin":false,"contributions":1},{"login":"Budgo","id":43380405,"node_id":"MDQ6VXNlcjQzMzgwNDA1","avatar_url":"https://avatars.githubusercontent.com/u/43380405?v=4","gravatar_id":"","url":"https://api.github.com/users/Budgo","html_url":"https://github.com/Budgo","followers_url":"https://api.github.com/users/Budgo/followers","following_url":"https://api.github.com/users/Budgo/following{/other_user}","gists_url":"https://api.github.com/users/Budgo/gists{/gist_id}","starred_url":"https://api.github.com/users/Budgo/starred{/owner}{/repo}","subscriptions_url":"https://api.github.com/users/Budgo/subscriptions","organizations_url":"https://api.github.com/users/Budgo/orgs","repos_url":"https://api.github.com/users/Budgo/repos","events_url":"https://api.github.com/users/Budgo/events{/privacy}","received_events_url":"https://api.github.com/users/Budgo/received_events","type":"User","site_admin":false,"contributions":1},{"login":"scorninpc","id":2607849,"node_id":"MDQ6VXNlcjI2MDc4NDk=","avatar_url":"https://avatars.githubusercontent.com/u/2607849?v=4","gravatar_id":"","url":"https://api.github.com/users/scorninpc","html_url":"https://github.com/scorninpc","followers_url":"https://api.github.com/users/scorninpc/followers","following_url":"https://api.github.com/users/scorninpc/following{/other_user}","gists_url":"https://api.github.com/users/scorninpc/gists{/gist_id}","starred_url":"https://api.github.com/users/scorninpc/starred{/owner}{/repo}","subscriptions_url":"https://api.github.com/users/scorninpc/subscriptions","organizations_url":"https://api.github.com/users/scorninpc/orgs","repos_url":"https://api.github.com/users/scorninpc/repos","events_url":"https://api.github.com/users/scorninpc/events{/privacy}","received_events_url":"https://api.github.com/users/scorninpc/received_events","type":"User","site_admin":false,"contributions":1},{"login":"Bunnky","id":6545569,"node_id":"MDQ6VXNlcjY1NDU1Njk=","avatar_url":"https://avatars.githubusercontent.com/u/6545569?v=4","gravatar_id":"","url":"https://api.github.com/users/Bunnky","html_url":"https://github.com/Bunnky","followers_url":"https://api.github.com/users/Bunnky/followers","following_url":"https://api.github.com/users/Bunnky/following{/other_user}","gists_url":"https://api.github.com/users/Bunnky/gists{/gist_id}","starred_url":"https://api.github.com/users/Bunnky/starred{/owner}{/repo}","subscriptions_url":"https://api.github.com/users/Bunnky/subscriptions","organizations_url":"https://api.github.com/users/Bunnky/orgs","repos_url":"https://api.github.com/users/Bunnky/repos","events_url":"https://api.github.com/users/Bunnky/events{/privacy}","received_events_url":"https://api.github.com/users/Bunnky/received_events","type":"User","site_admin":false,"contributions":1},{"login":"Angeschossen","id":24841122,"node_id":"MDQ6VXNlcjI0ODQxMTIy","avatar_url":"https://avatars.githubusercontent.com/u/24841122?v=4","gravatar_id":"","url":"https://api.github.com/users/Angeschossen","html_url":"https://github.com/Angeschossen","followers_url":"https://api.github.com/users/Angeschossen/followers","following_url":"https://api.github.com/users/Angeschossen/following{/other_user}","gists_url":"https://api.github.com/users/Angeschossen/gists{/gist_id}","starred_url":"https://api.github.com/users/Angeschossen/starred{/owner}{/repo}","subscriptions_url":"https://api.github.com/users/Angeschossen/subscriptions","organizations_url":"https://api.github.com/users/Angeschossen/orgs","repos_url":"https://api.github.com/users/Angeschossen/repos","events_url":"https://api.github.com/users/Angeschossen/events{/privacy}","received_events_url":"https://api.github.com/users/Angeschossen/received_events","type":"User","site_admin":false,"contributions":1},{"login":"alex-moon","id":799473,"node_id":"MDQ6VXNlcjc5OTQ3Mw==","avatar_url":"https://avatars.githubusercontent.com/u/799473?v=4","gravatar_id":"","url":"https://api.github.com/users/alex-moon","html_url":"https://github.com/alex-moon","followers_url":"https://api.github.com/users/alex-moon/followers","following_url":"https://api.github.com/users/alex-moon/following{/other_user}","gists_url":"https://api.github.com/users/alex-moon/gists{/gist_id}","starred_url":"https://api.github.com/users/alex-moon/starred{/owner}{/repo}","subscriptions_url":"https://api.github.com/users/alex-moon/subscriptions","organizations_url":"https://api.github.com/users/alex-moon/orgs","repos_url":"https://api.github.com/users/alex-moon/repos","events_url":"https://api.github.com/users/alex-moon/events{/privacy}","received_events_url":"https://api.github.com/users/alex-moon/received_events","type":"User","site_admin":false,"contributions":1}]